﻿<?xml version="1.0" encoding="UTF-8" standalone="yes"?>
<addon id="resource.images.skinbackgrounds.norre" name="Skin Hintergründe - TPDesign" version="1.0.0" provider-name="Arkangel74">
	<extension point="kodi.resource.images" compile="false" type="skinbackgrounds" />
	<requires>
		<import addon="kodi.resource" version="1.0.0"/>
	</requires>
	<extension point="xbmc.addon.metadata">
		<summary lang="en">Skin backgrounds Pack - TPDesign</summary>
		<description lang="en">Skin backgrounds Pack - TPDesign</description>
		<summary lang="he">חבילת רקעים - סגנון נקי</summary>
		<description lang="he">חבילת רקעים - סגנון נקי</description>
		<platform>all</platform>
	</extension>
</addon>
