<channels>
 <channels_info>
  <title>Radio-Livestreams</title>
  <link>https://www.ardmediathek.de/radio/live?genre=Alle+Genres&amp;kanal=Alle</link>
  <thumbnail>Icon-ARDRadio.png</thumbnail>
  <date>07.05.2018</date>
  <info>ab 11.10.2017 Ermittlung der Sendernamen via Web ("headline") - Plugin sucht hier das passende Icon</info>
  <info2>das &-Zeichen verstößt zwar gegen den xml-Standard, ist aber kompatibel mit den String-Funktionen im PRG</info2>
 </channels_info>
 
<channel>
<name>ARD</name>
<thumbnail>ard.png</thumbnail>
<fanart></fanart>
<items>
	<item>
		<title>BR</title>
		<link>https://www.ardmediathek.de/radio/live?genre=Alle+Genres&kanal=508</link>
		<thumbnail>radio-br.png</thumbnail>
		<sender>B5 aktuell:radio-b5-aktuell.png|B5 plus:radio-b5-plus.png|Bayern 3:radio-bayern3.png|
			BR Heimat:radio-br-heimat.png|BR-KLASSIK:radio-br-klassik.png|Bayern 1:radio-bayern1.png|
			Bayern 2:radio-bayern2.png|Bayern plus:radio-bayern-plus.png|PULS:radio-br-puls.png</sender>
		<thumblist></thumblist>
	</item>
	<item>
		<title>HR</title>
		<link>https://www.ardmediathek.de/radio/live?genre=Alle+Genres&kanal=750</link>
		<thumbnail>radio-hr.png</thumbnail>
		<sender>hr-iNFO:radio-hr-info.png|hr1:radio-hr1.png|hr2-kultur:radio-hr2.png|
			hr3:radio-hr3.png|hr4:radio-hr4.png|YOU-FM:radio-you-fm.png</sender>			
		<thumblist></thumblist>
	</item>
	<item>
		<title>mdr</title>
		<link>https://www.ardmediathek.de/radio/live?genre=Alle+Genres&kanal=620</link>
		<thumbnail>radio-mdr.png</thumbnail>
		<sender>MDR AKTUELL:radio-mdr-aktuell.png|MDR JUMP:radio-mdr-jump.png|MDR KLASSIK:radio-mdr-klassik.png|
			MDR KULTUR:radio-mdr-kultur.png|MDR SACHSEN:radio-mdr1-sachsen.png|MDR Sachsen-Anhalt:radio-mdr1-sachsen-anhalt.png|
			MDR SCHLAGERWELT:radio-mdr-schlagerwelt.png|MDR SPUTNIK:radio-mdr-sputnik.png|MDR THÜRINGEN:radio-mdr1-thueringen.png</sender>			
		<thumblist></thumblist>
	</item>
	<item>
		<title>NDR</title>
		<link>https://www.ardmediathek.de/radio/live?genre=Alle+Genres&kanal=680</link>
		<thumbnail>radio-ndr.png</thumbnail>
		<sender>NDR Blue:radio-ndr-blue.png|NDR Info:radio-ndr-info.png|NDR Info Spezial:radio-ndr-info-spezial.png|
			NDR Kultur:radio-ndr-kultur.png|NDR Plus:radio-ndr-plus.png|NDR 1 Niedersachsen:radio-ndr1-niedersachsen.png|
			NDR 1 Radio MV:radio-ndr1-radio-mv.png|NDR 1 Welle Nord:radio-ndr1-welle-nord.png|
			NDR 2:radio-ndr2.png|N-JOY:radio-njoy.png|NDR 90,3:radio-ndr-903.png</sender>					
		<thumblist></thumblist>
	</item>
	<item>
		<title>Radio Bremen</title>
		<link>https://www.ardmediathek.de/radio/live?genre=Alle+Genres&kanal=1116</link>
		<thumbnail>radio-radio-bremen.png</thumbnail>
		<sender>Bremen Eins:radio-bremen-eins.png|bremen NEXT:radio-bremen-next.png|
			Bremen Vier:radio-bremen-vier.png|Bremen Zwei:radio-bremen-zwei.png</sender>			
		<thumblist></thumblist>
	</item>
	<item>
		<title>RBB</title>
		<link>https://www.ardmediathek.de/radio/live?genre=Alle+Genres&kanal=570</link>
		<thumbnail>radio-rbb.png</thumbnail>
		<sender>Antenne Brandenburg:radio-antenne-brandenburg.png|Fritz:radio-rbb-fritz.png|Inforadio:radio-rbb-inforadio.png|
			kulturradio:radio-rbb-kulturradio.png|radioBERLIN 88,8:radio-rbb-radio-berlin.png|radioeins:radio-rbb-radio-eins.png</sender>			
		<thumblist></thumblist>
	</item>
	<item>
		<title>SR</title>
		<link>https://www.ardmediathek.de/radio/live?genre=Alle+Genres&kanal=1128</link>
		<thumbnail>radio-sr.png</thumbnail>
		<sender>AntenneSaar:radio-antennesaar.png|SR 1:radio-sr1.png|SR 2 KulturRadio:radio-sr2.png|
			SR 3 Saarlandwelle:radio-sr3.png|103.7 UnserDing:radio-unser-ding.png</sender>	
		<thumblist></thumblist>
	</item>
	<item>
		<title>SWR</title>
		<link>https://www.ardmediathek.de/radio/live?genre=Alle+Genres&kanal=728</link>
		<thumbnail>radio-swr.png</thumbnail>
		<sender>DASDING:radio-dasding.png|SWR Aktuell:radio-swr-info.png|SWR1:radio-swr1.png|
			SWR1:radio-swr1.png|SWR2:radio-swr2.png|SWR3:radio-swr3.png|
			SWR4:radio-swr4.png|SWR4 Rheinland-Pfalz:radio-swr4.png</sender>
		<thumblist></thumblist>
	</item>
	<item>
		<title>WDR</title>
		<link>https://www.ardmediathek.de/radio/live?genre=Alle+Genres&kanal=638</link>
		<thumbnail>radio-wdr.png</thumbnail>
		<sender>Cosmo:radio-wdr-cosmo.png|WDR Event:radio-wdr-event.png|WDR 2:radio-wdr2.png|
			WDR 3:radio-wdr3.png|WDR 4:radio-wdr4.png|WDR 5:radio-wdr5.png|KiRaKa:radio-kiraka.png|
			1LIVE:radio-wdr-1live.png|1LIVE diggi:radio-wdr-1live-diggi.png</sender>	
		<thumblist></thumblist>
	</item>
	<item>
		<title>Deutschlandradio</title>
		<link>https://www.ardmediathek.de/radio/live?genre=Alle+Genres&kanal=21475696</link>
		<thumbnail>radio-dradio.png</thumbnail>
		<sender>Deutschlandfunk Kultur:radio-dradio-kultur.png|Deutschlandfunk:radio-deutschlandfunk.png|
			Deutschlandfunk Nova:radio-dradio-nova.png</sender>		
		<thumblist></thumblist>
	</item>
</items>
</channel>
</channels>
