<?xml version="1.0" encoding="UTF-8"?>
<window id="1151" type="dialog">
    <defaultcontrol always="true">36110</defaultcontrol>
	<backgroundcolor>grey3</backgroundcolor>
    <onload>RunScript(script.skinhelper.ping)</onload>
    <onunload>RunScript(script.skinhelper.ping)</onunload>
    <onunload>ClearProperty(HomeButton)</onunload>
    <controls>
        <include>BlackBack</include>
        <control type="group" id="576757">
            <include>openclosebox</include>
            <left>352</left>
            <top>90</top>
            <width>1215</width>
            <height>900</height>
            <control type="image">
                <description>background image</description>
                <left>0</left>
                <top>0</top>
                <width>1215</width>
                <height>900</height>
                <texture border="1">BlackBack.png</texture>
            </control>
            <control type="image">
                <description>background image</description>
                <left>0</left>
                <top>0</top>
                <width>1215</width>
                <height>900</height>
                <colordiffuse>grey1</colordiffuse>
                <texture border="1">WhiteBack.png</texture>
            </control>
            <control type="image">
                <description>background image</description>
                <left>15</left>
                <top>15</top>
                <width>1185</width>
                <height>870</height>
                <texture border="1">WhiteBack.png</texture>
            </control>
            <control type="label">
                <description>header label</description>
                <left>60</left>
                <top>22</top>
                <width>1095</width>
                <height>45</height>
                <font>impacted21</font>
                <label>WOL</label>
                <align>center</align>
                <aligny>center</aligny>
                <textcolor>grey2</textcolor>
            </control>
            <control type="image">
                <description>background image</description>
                <left>15</left>
                <top>72</top>
                <width>1185</width>
                <height>60</height>
                <colordiffuse>grey2</colordiffuse>
                <texture border="1">WhiteBack.png</texture>
            </control>
            <control type="grouplist">
                <left>870</left>
                <top>555</top>
                <width>330</width>
                <height>330</height>
                <control type="image">
                    <description>background image</description>
                    <width>450</width>
                    <height>450</height>
                    <aspectratio align="left">keep</aspectratio>
                    <colordiffuse>grey1</colordiffuse>
                    <texture border="1">Design-Earthicon.png</texture>
                </control>
            </control>
            <!-- <control type="label">
                <description>Title label</description>
                <left>38</left>
                <top>78</top>
                <width>1185</width>
                <label>[UPPERCASE]$VAR[WidgetPropertyLabel][/UPPERCASE]</label>
                <align>left</align>
                <scroll>false</scroll>
            </control> -->
            <control type="list" id="36110">
                <left>50</left>
                <top>160</top>
                <width>1110</width>
                <height>100%</height>
				<orientation>vertical</orientation>
				<itemlayout height="55" width="1110">
					<control type="image">
						<left>1070</left>
						<top>8</top>
						<width>30</width>
						<height>40</height>
						<aspectratio align="right">keep</aspectratio>
						<texture>OverlayWatched.png</texture>
						<visible>String.IsEqual(ListItem.Label2,on)</visible>
					</control>
					<control type="label">
						<left>10</left>
						<top>8</top>
						<width>1090</width>
						<height>40</height>
						<textcolor>grey3</textcolor>
						<label>$INFO[ListItem.Property(number)]$INFO[ListItem.Label]</label>
					</control>
				</itemlayout>
				<focusedlayout height="55" width="1110">
					<control type="image">
						<left>0</left>
						<top>0</top>
						<width>1110</width>
						<height>56</height>
						<texture border="5">buttons/ButtonFO.png</texture>
					</control>
					<control type="image">
						<left>1070</left>
						<top>8</top>
						<width>30</width>
						<height>40</height>
						<aspectratio align="right">keep</aspectratio>
						<texture>OverlayWatched.png</texture>
						<visible>String.IsEqual(ListItem.Label2,on)</visible>
					</control>
					<control type="label">
						<left>10</left>
						<top>8</top>
						<width>1090</width>
						<height>40</height>
						<textcolor>black</textcolor>
						<label>$INFO[ListItem.Property(number)]$INFO[ListItem.Label]</label>
					</control>
				</focusedlayout>
				<content>
					<item id="1">
						<description>WOL Button 1</description>
						<property name="number">1. </property>
						<property name="name">$INFO[Window(Home).Property(SkinHelperPING.servername1)]</property>
						<property name="ip">$INFO[Window(Home).Property(SkinHelperPING.ip1)]</property>
						<property name="mac">$INFO[Window(Home).Property(SkinHelperPING.mac1)]</property>
						<label>$INFO[Window(Home).Property(SkinHelperPING.servername1)]</label>
						<label2>$INFO[Window(Home).Property(SkinHelperPING.server1)]</label2>
						<onclick condition="!String.IsEmpty(Window(Home).Property(SkinHelperPING.mac1))">RunScript(script.skinhelper.ping,wol1)</onclick>
						<onclick>Notification($INFO[Window(Home).Property(SkinHelperPING.servername1)],$LOCALIZE[51571],3000)</onclick>
					</item>
					<item id="2">
						<description>WOL Button 2</description>
						<property name="number">2. </property>
						<property name="name">$INFO[Window(Home).Property(SkinHelperPING.servername2)]</property>
						<property name="ip">$INFO[Window(Home).Property(SkinHelperPING.ip2)]</property>
						<property name="mac">$INFO[Window(Home).Property(SkinHelperPING.mac2)]</property>
						<label>$INFO[Window(Home).Property(SkinHelperPING.servername2)]</label>
						<label2>$INFO[Window(Home).Property(SkinHelperPING.server2)]</label2>
						<onclick condition="!String.IsEmpty(Window(Home).Property(SkinHelperPING.mac2))">RunScript(script.skinhelper.ping,wol2)</onclick>
						<onclick>Notification($INFO[Window(Home).Property(SkinHelperPING.servername2)],$LOCALIZE[51571],3000)</onclick>
					</item>
					<item id="3">
						<description>WOL Button 3</description>
						<property name="number">3. </property>
						<property name="name">$INFO[Window(Home).Property(SkinHelperPING.servername3)]</property>
						<property name="ip">$INFO[Window(Home).Property(SkinHelperPING.ip3)]</property>
						<property name="mac">$INFO[Window(Home).Property(SkinHelperPING.mac3)]</property>
						<label>$INFO[Window(Home).Property(SkinHelperPING.servername3)]</label>
						<label2>$INFO[Window(Home).Property(SkinHelperPING.server3)]</label2>
						<onclick condition="!String.IsEmpty(Window(Home).Property(SkinHelperPING.mac3))">RunScript(script.skinhelper.ping,wol3)</onclick>
						<onclick>Notification($INFO[Window(Home).Property(SkinHelperPING.servername3)],$LOCALIZE[51571],3000)</onclick>
					</item>
					<item id="4">
						<description>WOL Button 4</description>
						<property name="number">4. </property>
						<property name="name">$INFO[Window(Home).Property(SkinHelperPING.servername4)]</property>
						<property name="ip">$INFO[Window(Home).Property(SkinHelperPING.ip4)]</property>
						<property name="mac">$INFO[Window(Home).Property(SkinHelperPING.mac4)]</property>
						<label>$INFO[Window(Home).Property(SkinHelperPING.servername4)]</label>
						<label2>$INFO[Window(Home).Property(SkinHelperPING.server4)]</label2>
						<onclick condition="!String.IsEmpty(Window(Home).Property(SkinHelperPING.mac4))">RunScript(script.skinhelper.ping,wol4)</onclick>
						<onclick>Notification($INFO[Window(Home).Property(SkinHelperPING.servername4)],$LOCALIZE[51571],3000)</onclick>
					</item>
					<item id="5">
						<description>WOL Button 5</description>
						<property name="number">5. </property>
						<property name="name">$INFO[Window(Home).Property(SkinHelperPING.servername5)]</property>
						<property name="ip">$INFO[Window(Home).Property(SkinHelperPING.ip5)]</property>
						<property name="mac">$INFO[Window(Home).Property(SkinHelperPING.mac5)]</property>
						<label>$INFO[Window(Home).Property(SkinHelperPING.servername5)]</label>
						<label2>$INFO[Window(Home).Property(SkinHelperPING.server5)]</label2>
						<onclick condition="!String.IsEmpty(Window(Home).Property(SkinHelperPING.mac5))">RunScript(script.skinhelper.ping,wol5)</onclick>
						<onclick>Notification($INFO[Window(Home).Property(SkinHelperPING.servername5)],$LOCALIZE[51571],3000)</onclick>
					</item>
					<item id="6">
						<description>WOL Button All</description>
						<label>Alle starten $INFO[Window(Home).Property(SkinHelperPING.servercount),(,)]</label>
						<onclick condition="!String.IsEmpty(Window(Home).Property(SkinHelperPING.mac1))">RunScript(script.skinhelper.ping,wol1)</onclick>
						<onclick condition="!String.IsEmpty(Window(Home).Property(SkinHelperPING.mac2))">RunScript(script.skinhelper.ping,wol2)</onclick>
						<onclick condition="!String.IsEmpty(Window(Home).Property(SkinHelperPING.mac3))">RunScript(script.skinhelper.ping,wol3)</onclick>
						<onclick condition="!String.IsEmpty(Window(Home).Property(SkinHelperPING.mac4))">RunScript(script.skinhelper.ping,wol4)</onclick>
						<onclick condition="!String.IsEmpty(Window(Home).Property(SkinHelperPING.mac5))">RunScript(script.skinhelper.ping,wol5)</onclick>
						<onclick>Notification(- $INFO[Window(Home).Property(SkinHelperPING.servername1),, - ]$INFO[Window(Home).Property(SkinHelperPING.servername2),, - ]$INFO[Window(Home).Property(SkinHelperPING.servername3),, - ]$INFO[Window(Home).Property(SkinHelperPING.servername4),, - ]$INFO[Window(Home).Property(SkinHelperPING.servername5)],$LOCALIZE[51571],6000)</onclick>
						<visible>Integer.IsGreater(Window(Home).Property(SkinHelperPING.servercount),1)</visible>
					</item>
					<item id="7">
						<description>Settings Button</description>
						<label>5</label>
						<onclick>Addon.OpenSettings(script.skinhelper.ping)</onclick>
					</item>
					<item id="8">
						<description>Refresh Button</description>
						<label>aktualisieren</label>
						<onclick>RunScript(script.skinhelper.ping)</onclick>
					</item>
				</content>
            </control>
			<control type="image">
				<left>50</left>
				<top>620</top>
				<width>1110</width>
				<height>2</height>
				<texture>Separator1.png</texture>
			</control>
			<control type="grouplist">
				<left>50</left>
				<top>640</top>
				<width>1110</width>
				<height>300</height>
				<itemgap>10</itemgap>
				<control type="label">
					<left>0</left>
					<top>0</top>
					<width>1110</width>
					<height>40</height>
					<textcolor>grey3</textcolor>
					<label>$INFO[Container(36110).ListItem.Property(name),Name: ,]</label>
				</control>
				<control type="label">
					<left>0</left>
					<top>0</top>
					<width>1110</width>
					<height>40</height>
					<textcolor>grey3</textcolor>
					<label>$INFO[Container(36110).ListItem.Property(ip),IP: ,]</label>
				</control>
				<control type="label">
					<left>0</left>
					<top>0</top>
					<width>1110</width>
					<height>40</height>
					<textcolor>grey3</textcolor>
					<label>$INFO[Container(36110).ListItem.Property(mac),MAC: ,]</label>
				</control>
			</control>
        </control>
    </controls>
</window>
