<?xml version="1.0" encoding="utf-8"?>
<window type="dialog" id="1104">
	<defaultcontrol always="true">11000</defaultcontrol>
	<include>Animation_DialogPopupOpenClose</include>
	<controls>
		<control type="group">
			<centerleft>50%</centerleft>
			<height>460</height>
			<centertop>50%</centertop>
			<width>700</width>
			<visible>!Window.IsActive(DialogSettings.xml) + !Window.IsActive(DialogSlider.xml) + !Window.IsActive(GameVideoFilter) + !Window.IsActive(GameViewMode) + !Window.IsActive(GameControllers) + !Window.IsActive(GameVideoRotation)</visible>
			<animation effect="fade" time="200">VisibleChange</animation>
			<control type="image">
				<left>-10</left>
				<top>-10</top>
				<width>740</width>
				<height>420</height>
				<colordiffuse>$VAR[BackgroundOverlayColorDialog]</colordiffuse>
				<texture>WhiteBack.png</texture>
			</control>
            <include content="DialogInfoBackgroundParam">
                <param name="DialogBackgroundLeft" value="0" />
                <param name="DialogBackgroundTop" value="0" />
                <param name="DialogBackgroundWidth" value="720" />
                <param name="DialogBackgroundHeight" value="400" />
                <param name="DialogSeparatorTop" value="60" />
                <param name="DialogSeparatorBottom" value="400" />
                <param name="DialogShadowTop" value="1" />
                <param name="DialogHeaderLabel" value="$LOCALIZE[35221]" />
                <param name="DialogHeaderTop" value="8" />
                <param name="DialogHeaderId" value="1" />
            </include>
			<control type="group" id="11000">
				<left>10</left>
				<top>75</top>
				<!-- <control type="grouplist" id="11100">
					<visible>String.IsEqual(window(home).Property(settingslist_content),osd)</visible>
					<width>700</width>
					<height>420</height>
					<itemgap>0</itemgap>
					<onup>11100</onup>
					<ondown>11100</ondown>
					<orientation>vertical</orientation>
					<control type="button" id="11111">
						<width>700</width>
						<textcolor>white</textcolor>
						<focusedcolor>black</focusedcolor>
						<include>dialogbutton_popup</include>
						<label>$LOCALIZE[13396]</label>
						<onclick>ActivateWindow(osdaudiosettings)</onclick>
					</control>
					<control type="button" id="11106">
						<width>700</width>
						<textcolor>white</textcolor>
						<focusedcolor>black</focusedcolor>
						<include>dialogbutton_popup</include>
						<label>$LOCALIZE[24133]</label>
						<onclick>ActivateWindow(osdsubtitlesettings)</onclick>
					</control>
					<control type="button" id="11102">
						<width>700</width>
						<include>dialogbutton_popup</include>
						<label>$LOCALIZE[13395]</label>
						<onclick>ActivateWindow(osdvideosettings)</onclick>
					</control>
					<control type="button" id="11103">
						<width>700</width>
						<textcolor>white</textcolor>
						<focusedcolor>black</focusedcolor>
						<include>dialogbutton_popup</include>
						<label>$LOCALIZE[36560]</label>
						<onclick>ActivateWindow(osdcmssettings)</onclick>
						<visible>System.HasCMS</visible>
					</control>
					<control type="button" id="11104">
						<width>700</width>
						<textcolor>white</textcolor>
						<focusedcolor>black</focusedcolor>
						<include>dialogbutton_popup</include>
						<label>$LOCALIZE[31112]</label>
						<label2>[B]$INFO[VideoPlayer.AudioLanguage][/B]</label2>
						<onclick>AudioNextLanguage</onclick>
					</control>
					<control type="button" id="11105">
						<width>700</width>
						<textcolor>white</textcolor>
						<focusedcolor>black</focusedcolor>
						<include>dialogbutton_popup</include>
						<label>$LOCALIZE[31132]</label>
						<onclick>PlayerProgramSelect</onclick>
						<visible>Player.HasPrograms</visible>
					</control>
					<control type="button" id="11107">
						<width>700</width>
						<textcolor>white</textcolor>
						<focusedcolor>black</focusedcolor>
						<include>dialogbutton_popup</include>
						<label>$LOCALIZE[31133]</label>
						<onclick>PlayerResolutionSelect</onclick>
						<visible>Player.HasResolutions</visible>
					</control>
				</control>
				<control type="grouplist" id="13100">
					<visible>String.IsEqual(window(home).Property(settingslist_content),3d)</visible>
					<width>700</width>
					<height>360</height>
					<itemgap>0</itemgap>
					<onup>13100</onup>
					<ondown>13100</ondown>
					<orientation>vertical</orientation>
					<control type="radiobutton" id="13101">
						<width>700</width>
						<textcolor>white</textcolor>
						<focusedcolor>black</focusedcolor>
						<include>dialogbutton_popup</include>
						<radioposx>590</radioposx>
						<label>$LOCALIZE[24022]</label>
						<onclick>ToggleStereoMode</onclick>
						<selected>Integer.IsGreater(System.StereoscopicMode,0)</selected>
					</control>
					<control type="button" id="13102">
						<width>700</width>
						<textcolor>white</textcolor>
						<focusedcolor>black</focusedcolor>
						<include>dialogbutton_popup</include>
						<label>$LOCALIZE[31004]</label>
						<label2>[B]$INFO[VideoPlayer.StereoscopicMode][/B]</label2>
						<onclick>StereoMode</onclick>
					</control>
					<control type="radiobutton" id="13103">
						<width>700</width>
						<textcolor>white</textcolor>
						<focusedcolor>black</focusedcolor>
						<include>dialogbutton_popup</include>
						<radioposx>590</radioposx>
						<label>$LOCALIZE[31005]</label>
						<onclick>StereoModeToMono</onclick>
						<selected>Integer.IsEqual(System.StereoscopicMode,9)</selected>
					</control>
				</control> -->
				<control type="grouplist" id="14100">
					<defaultcontrol always="true">14101</defaultcontrol>
					<visible>String.IsEqual(window(home).Property(settingslist_content),games)</visible>
					<width>700</width>
					<height>430</height>
					<itemgap>0</itemgap>
					<onup>14100</onup>
					<ondown>14100</ondown>
					<orientation>vertical</orientation>
					<control type="button" id="14101">
						<description>Video filter button</description>
						<width>700</width>
						<textcolor>white</textcolor>
						<focusedcolor>black</focusedcolor>
						<include>dialogbutton_popup</include>
						<label>$LOCALIZE[35225]</label>
						<onclick>ActivateWindow(GameVideoFilter)</onclick>
					</control>
					<control type="button" id="14102">
						<description>Stretch mode button</description>
						<width>700</width>
						<textcolor>white</textcolor>
						<focusedcolor>black</focusedcolor>
						<include>dialogbutton_popup</include>
						<label>$LOCALIZE[35233]</label>
						<onclick>ActivateWindow(GameViewMode)</onclick>
					</control>
					<control type="button" id="14106">
						<description>Video rotation button</description>
						<width>700</width>
						<textcolor>white</textcolor>
						<focusedcolor>black</focusedcolor>
						<include>dialogbutton_popup</include>
						<label>$LOCALIZE[35227]</label>
						<onclick>ActivateWindow(GameVideoRotation)</onclick>
					</control>
					<control type="button" id="14104">
						<description>Volume button</description>
						<width>700</width>
						<textcolor>white</textcolor>
						<focusedcolor>black</focusedcolor>
						<include>dialogbutton_popup</include>
						<label>$LOCALIZE[13376]</label>
						<label2>Select + Right Stick</label2>
						<onclick>ActivateWindow(GameVolume)</onclick>
					</control>
					<control type="button" id="14103">
						<description>Controller settings button</description>
						<width>700</width>
						<textcolor>white</textcolor>
						<focusedcolor>black</focusedcolor>
						<include>dialogbutton_popup</include>
						<label>$LOCALIZE[35234]</label>
						<onclick>ActivateWindow(GameControllers)</onclick>
					</control>
					<control type="button" id="14105">
						<description>Advanced settings</description>
						<width>700</width>
						<textcolor>white</textcolor>
						<focusedcolor>black</focusedcolor>
						<include>dialogbutton_popup</include>
						<label>$LOCALIZE[35226]</label>
						<onclick>ActivateWindow(GameAdvancedSettings)</onclick>
					</control>
				</control>
			</control>
		</control>
	</controls>
</window>
