<?xml version="1.0" encoding="UTF-8"?>
<window id="1101" type="dialog">
    <defaultcontrol always="true">1101</defaultcontrol>
    <onunload>ClearProperty(HomeButton)</onunload>
    <controls>
        <include>BlackBack</include>
        <control type="group" id="576757">
            <include>openclosebox</include>
            <left>352</left>
            <top>315</top>
            <width>1215</width>
            <height>900</height>
            <control type="image">
                <description>background image</description>
                <left>0</left>
                <top>0</top>
                <width>1215</width>
                <height>450</height>
                <colordiffuse>grey1</colordiffuse>
                <texture border="1">WhiteBack.png</texture>
            </control>
            <control type="image">
                <description>background image</description>
                <left>15</left>
                <top>15</top>
                <width>1185</width>
                <height>420</height>
                <texture border="1">WhiteBack.png</texture>
            </control>
            <control type="label">
                <description>header label</description>
                <left>60</left>
                <top>22</top>
                <width>1095</width>
                <height>45</height>
                <font>impacted21</font>
                <label>Artist Infos</label>
                <align>center</align>
                <aligny>center</aligny>
                <textcolor>grey2</textcolor>
            </control>
            <!-- <control type="image">
				<description>background image</description>
				<left>10</left>
				<top>48</top>
				<width>790</width>
				<height>40</height>
				<colordiffuse>grey2</colordiffuse>
				<texture border="1">WhiteBack.png</texture>
			</control> -->
            <control type="grouplist">
                <left>870</left>
                <top>105</top>
                <width>330</width>
                <height>330</height>
                <control type="image">
                    <description>background image</description>
                    <width>450</width>
                    <height>450</height>
                    <aspectratio align="left">keep</aspectratio>
                    <colordiffuse>grey1</colordiffuse>
                    <texture border="1">Design-Scripticon.png</texture>
                </control>
            </control>
            <control type="label">
                <description>Title label</description>
                <left>38</left>
                <top>78</top>
                <width>1185</width>
                <label>[UPPERCASE]$VAR[WidgetPropertyLabel][/UPPERCASE]</label>
                <align>left</align>
                <scroll>false</scroll>
            </control>
            <control type="grouplist" id="1101">
                <left>45</left>
                <top>150</top>
                <width>1110</width>
                <height>870</height>
                <control type="radiobutton" id="10">
                    <description>Artist Info</description>
                    <width>1110</width>
                    <height>52</height>
                    <align>left</align>
                    <label>Artist Biografie</label>
                    <textcolor>grey3</textcolor>
                    <texturenofocus/>
                    <onclick>Skin.ToggleSetting(artistslideshow_artistinfos_bio)</onclick>
                    <selected>Skin.HasSetting(artistslideshow_artistinfos_bio)</selected>
                </control>
                <control type="radiobutton" id="11">
                    <description>Artist Info</description>
                    <width>1110</width>
                    <height>52</height>
                    <align>left</align>
                    <label>Artist Diskografie</label>
                    <textcolor>grey3</textcolor>
                    <texturenofocus/>
                    <onclick>Skin.ToggleSetting(artistslideshow_artistinfos_albums)</onclick>
                    <selected>Skin.HasSetting(artistslideshow_artistinfos_albums)</selected>
                </control>
                <control type="radiobutton" id="12">
                    <description>Artist Info</description>
                    <width>1110</width>
                    <height>52</height>
                    <align>left</align>
                    <label>ähnliche Künstler</label>
                    <textcolor>grey3</textcolor>
                    <texturenofocus/>
                    <onclick>Skin.ToggleSetting(artistslideshow_artistinfos_similar)</onclick>
                    <selected>Skin.HasSetting(artistslideshow_artistinfos_similar)</selected>
                </control>
            </control>
        </control>
    </controls>
</window>
