<?xml version="1.0" encoding="UTF-8"?>
<window id="1500" type="dialog">
    <defaultcontrol always="true">36100</defaultcontrol>
	<backgroundcolor>grey3</backgroundcolor>
    <onunload>ClearProperty(HomeButton)</onunload>
    <controls>
        <include>BlackBack</include>
        <control type="group" id="576757">
            <include>openclosebox</include>
            <left>352</left>
            <top>90</top>
            <width>1215</width>
            <height>900</height>
            <control type="image">
                <description>background image</description>
                <left>0</left>
                <top>0</top>
                <width>1215</width>
                <height>900</height>
                <colordiffuse>grey1</colordiffuse>
                <texture border="1">WhiteBack.png</texture>
            </control>
            <control type="image">
                <description>background image</description>
                <left>15</left>
                <top>15</top>
                <width>1185</width>
                <height>870</height>
                <texture border="1">WhiteBack.png</texture>
            </control>
            <control type="label">
                <description>header label</description>
                <left>60</left>
                <top>22</top>
                <width>1095</width>
                <height>45</height>
                <font>impacted21</font>
                <label>$LOCALIZE[22080] dein Widget</label>
                <align>center</align>
                <aligny>center</aligny>
                <textcolor>grey2</textcolor>
            </control>
            <control type="image">
                <description>background image</description>
                <left>15</left>
                <top>72</top>
                <width>1185</width>
                <height>60</height>
                <colordiffuse>grey2</colordiffuse>
                <texture border="1">WhiteBack.png</texture>
            </control>
            <control type="grouplist">
                <left>870</left>
                <top>555</top>
                <width>330</width>
                <height>330</height>
                <control type="image">
                    <description>background image</description>
                    <width>450</width>
                    <height>450</height>
                    <aspectratio align="left">keep</aspectratio>
                    <colordiffuse>grey1</colordiffuse>
                    <texture border="1">Design-Scripticon.png</texture>
                </control>
            </control>
            <control type="label">
                <description>Title label</description>
                <left>38</left>
                <top>78</top>
                <width>1185</width>
                <label>[UPPERCASE]$VAR[WidgetPropertyLabel][/UPPERCASE]</label>
                <align>left</align>
                <scroll>false</scroll>
            </control>
            <control type="grouplist" id="36100"> <!-- music -->
                <left>45</left>
                <top>188</top>
                <width>1110</width>
                <height>870</height>
                <height>675</height>
                <itemgap>3</itemgap>
                <visible>String.IsEqual(Window(Home).Property(HomeButton),music)</visible>
                <control type="radiobutton" id="6">
                    <include>dialogbutton_popup</include>
                    <label>$LOCALIZE[51591]</label>
                    <onclick>Skin.ToggleSetting(Widget_inProgress_music_Place1)</onclick>
                    <selected>Skin.HasSetting(Widget_inProgress_music_Place1)</selected>
					<visible>!Skin.HasSetting(HomeMenuNoMusicButton)+!Skin.HasSetting(Home_Music_Button)</visible>
					<enable>!Skin.HasSetting(Widget_RecommendedAlbums)</enable>
                </control>
                <control type="radiobutton" id="7">
                    <include>dialogbutton_popup</include>
                    <label>$LOCALIZE[590] $LOCALIZE[36919]</label>
                    <onclick>Skin.Reset(Widget_RecommendedSongs)</onclick>
                    <onclick>Skin.Reset(Widget_RecentAlbums)</onclick>
                    <onclick>Skin.Reset(Widget_RecommendedAlbums)</onclick>
                    <onclick>Skin.Reset(Widget_RandomSongs)</onclick>
                    <onclick>Skin.ToggleSetting(Widget_RandomAlbums)</onclick>
                    <selected>Skin.HasSetting(Widget_RandomAlbums)</selected>
					<visible>!Skin.HasSetting(HomeMenuNoMusicButton)+!Skin.HasSetting(Home_Music_Button)</visible>
                </control>
                <control type="radiobutton" id="8">
                    <include>dialogbutton_popup</include>
                    <label>$LOCALIZE[590] $LOCALIZE[36921]</label>
                    <onclick>Skin.Reset(Widget_RecentAlbums)</onclick>
                    <onclick>Skin.Reset(Widget_RecommendedAlbums)</onclick>
                    <onclick>Skin.Reset(Widget_RandomAlbums)</onclick>
                    <onclick>Skin.ToggleSetting(Widget_RandomSongs)</onclick>
                    <selected>Skin.HasSetting(Widget_RandomSongs)</selected>
					<visible>!Skin.HasSetting(HomeMenuNoMusicButton)+!Skin.HasSetting(Home_Music_Button)</visible>
                </control>
                <control type="radiobutton" id="9">
                    <include>dialogbutton_popup</include>
                    <label>$LOCALIZE[517]</label>
                    <onclick>Skin.Reset(Widget_RandomAlbums)</onclick>
                    <onclick>Skin.Reset(Widget_RecentAlbums)</onclick>
                    <onclick>Skin.Reset(Widget_RandomSongs)</onclick>
                    <onclick>Skin.ToggleSetting(Widget_RecommendedAlbums)</onclick>
                    <selected>Skin.HasSetting(Widget_RecommendedAlbums)</selected>
					<visible>!Skin.HasSetting(HomeMenuNoMusicButton)+!Skin.HasSetting(Home_Music_Button)</visible>
                </control>
                <control type="radiobutton" id="10">
                    <include>dialogbutton_popup</include>
                    <label>$LOCALIZE[359]</label>
                    <onclick>Skin.Reset(Widget_RandomAlbums)</onclick>
                    <onclick>Skin.Reset(Widget_RecommendedAlbums)</onclick>
                    <onclick>Skin.Reset(Widget_RandomSongs)</onclick>
                    <onclick>Skin.ToggleSetting(Widget_RecentAlbums)</onclick>
                    <selected>Skin.HasSetting(Widget_RecentAlbums)</selected>
					<visible>!Skin.HasSetting(HomeMenuNoMusicButton)+!Skin.HasSetting(Home_Music_Button)</visible>
                </control>
                <control type="radiobutton" id="11">
                    <include>dialogbutton_popup</include>
                    <label>Widget - $LOCALIZE[409]</label>
                    <onclick>Skin.ToggleSetting(HomeWidget_Music_Standard)</onclick>
                    <onclick>Skin.Reset(HomeWidget_Music_User)</onclick>
                    <selected>Skin.HasSetting(HomeWidget_Music_Standard)</selected>
					<visible>!Skin.HasSetting(HomeMenuNoMusicButton)+Skin.HasSetting(Home_Music_Button)</visible>
                </control>
                <control type="radiobutton" id="12">
                    <include>dialogbutton_popup</include>
                    <label>Widget - $LOCALIZE[636]</label>
                    <onclick>Skin.ToggleSetting(HomeWidget_Music_User)</onclick>
                    <onclick>Skin.Reset(HomeWidget_Music_Standard)</onclick>
                    <selected>Skin.HasSetting(HomeWidget_Music_User)</selected>
					<visible>!Skin.HasSetting(HomeMenuNoMusicButton)+Skin.HasSetting(Home_Music_Button)</visible>
                </control>
                <control type="button" id="13">
                    <include>dialogbutton_popup</include>
					<label>- $LOCALIZE[21899]</label>
					<label2>$INFO[Skin.String(HomeWidget_Music_Label)]</label2>
					<onclick>Skin.SetString(HomeWidget_Music_Label)</onclick>
					<visible>!Skin.HasSetting(HomeMenuNoMusicButton)+Skin.HasSetting(Home_Music_Button)</visible>
				</control>
                <control type="button" id="14">
                    <include>dialogbutton_popup</include>
					<label>- $LOCALIZE[573]</label>
					<label2>$INFO[Skin.String(HomeWidget_Music_Path)]</label2>
					<onclick>$VAR[HomeWidget_Music_Currentpath]</onclick>
					<enable>Skin.HasSetting(HomeWidget_Music_User)</enable>
					<visible>!Skin.HasSetting(HomeMenuNoMusicButton)+Skin.HasSetting(Home_Music_Button)</visible>
				</control>
				<include content="WidgetGeneralSettings">
					<param name="id1" value="15"/>
					<param name="id2" value="16"/>
					<param name="id3" value="17"/>
				</include>
            </control>
            <control type="grouplist" id="36100"> <!-- video -->
                <left>45</left>
                <top>188</top>
                <width>1110</width>
                <height>870</height>
                <height>675</height>
                <itemgap>3</itemgap>
                <visible>String.IsEqual(Window(Home).Property(HomeButton),videos)</visible>
                <control type="radiobutton" id="20">
                    <include>dialogbutton_popup</include>
                    <label>$LOCALIZE[20094]</label>
                    <onclick>Skin.Reset(Widget_Videoplaylists)</onclick>
                    <onclick>Skin.ToggleSetting(Widget_Sources)</onclick>
                    <selected>Skin.HasSetting(Widget_Sources)</selected>
					<visible>!Skin.HasSetting(HomeMenuNoVideosButton)+!Skin.HasSetting(Home_Video_Button)</visible>
                </control>
                <control type="radiobutton" id="21">
                    <include>dialogbutton_popup</include>
                    <label>$LOCALIZE[136]</label>
                    <onclick>Skin.Reset(Widget_Sources)</onclick>
                    <onclick>Skin.ToggleSetting(Widget_Videoplaylists)</onclick>
                    <selected>Skin.HasSetting(Widget_Videoplaylists)</selected>
					<visible>!Skin.HasSetting(HomeMenuNoVideosButton)+!Skin.HasSetting(Home_Video_Button)</visible>
                </control>
                <control type="radiobutton" id="22">
                    <include>dialogbutton_popup</include>
                    <label>Widget - $LOCALIZE[409]</label>
                    <onclick>Skin.ToggleSetting(HomeWidget_Video_Standard)</onclick>
                    <onclick>Skin.Reset(HomeWidget_Video_User)</onclick>
                    <selected>Skin.HasSetting(HomeWidget_Video_Standard)</selected>
					<visible>!Skin.HasSetting(HomeMenuNoVideosButton)+Skin.HasSetting(Home_Video_Button)</visible>
                </control>
                <control type="radiobutton" id="23">
                    <include>dialogbutton_popup</include>
                    <label>Widget - $LOCALIZE[636]</label>
                    <onclick>Skin.ToggleSetting(HomeWidget_Video_User)</onclick>
                    <onclick>Skin.Reset(HomeWidget_Video_Standard)</onclick>
                    <selected>Skin.HasSetting(HomeWidget_Video_User)</selected>
					<visible>!Skin.HasSetting(HomeMenuNoVideosButton)+Skin.HasSetting(Home_Video_Button)</visible>
                </control>
                <control type="button" id="24">
                    <include>dialogbutton_popup</include>
					<label>- $LOCALIZE[21899]</label>
					<label2>$INFO[Skin.String(HomeWidget_Video_Label)]</label2>
					<onclick>Skin.SetString(HomeWidget_Video_Label)</onclick>
					<visible>!Skin.HasSetting(HomeMenuNoVideosButton)+Skin.HasSetting(Home_Video_Button)</visible>
				</control>
                <control type="button" id="25">
                    <include>dialogbutton_popup</include>
					<label>- $LOCALIZE[573]</label>
					<label2>$INFO[Skin.String(HomeWidget_Video_Path)]</label2>
					<onclick>$VAR[HomeWidget_Video_Currentpath]</onclick>
					<enable>Skin.HasSetting(HomeWidget_Video_User)</enable>
					<visible>!Skin.HasSetting(HomeMenuNoVideosButton)+Skin.HasSetting(Home_Video_Button)</visible>
				</control>
				<include content="WidgetGeneralSettings">
					<param name="id1" value="26"/>
					<param name="id2" value="27"/>
					<param name="id3" value="28"/>
				</include>
            </control>
            <control type="grouplist" id="36100"> <!-- movies -->
                <left>45</left>
                <top>188</top>
                <width>1110</width>
                <height>870</height>
                <height>675</height>
                <itemgap>3</itemgap>
                <visible>String.IsEqual(Window(Home).Property(HomeButton),movies)</visible>
                <control type="radiobutton" id="30">
                    <include>dialogbutton_popup</include>
                    <label>$LOCALIZE[51589]</label>
                    <onclick>Skin.ToggleSetting(Widget_inProgress_movie_Place1)</onclick>
                    <selected>Skin.HasSetting(Widget_inProgress_movie_Place1)</selected>
					<visible>!Skin.HasSetting(HomeMenuNoMovieButton)+!Skin.HasSetting(Home_Movie_Button)</visible>
					<enable>!Skin.HasSetting(Widget_RecommendedMovies)</enable>
                </control>
                <control type="radiobutton" id="31">
                    <include>dialogbutton_popup</include>
                    <label>$LOCALIZE[575]</label>
                    <onclick>Skin.Reset(Widget_RecentMovies)</onclick>
                    <onclick>Skin.Reset(Widget_RandomMovies)</onclick>
                    <onclick>Skin.ToggleSetting(Widget_RecommendedMovies)</onclick>
                    <selected>Skin.HasSetting(Widget_RecommendedMovies)</selected>
					<visible>!Skin.HasSetting(HomeMenuNoMovieButton)+!Skin.HasSetting(Home_Movie_Button)</visible>
                </control>
                <control type="radiobutton" id="32">
                    <include>dialogbutton_popup</include>
                    <label>$LOCALIZE[590]</label>
                    <onclick>Skin.Reset(Widget_RecommendedMovies)</onclick>
                    <onclick>Skin.Reset(Widget_RecentMovies)</onclick>
                    <onclick>Skin.ToggleSetting(Widget_RandomMovies)</onclick>
                    <selected>Skin.HasSetting(Widget_RandomMovies)</selected>
					<visible>!Skin.HasSetting(HomeMenuNoMovieButton)+!Skin.HasSetting(Home_Movie_Button)</visible>
                </control>
                <control type="radiobutton" id="33">
                    <include>dialogbutton_popup</include>
                    <label>$LOCALIZE[20386]</label>
                    <onclick>Skin.Reset(Widget_RecommendedMovies)</onclick>
                    <onclick>Skin.Reset(Widget_RandomMovies)</onclick>
                    <onclick>Skin.ToggleSetting(Widget_RecentMovies)</onclick>
                    <selected>Skin.HasSetting(Widget_RecentMovies)</selected>
					<visible>!Skin.HasSetting(HomeMenuNoMovieButton)+!Skin.HasSetting(Home_Movie_Button)</visible>
                </control>
                <control type="radiobutton" id="34">
                    <include>dialogbutton_popup</include>
                    <label>Widget - $LOCALIZE[409]</label>
                    <onclick>Skin.ToggleSetting(HomeWidget_Movie_Standard)</onclick>
                    <onclick>Skin.Reset(HomeWidget_Movie_User)</onclick>
                    <selected>Skin.HasSetting(HomeWidget_Movie_Standard)</selected>
					<visible>!Skin.HasSetting(HomeMenuNoMovieButton)+Skin.HasSetting(Home_Movie_Button)</visible>
                </control>
                <control type="radiobutton" id="35">
                    <include>dialogbutton_popup</include>
                    <label>Widget - $LOCALIZE[636]</label>
                    <onclick>Skin.ToggleSetting(HomeWidget_Movie_User)</onclick>
                    <onclick>Skin.Reset(HomeWidget_Movie_Standard)</onclick>
                    <selected>Skin.HasSetting(HomeWidget_Movie_User)</selected>
					<visible>!Skin.HasSetting(HomeMenuNoMovieButton)+Skin.HasSetting(Home_Movie_Button)</visible>
                </control>
                <control type="button" id="36">
                    <include>dialogbutton_popup</include>
					<label>- $LOCALIZE[21899]</label>
					<label2>$INFO[Skin.String(HomeWidget_Movie_Label)]</label2>
					<onclick>Skin.SetString(HomeWidget_Movie_Label)</onclick>
					<visible>!Skin.HasSetting(HomeMenuNoMovieButton)+Skin.HasSetting(Home_Movie_Button)</visible>
				</control>
                <control type="button" id="37">
                    <include>dialogbutton_popup</include>
					<label>- $LOCALIZE[573]</label>
					<label2>$INFO[Skin.String(HomeWidget_Movie_Path)]</label2>
					<onclick>$VAR[HomeWidget_Movie_Currentpath]</onclick>
					<enable>Skin.HasSetting(HomeWidget_Movie_User)</enable>
					<visible>!Skin.HasSetting(HomeMenuNoMovieButton)+Skin.HasSetting(Home_Movie_Button)</visible>
				</control>
				<include content="WidgetGeneralSettings">
					<param name="id1" value="38"/>
					<param name="id2" value="39"/>
					<param name="id3" value="40"/>
				</include>
            </control>
            <control type="grouplist" id="36100"> <!-- dashboard -->
                <left>45</left>
                <top>188</top>
                <width>1110</width>
                <height>870</height>
                <height>675</height>
                <itemgap>3</itemgap>
                <visible>String.IsEqual(Window(Home).Property(HomeButton),dashboard)</visible>
				<control type="button" id="41">
					<description>Blog Settings</description>
					<include>dialogbutton_popup</include>
					<label>51541</label>
					<label2>$VAR[DashboardExtendedInfoLabel]</label2>
					<onclick>Skin.SelectBool(51541,
					594|dashboard_eventblog1_off,
					51546|dashboard_youtubeuser,
					51547|dashboard_youtube,
					515470|dashboard_youtubeplaylists,
					51548|dashboard_addonpath,
					51555|dashboard_incinemas,
					51556|dashboard_upcoming,
					51557|dashboard_popularmovies,
					51558|dashboard_topratedmovies,
					51559|dashboard_populartvshows,
					51560|dashboard_topratedtvshows,
					51561|dashboard_onairtvshows,
					51562|dashboard_airingtodaytvshows,
					51563|dashboard_trendingmovies,
					51564|dashboard_trendingshows,
					51565|dashboard_airingshows,
					51566|dashboard_premiereshows,
					)</onclick>
					<!-- <visible>System.HasAddon(script.extendedinfo)</visible> -->
				</control>
				<control type="button" id="42">
					<textcolor>red</textcolor>
					<include>dialogbutton_popup</include>
					<label>Extended Info Script $LOCALIZE[51583]. $LOCALIZE[24038]?</label>
					<onclick>InstallAddon(script.extendedinfo)</onclick>
					<visible>!System.HasAddon(script.extendedinfo)+
					[Skin.HasSetting(dashboard_youtubeuser)
					|Skin.HasSetting(dashboard_youtube)
					|Skin.HasSetting(dashboard_youtubeplaylists)
					|Skin.HasSetting(dashboard_incinemas)
					|Skin.HasSetting(dashboard_upcoming)
					|Skin.HasSetting(dashboard_topratedmovies)
					|Skin.HasSetting(dashboard_populartvshows)
					|Skin.HasSetting(dashboard_topratedtvshows)
					|Skin.HasSetting(dashboard_onairtvshows)
					|Skin.HasSetting(dashboard_airingtodaytvshows)
					|Skin.HasSetting(dashboard_trendingmovies)
					|Skin.HasSetting(dashboard_trendingshows)
					|Skin.HasSetting(dashboard_airingshows)
					|Skin.HasSetting(dashboard_premiereshows)]
					</visible>
				</control>
				<control type="button" id="43">
					<description>Blog Settings</description>
					<include>dialogbutton_popup</include>
					<label>- Addon Pfad</label>
					<label2>$INFO[Skin.String(dashboard_videoaddonpath)]</label2>
					<onclick>Skin.SetPath(dashboard_videoaddonpath,addons://sources/video)</onclick>
					<visible>Skin.HasSetting(dashboard_addonpath)</visible>
				</control>
				<control type="button" id="44">
					<description>Blog Settings</description>
					<include>dialogbutton_popup</include>
					<label>- YouTube $INFO[Skin.String(YoutubeSearchUser),(,)]</label>
					<onclick>Skin.SetString(YoutubeSearchUser)</onclick>
					<visible>Skin.HasSetting(dashboard_youtubeuser)+System.HasAddon(script.extendedinfo)</visible>
				</control>
				<control type="button" id="45">
					<description>Blog Settings</description>
					<include>dialogbutton_popup</include>
					<label>- YouTube $INFO[Skin.String(YoutubeSearchPlaylists),(,)]</label>
					<onclick>Skin.SetString(YoutubeSearchPlaylists)</onclick>
					<visible>Skin.HasSetting(dashboard_youtubeplaylists)+System.HasAddon(script.extendedinfo)</visible>
				</control>
				<control type="button" id="46">
					<description>Blog Settings</description>
					<include>dialogbutton_popup</include>
					<label>51542</label>
					<label2>$VAR[DashboardExtendedInfoLabel2]</label2>
					<onclick>Skin.SelectBool(51542,
					594|dashboard_eventblog1_off2,
					51546|dashboard_youtubeuser2,
					51547|dashboard_youtube2,
					515470|dashboard_youtubeplaylists2,
					51548|dashboard_addonpath2,
					51555|dashboard_incinemas2,
					51556|dashboard_upcoming2,
					51557|dashboard_popularmovies2,
					51558|dashboard_topratedmovies2,
					51559|dashboard_populartvshows2,
					51560|dashboard_topratedtvshows2,
					51561|dashboard_onairtvshows2,
					51562|dashboard_airingtodaytvshows2,
					51563|dashboard_trendingmovies2,
					51564|dashboard_trendingshows2,
					51565|dashboard_airingshows2,
					51566|dashboard_premiereshows2,
					)</onclick>
					<!-- <visible>System.HasAddon(script.extendedinfo)</visible> -->
				</control>
				<control type="button" id="47">
					<textcolor>red</textcolor>
					<include>dialogbutton_popup</include>
					<label>Extended Info Script $LOCALIZE[51583]. $LOCALIZE[24038]?</label>
					<onclick>InstallAddon(script.extendedinfo)</onclick>
					<visible>!System.HasAddon(script.extendedinfo)+
					[Skin.HasSetting(dashboard_youtubeuser2)
					|Skin.HasSetting(dashboard_youtube2)
					|Skin.HasSetting(dashboard_youtubeplaylists2)
					|Skin.HasSetting(dashboard_incinemas2)
					|Skin.HasSetting(dashboard_upcoming2)
					|Skin.HasSetting(dashboard_topratedmovies2)
					|Skin.HasSetting(dashboard_populartvshows2)
					|Skin.HasSetting(dashboard_topratedtvshows2)
					|Skin.HasSetting(dashboard_onairtvshows2)
					|Skin.HasSetting(dashboard_airingtodaytvshows2)
					|Skin.HasSetting(dashboard_trendingmovies2)
					|Skin.HasSetting(dashboard_trendingshows2)
					|Skin.HasSetting(dashboard_airingshows2)
					|Skin.HasSetting(dashboard_premiereshows2)]
					</visible>
				</control>
				<control type="button" id="48">
					<description>Blog Settings</description>
					<include>dialogbutton_popup</include>
					<label>- Addon Pfad</label>
					<label2>$INFO[Skin.String(dashboard_videoaddonpath2)]</label2>
					<onclick>Skin.SetPath(dashboard_videoaddonpath2,addons://sources/video)</onclick>
					<visible>Skin.HasSetting(dashboard_addonpath2)</visible>
				</control>
				<control type="button" id="49">
					<description>Blog Settings</description>
					<include>dialogbutton_popup</include>
					<label>- YouTube $INFO[Skin.String(YoutubeSearchUser2),(,)]</label>
					<onclick>Skin.SetString(YoutubeSearchUser2)</onclick>
					<visible>Skin.HasSetting(dashboard_youtubeuser2)+System.HasAddon(script.extendedinfo)</visible>
				</control>
				<control type="button" id="50">
					<description>Blog Settings</description>
					<include>dialogbutton_popup</include>
					<label>- YouTube $INFO[Skin.String(YoutubeSearchPlaylists2),(,)]</label>
					<onclick>Skin.SetString(YoutubeSearchPlaylists2)</onclick>
					<visible>Skin.HasSetting(dashboard_youtubeplaylists2)+System.HasAddon(script.extendedinfo)</visible>
				</control>
				<include content="separatorlabel">
					<param name="separatorlabel_id" value="51"/>
				</include>
				<control type="radiobutton" id="52">
					<include>dialogbutton_popup</include>
					<label>Fritz Smart Home</label>
					<onclick>Skin.ToggleSetting(Widget_NEWS_FritzDect)</onclick>
					<selected>Skin.HasSetting(Widget_NEWS_FritzDect)</selected>
					<enable>System.HasAddon(plugin.program.fritzact)</enable>
				</control>
				<control type="button" id="53">
					<textcolor>red</textcolor>
					<include>dialogbutton_popup</include>
					<label>Fritz Smart Home $LOCALIZE[51583]. $LOCALIZE[24038]?</label>
					<onclick>InstallAddon(plugin.program.fritzact)</onclick>
					<visible>!System.HasAddon(plugin.program.fritzact)</visible>
				</control>
				<include content="WidgetGeneralSettings">
					<param name="id1" value="54"/>
					<param name="id2" value="55"/>
					<param name="id3" value="56"/>
				</include>
            </control>
            <control type="grouplist" id="36100"> <!-- tvshow -->
                <!-- TVShows -->
                <left>45</left>
                <top>188</top>
                <width>1110</width>
                <height>870</height>
                <height>675</height>
                <itemgap>3</itemgap>
                <visible>String.IsEqual(Window(Home).Property(HomeButton),tvshow)</visible>
                <control type="radiobutton" id="60">
                    <include>dialogbutton_popup</include>
                    <label>$LOCALIZE[51593]</label>
                    <onclick>Skin.ToggleSetting(Widget_inProgress_tvshow_Place1)</onclick>
                    <selected>Skin.HasSetting(Widget_inProgress_tvshow_Place1)</selected>
					<visible>!Skin.HasSetting(HomeMenuNoTVShowButton)+!Skin.HasSetting(Home_TVShow_Button)</visible>
					<enable>!Skin.HasSetting(Widget_RecommendedTVShows)</enable>
                </control>
                <control type="radiobutton" id="61">
                    <include>dialogbutton_popup</include>
                    <label>$LOCALIZE[575]</label>
                    <onclick>Skin.Reset(Widget_RecentTVShows)</onclick>
                    <onclick>Skin.Reset(Widget_RandomTVShows)</onclick>
                    <onclick>Skin.ToggleSetting(Widget_RecommendedTVShows)</onclick>
                    <selected>Skin.HasSetting(Widget_RecommendedTVShows)</selected>
					<visible>!Skin.HasSetting(Home_SeriesButton)</visible>
					<visible>!Skin.HasSetting(HomeMenuNoTVShowButton)+!Skin.HasSetting(Home_TVShow_Button)</visible>
                </control>
                <control type="radiobutton" id="62">
                    <include>dialogbutton_popup</include>
                    <label>$LOCALIZE[590]</label>
                    <onclick>Skin.Reset(Widget_RecommendedTVShows)</onclick>
                    <onclick>Skin.Reset(Widget_RecentTVShows)</onclick>
                    <onclick>Skin.ToggleSetting(Widget_RandomTVShows)</onclick>
                    <selected>Skin.HasSetting(Widget_RandomTVShows)</selected>
					<visible>!Skin.HasSetting(HomeMenuNoTVShowButton)+!Skin.HasSetting(Home_TVShow_Button)</visible>
                </control>
                <control type="button" id="63">
                    <include>dialogbutton_popup</include>
					<label>- Widget Label</label>
					<label2>$INFO[Skin.String(Series_Node_WidgetLabel_RandomTVShows)]</label2>
					<onclick>Skin.SetString(Series_Node_WidgetLabel_RandomTVShows)</onclick>
					<visible>Skin.HasSetting(Widget_RandomTVShows)+Skin.HasSetting(Home_SeriesButton)</visible>
					<visible>!Skin.HasSetting(HomeMenuNoTVShowButton)+!Skin.HasSetting(Home_TVShow_Button)</visible>
				</control>
                <control type="radiobutton" id="64">
                    <include>dialogbutton_popup</include>
                    <label>$LOCALIZE[51425]</label>
                    <onclick>Skin.Reset(Widget_RecommendedTVShows)</onclick>
                    <onclick>Skin.Reset(Widget_RandomTVShows)</onclick>
                    <onclick>Skin.ToggleSetting(Widget_RecentTVShows)</onclick>
                    <selected>Skin.HasSetting(Widget_RecentTVShows)</selected>
					<visible>!Skin.HasSetting(HomeMenuNoTVShowButton)+!Skin.HasSetting(Home_TVShow_Button)</visible>
                </control>
                <control type="button" id="65">
                    <include>dialogbutton_popup</include>
					<label>- Widget Label</label>
					<label2>$INFO[Skin.String(Series_Node_WidgetLabel_RecentTVShows)]</label2>
					<onclick>Skin.SetString(Series_Node_WidgetLabel_RecentTVShows)</onclick>
					<visible>Skin.HasSetting(Widget_RecentTVShows)+Skin.HasSetting(Home_SeriesButton)</visible>
					<visible>!Skin.HasSetting(HomeMenuNoTVShowButton)+!Skin.HasSetting(Home_TVShow_Button)</visible>
				</control>
                <control type="radiobutton" id="66">
                    <description>Widget TV Shows</description>
                    <include>dialogbutton_popup</include>
                    <label>- $LOCALIZE[14001]</label>
                    <onclick>Skin.Reset(Widget_RecommendedTVShows)</onclick>
                    <onclick>Skin.ToggleSetting(Widget_RecentTVShows_Episodes)</onclick>
                    <selected>Skin.HasSetting(Widget_RecentTVShows_Episodes)</selected>
                    <visible>Skin.HasSetting(Widget_RecentTVShows)</visible>
					<visible>!Skin.HasSetting(Home_SeriesButton)</visible>
					<visible>!Skin.HasSetting(HomeMenuNoTVShowButton)+!Skin.HasSetting(Home_TVShow_Button)</visible>
                </control>
                <control type="radiobutton" id="67">
                    <include>dialogbutton_popup</include>
                    <label>Widget - $LOCALIZE[409]</label>
                    <onclick>Skin.ToggleSetting(HomeWidget_TVShow_Standard)</onclick>
                    <onclick>Skin.Reset(HomeWidget_TVShow_User)</onclick>
                    <selected>Skin.HasSetting(HomeWidget_TVShow_Standard)</selected>
					<visible>!Skin.HasSetting(HomeMenuNoTVShowButton)+Skin.HasSetting(Home_TVShow_Button)</visible>
                </control>
                <control type="radiobutton" id="68">
                    <include>dialogbutton_popup</include>
                    <label>Widget - $LOCALIZE[636]</label>
                    <onclick>Skin.ToggleSetting(HomeWidget_TVShow_User)</onclick>
                    <onclick>Skin.Reset(HomeWidget_TVShow_Standard)</onclick>
                    <selected>Skin.HasSetting(HomeWidget_TVShow_User)</selected>
					<visible>!Skin.HasSetting(HomeMenuNoTVShowButton)+Skin.HasSetting(Home_TVShow_Button)</visible>
                </control>
                <control type="button" id="69">
                    <include>dialogbutton_popup</include>
					<label>- $LOCALIZE[21899]</label>
					<label2>$INFO[Skin.String(HomeWidget_TVShow_Label)]</label2>
					<onclick>Skin.SetString(HomeWidget_TVShow_Label)</onclick>
					<visible>!Skin.HasSetting(HomeMenuNoTVShowButton)+Skin.HasSetting(Home_TVShow_Button)</visible>
				</control>
                <control type="button" id="70">
                    <include>dialogbutton_popup</include>
					<label>- $LOCALIZE[573]</label>
					<label2>$INFO[Skin.String(HomeWidget_TVShow_Path)]</label2>
					<onclick>$VAR[HomeWidget_TVShow_Currentpath]</onclick>
					<enable>Skin.HasSetting(HomeWidget_TVShow_User)</enable>
					<visible>!Skin.HasSetting(HomeMenuNoTVShowButton)+Skin.HasSetting(Home_TVShow_Button)</visible>
				</control>
				<include content="WidgetGeneralSettings">
					<param name="id1" value="72"/>
					<param name="id2" value="73"/>
					<param name="id3" value="74"/>
				</include>
            </control>
            <control type="grouplist" id="36100"> <!-- musicvideos -->
                <!-- MusicVideos -->
                <left>45</left>
                <top>188</top>
                <width>1110</width>
                <height>870</height>
                <height>675</height>
                <itemgap>3</itemgap>
                <visible>String.IsEqual(Window(Home).Property(HomeButton),musicvideo)</visible>
                <control type="radiobutton" id="75">
                    <include>dialogbutton_popup</include>
                    <label>$LOCALIZE[51595]</label>
                    <onclick>Skin.ToggleSetting(Widget_inProgress_musicvideo_Place1)</onclick>
                    <selected>Skin.HasSetting(Widget_inProgress_musicvideo_Place1)</selected>
					<visible>!Skin.HasSetting(HomeMenuNoMusicVideos)+!Skin.HasSetting(Home_MusicVideo_Button)</visible>
					<enable>!Skin.HasSetting(Widget_RecommendedMusicVideos)</enable>
                </control>
                <control type="radiobutton" id="76">
                    <include>dialogbutton_popup</include>
                    <label>$LOCALIZE[575]</label>
                    <onclick>Skin.Reset(Widget_RecentMusicVideos)</onclick>
                    <onclick>Skin.Reset(Widget_RandomMusicVideos)</onclick>
                    <onclick>Skin.ToggleSetting(Widget_RecommendedMusicVideos)</onclick>
                    <selected>Skin.HasSetting(Widget_RecommendedMusicVideos)</selected>
					<visible>!Skin.HasSetting(HomeMenuNoMusicVideos)+!Skin.HasSetting(Home_MusicVideo_Button)</visible>
                </control>
                <control type="radiobutton" id="77">
                    <include>dialogbutton_popup</include>
                    <label>$LOCALIZE[590]</label>
                    <onclick>Skin.Reset(Widget_RecommendedMusicVideos)</onclick>
                    <onclick>Skin.Reset(Widget_RecentMusicVideos)</onclick>
                    <onclick>Skin.ToggleSetting(Widget_RandomMusicVideos)</onclick>
                    <selected>Skin.HasSetting(Widget_RandomMusicVideos)</selected>
					<visible>!Skin.HasSetting(HomeMenuNoMusicVideos)+!Skin.HasSetting(Home_MusicVideo_Button)</visible>
                </control>
                <control type="radiobutton" id="78">
                    <include>dialogbutton_popup</include>
                    <label>$LOCALIZE[20390]</label>
                    <onclick>Skin.Reset(Widget_RecommendedMusicVideos)</onclick>
                    <onclick>Skin.Reset(Widget_RandomMusicVideos)</onclick>
                    <onclick>Skin.ToggleSetting(Widget_RecentMusicVideos)</onclick>
                    <selected>Skin.HasSetting(Widget_RecentMusicVideos)</selected>
					<visible>!Skin.HasSetting(HomeMenuNoMusicVideos)+!Skin.HasSetting(Home_MusicVideo_Button)</visible>
                </control>
                <control type="radiobutton" id="79">
                    <include>dialogbutton_popup</include>
                    <label>Widget - $LOCALIZE[409]</label>
                    <onclick>Skin.ToggleSetting(HomeWidget_MusicVideo_Standard)</onclick>
                    <onclick>Skin.Reset(HomeWidget_MusicVideo_User)</onclick>
                    <selected>Skin.HasSetting(HomeWidget_MusicVideo_Standard)</selected>
					<visible>!Skin.HasSetting(HomeMenuNoMusicVideos)+Skin.HasSetting(Home_MusicVideo_Button)</visible>
                </control>
                <control type="radiobutton" id="80">
                    <include>dialogbutton_popup</include>
                    <label>Widget - $LOCALIZE[636]</label>
                    <onclick>Skin.ToggleSetting(HomeWidget_MusicVideo_User)</onclick>
                    <onclick>Skin.Reset(HomeWidget_MusicVideo_Standard)</onclick>
                    <selected>Skin.HasSetting(HomeWidget_MusicVideo_User)</selected>
					<visible>!Skin.HasSetting(HomeMenuNoMusicVideos)+Skin.HasSetting(Home_MusicVideo_Button)</visible>
                </control>
                <control type="button" id="81">
                    <include>dialogbutton_popup</include>
					<label>- $LOCALIZE[21899]</label>
					<label2>$INFO[Skin.String(HomeWidget_MusicVideo_Label)]</label2>
					<onclick>Skin.SetString(HomeWidget_MusicVideo_Label)</onclick>
					<visible>!Skin.HasSetting(HomeMenuNoMusicVideos)+Skin.HasSetting(Home_MusicVideo_Button)</visible>
				</control>
                <control type="button" id="82">
                    <include>dialogbutton_popup</include>
					<label>- $LOCALIZE[573]</label>
					<label2>$INFO[Skin.String(HomeWidget_MusicVideo_Path)]</label2>
					<onclick>$VAR[HomeWidget_MusicVideo_Currentpath]</onclick>
					<enable>Skin.HasSetting(HomeWidget_MusicVideo_User)</enable>
					<visible>!Skin.HasSetting(HomeMenuNoMusicVideos)+Skin.HasSetting(Home_MusicVideo_Button)</visible>
				</control>
				<include content="WidgetGeneralSettings">
					<param name="id1" value="83"/>
					<param name="id2" value="84"/>
					<param name="id3" value="85"/>
				</include>
            </control>
            <control type="grouplist" id="36100"> <!-- pictures -->
                <left>45</left>
                <top>188</top>
                <width>1110</width>
                <height>870</height>
                <height>675</height>
                <itemgap>3</itemgap>
                <visible>String.IsEqual(Window(Home).Property(HomeButton),picture)</visible>
                <control type="radiobutton" id="86">
                    <include>dialogbutton_popup</include>
                    <label>108</label>
                    <onclick>Skin.ToggleSetting(Widget_Diashow)</onclick>
                    <selected>Skin.HasSetting(Widget_Diashow)</selected>
					<visible>!Skin.HasSetting(HomeMenuNoPictureButton)+!Skin.HasSetting(Home_Picture_Button)</visible>
                </control>
                <control type="button" id="87">
                    <description>User Path</description>
                    <include>dialogbutton_popup</include>
                    <label>$LOCALIZE[51332]</label>
                    <label2>$INFO[Skin.String(widget_diashow_folder)]</label2>
                    <onclick>Skin.SetPath(widget_diashow_folder)</onclick>
                    <visible>Skin.HasSetting(Widget_Diashow)</visible>
					<visible>!Skin.HasSetting(HomeMenuNoPictureButton)+!Skin.HasSetting(Home_Picture_Button)</visible>
                </control>
                <control type="radiobutton" id="88">
                    <include>dialogbutton_popup</include>
                    <label>Widget - $LOCALIZE[409]</label>
                    <onclick>Skin.ToggleSetting(HomeWidget_Picture_Standard)</onclick>
                    <onclick>Skin.Reset(HomeWidget_Picture_User)</onclick>
                    <selected>Skin.HasSetting(HomeWidget_Picture_Standard)</selected>
					<visible>!Skin.HasSetting(HomeMenuNoPictureButton)+Skin.HasSetting(Home_Picture_Button)</visible>
                </control>
                <control type="radiobutton" id="89">
                    <include>dialogbutton_popup</include>
                    <label>Widget - $LOCALIZE[636]</label>
                    <onclick>Skin.ToggleSetting(HomeWidget_Picture_User)</onclick>
                    <onclick>Skin.Reset(HomeWidget_Picture_Standard)</onclick>
                    <selected>Skin.HasSetting(HomeWidget_Picture_User)</selected>
					<visible>!Skin.HasSetting(HomeMenuNoPictureButton)+Skin.HasSetting(Home_Picture_Button)</visible>
                </control>
                <control type="button" id="90">
                    <include>dialogbutton_popup</include>
					<label>- $LOCALIZE[21899]</label>
					<label2>$INFO[Skin.String(HomeWidget_Picture_Label)]</label2>
					<onclick>Skin.SetString(HomeWidget_Picture_Label)</onclick>
					<visible>!Skin.HasSetting(HomeMenuNoPictureButton)+Skin.HasSetting(Home_Picture_Button)</visible>
				</control>
                <control type="button" id="91">
                    <include>dialogbutton_popup</include>
					<label>- $LOCALIZE[573]</label>
					<label2>$INFO[Skin.String(HomeWidget_Picture_Path)]</label2>
					<onclick>$VAR[HomeWidget_Picture_Currentpath]</onclick>
					<enable>Skin.HasSetting(HomeWidget_Picture_User)</enable>
					<visible>!Skin.HasSetting(HomeMenuNoPictureButton)+Skin.HasSetting(Home_Picture_Button)</visible>
				</control>
				<include content="WidgetGeneralSettings">
					<param name="id1" value="92"/>
					<param name="id2" value="93"/>
					<param name="id3" value="94"/>
				</include>
            </control>
            <control type="grouplist" id="36100"> <!-- weather -->
                <left>45</left>
                <top>188</top>
                <width>1110</width>
                <height>870</height>
                <height>675</height>
                <itemgap>3</itemgap>
                <visible>String.IsEqual(Window(Home).Property(HomeButton),weather)</visible>
                <control type="radiobutton" id="95">
                    <include>dialogbutton_popup</include>
                    <label>$LOCALIZE[8] $LOCALIZE[51487]</label>
                    <onclick>Skin.Reset(HomeWeatherWidgetFull)</onclick>
                    <onclick>Skin.ToggleSetting(HomeWeatherWidgetToday)</onclick>
                    <selected>Skin.HasSetting(HomeWeatherWidgetToday)</selected>
                </control>
                <control type="radiobutton" id="96">
                    <include>dialogbutton_popup</include>
                    <label>$LOCALIZE[8] $LOCALIZE[51433]</label>
                    <onclick>Skin.Reset(HomeWeatherWidgetToday)</onclick>
                    <onclick>Skin.ToggleSetting(HomeWeatherWidgetFull)</onclick>
                    <selected>Skin.HasSetting(HomeWeatherWidgetFull)</selected>
                </control>
                <control type="button" id="97">
                    <include>dialogbutton_popup</include>
                    <label>51467</label>
                    <onclick>RunScript(script.image.resource.select,property=weathericons&amp;type=resource.images.weathericons)</onclick>
                    <visible>System.HasAddon(script.image.resource.select)</visible>
                    <enable>!String.IsEmpty(Weather.Plugin)</enable>
                </control>
                <control type="button" id="98">
                    <include>dialogbutton_popup</include>
                    <label>$LOCALIZE[8] $LOCALIZE[21417]</label>
                    <onclick>Dialog.Close(all,true)</onclick>
                    <onclick>ActivateWindow(servicesettings,weather)</onclick>
                </control>
				<include content="WidgetGeneralSettings">
					<param name="id1" value="99"/>
					<param name="id2" value="100"/>
					<param name="id3" value="101"/>
				</include>
            </control>
            <control type="grouplist" id="36100"> <!-- news -->
                <left>45</left>
                <top>188</top>
                <width>1110</width>
                <height>675</height>
                <itemgap>3</itemgap>
                <visible>String.IsEqual(Window(Home).Property(HomeButton),news)</visible>
                <control type="radiobutton" id="102">
                    <include>dialogbutton_popup</include>
                    <label>News</label>
                    <onclick>Skin.ToggleSetting(Widget_NEWS_NewsCenter)</onclick>
                    <selected>Skin.HasSetting(Widget_NEWS_NewsCenter)</selected>
                    <enable>System.HasAddon(plugin.program.newscenter)</enable>
                </control>
                <control type="button" id="103">
                    <description>User Channels</description>
                    <include>dialogbutton_popup</include>
                    <label>- Feed</label>
                    <onclick>RunScript(plugin.program.newscenter,&quot;?methode=set_default_feed&quot;)</onclick>
                    <visible>Skin.HasSetting(Widget_NEWS_NewsCenter)</visible>
                    <visible>System.HasAddon(plugin.program.newscenter)</visible>
                </control>
                <control type="button" id="104">
                    <include>dialogbutton_popup</include>
                    <label>- $LOCALIZE[5]</label>
                    <onclick>Addon.OpenSettings(plugin.program.newscenter)</onclick>
                    <visible>Skin.HasSetting(Widget_NEWS_NewsCenter)</visible>
                    <visible>System.HasAddon(plugin.program.newscenter)</visible>
                </control>
				<control type="button" id="105">
					<textcolor>red</textcolor>
					<include>dialogbutton_popup</include>
					<label>Newscenter Addon $LOCALIZE[51583]. $LOCALIZE[24038]?</label>
					<onclick>InstallAddon(plugin.program.newscenter)</onclick>
					<visible>!System.HasAddon(plugin.program.newscenter)</visible>
				</control>
				<include content="separatorlabel">
					<param name="separatorlabel_id" value="106"/>
				</include>
                <control type="radiobutton" id="107">
                    <include>dialogbutton_popup</include>
                    <label>TV Highlights (GTO)</label>
                    <onclick>Skin.ToggleSetting(Widget_NEWS_TVHighlights_gto)</onclick>
                    <selected>Skin.HasSetting(Widget_NEWS_TVHighlights_gto)</selected>
                    <enable>System.HasAddon(script.service.gto)</enable>
                </control>
                <control type="button" id="108">
                    <include>dialogbutton_popup</include>
                    <label>- Refresh</label>
                    <onclick>RunScript(script.service.gto,action=refresh)</onclick>
                    <visible>Skin.HasSetting(Widget_NEWS_TVHighlights_gto)</visible>
                    <visible>System.HasAddon(script.service.gto)</visible>
                </control>
                <control type="button" id="109">
                    <include>dialogbutton_popup</include>
                    <label>- Scrape</label>
                    <onclick>RunScript(script.service.gto,action=scrape)</onclick>
                    <visible>Skin.HasSetting(Widget_NEWS_TVHighlights_gto)</visible>
                    <visible>System.HasAddon(script.service.gto)</visible>
                </control>
                <control type="button" id="110">
                    <include>dialogbutton_popup</include>
                    <label>- $LOCALIZE[5]</label>
                    <onclick>Addon.OpenSettings(script.service.gto)</onclick>
                    <visible>Skin.HasSetting(Widget_NEWS_TVHighlights_gto)</visible>
                    <visible>System.HasAddon(script.service.gto)</visible>
                </control>
				<control type="button" id="111">
					<textcolor>red</textcolor>
					<include>dialogbutton_popup</include>
					<label>German Telecast Addon $LOCALIZE[51583]. $LOCALIZE[24038]?</label>
					<onclick>InstallAddon(script.service.gto)</onclick>
					<visible>!System.HasAddon(script.service.gto)</visible>
				</control>
				<include content="separatorlabel">
					<param name="separatorlabel_id" value="112"/>
				</include>
                <control type="radiobutton" id="113">
                    <include>dialogbutton_popup</include>
                    <label>Serien Planer</label>
                    <onclick>Skin.ToggleSetting(Widget_NEWS_SerienPlaner)</onclick>
                    <selected>Skin.HasSetting(Widget_NEWS_SerienPlaner)</selected>
                    <enable>System.HasAddon(plugin.program.serienplaner)</enable>
                </control>
                <!-- <control type="button" id="114">
					<width>740</width>
					<height>35</height>
					<align>left</align>
					<label>- Refresh</label>
					<textcolor>grey3</textcolor>
					<texturenofocus/>
					<onclick>RunScript(plugin.program.serienplaner,action=refresh)</onclick>
					<visible>Skin.HasSetting(Widget_NEWS_SerienPlaner)</visible>
				</control> -->
                <control type="button" id="115">
                    <include>dialogbutton_popup</include>
                    <label>- Scrape</label>
                    <onclick>RunScript(plugin.program.serienplaner,?methode=scrape_serien)</onclick>
                    <visible>Skin.HasSetting(Widget_NEWS_SerienPlaner)</visible>
                    <visible>System.HasAddon(plugin.program.serienplaner)</visible>
                </control>
                <control type="button" id="116">
                    <include>dialogbutton_popup</include>
                    <label>- wahl der Rubrik (temporär)</label>
                    <onclick>RunScript(plugin.program.serienplaner,?methode=show_select_dialog)</onclick>
                    <visible>Skin.HasSetting(Widget_NEWS_SerienPlaner)</visible>
                    <visible>System.HasAddon(plugin.program.serienplaner)</visible>
                </control>
                <control type="button" id="117">
                    <include>dialogbutton_popup</include>
                    <label>- $LOCALIZE[5]</label>
                    <onclick>Addon.OpenSettings(plugin.program.serienplaner)</onclick>
                    <visible>Skin.HasSetting(Widget_NEWS_SerienPlaner)</visible>
                    <visible>System.HasAddon(plugin.program.serienplaner)</visible>
                </control>
				<control type="button" id="118">
					<textcolor>red</textcolor>
					<include>dialogbutton_popup</include>
					<label>Serienplaner Addon $LOCALIZE[51583]. $LOCALIZE[24038]?</label>
					<onclick>InstallAddon(plugin.program.serienplaner)</onclick>
					<visible>!System.HasAddon(plugin.program.serienplaner)</visible>
				</control>
            </control>
            <control type="grouplist" id="36100"> <!-- pvr livetv -->
                <left>45</left>
                <top>188</top>
                <width>1110</width>
                <height>675</height>
                <itemgap>3</itemgap>
                <visible>String.IsEqual(Window(Home).Property(HomeButton),pvr)</visible>
                <control type="radiobutton" id="120">
                    <include>dialogbutton_popup</include>
                    <label>$LOCALIZE[20007]</label>
                    <onclick>Skin.Reset(Widget_PVRTimers)</onclick>
                    <onclick>Skin.Reset(Widget_LiveTVWidgetChannels)</onclick>
                    <onclick>Skin.Reset(Widget_SerienPlaner)</onclick>
                    <onclick>Skin.ToggleSetting(Widget_Recordings)</onclick>
                    <selected>Skin.HasSetting(Widget_Recordings)</selected>
                </control>
                <control type="radiobutton" id="1201">
                    <description>Widget TV Shows</description>
                    <include>dialogbutton_popup</include>
                    <label>- $LOCALIZE[14001]</label>
                    <onclick>Skin.ToggleSetting(Widget_PVR_Flat)</onclick>
                    <visible>Skin.HasSetting(Widget_Recordings)</visible>
                </control>
                <control type="radiobutton" id="121">
                    <include>dialogbutton_popup</include>
                    <label>$LOCALIZE[19040]</label>
                    <onclick>Skin.Reset(Widget_Recordings)</onclick>
                    <onclick>Skin.Reset(Widget_LiveTVWidgetChannels)</onclick>
                    <onclick>Skin.ToggleSetting(Widget_PVRTimers)</onclick>
                    <onclick>Skin.Reset(Widget_SerienPlaner)</onclick>
                    <selected>Skin.HasSetting(Widget_PVRTimers)</selected>
                </control>
                <control type="radiobutton" id="122">
                    <include>dialogbutton_popup</include>
                    <label>51493</label>
                    <onclick>Skin.Reset(Widget_Recordings)</onclick>
                    <onclick>Skin.Reset(Widget_PVRTimers)</onclick>
                    <onclick>Skin.Reset(Widget_SerienPlaner)</onclick>
                    <onclick>Skin.ToggleSetting(Widget_LiveTVWidgetChannels)</onclick>
                    <selected>Skin.HasSetting(Widget_LiveTVWidgetChannels)</selected>
                </control>
                <control type="radiobutton" id="1220">
                    <include>dialogbutton_popup</include>
                    <label> nach zuletzt gesehen sortieren</label>
					<onclick>Skin.ToggleSetting(Widget_LiveTVWidgetChannels_inprogress)</onclick>
					<selected>Skin.HasSetting(Widget_LiveTVWidgetChannels_inprogress)</selected>
					<visible>Skin.HasSetting(Widget_LiveTVWidgetChannels)</visible>
                </control>
                <control type="button" id="123">
                    <description>User Channels</description>
                    <include>dialogbutton_popup</include>
                    <label> $LOCALIZE[19141]</label>
                    <label2>$INFO[Skin.String(Widget_PVR_TV_WidgetChannels_Path)]</label2>
                    <onclick>Skin.SetPath(Widget_PVR_TV_WidgetChannels_Path,pvr://channels/tv/)</onclick>
                    <visible>Skin.HasSetting(Widget_LiveTVWidgetChannels)+!Skin.HasSetting(Widget_LiveTVWidgetChannels_inprogress)</visible>
                </control>
				<include content="separatorlabel">
					<param name="separatorlabel_id" value="124"/>
				</include>
                <control type="radiobutton" id="125">
                    <include>dialogbutton_popup</include>
					<label>Multiimage Background</label>
					<onclick>Skin.ToggleSetting(Home_Background_PVRLiveTV_Multiimage)</onclick>
					<selected>Skin.HasSetting(Home_Background_PVRLiveTV_Multiimage)</selected>
				</control>
                <control type="button" id="126">
					<description>Background Settings</description>
                    <include>dialogbutton_popup</include>
					<label>31102</label>
					<label2>$INFO[Skin.String(user_bkg_pvr)]</label2>
					<onclick condition="!Skin.HasSetting(Home_Background_PVRLiveTV_Multiimage)">Skin.SetImage(user_bkg_pvr,smb://)</onclick>
					<onclick condition="Skin.HasSetting(Home_Background_PVRLiveTV_Multiimage)">Skin.SetPath(user_bkg_pvr,smb://)</onclick>
				</control>
                <control type="button" id="127">
					<description>Background Settings</description>
                    <include>dialogbutton_popup</include>
					<label>- Reset $LOCALIZE[31102]</label>
					<onclick>Skin.Reset(user_bkg_pvr)</onclick>
				</control>
				<include content="WidgetGeneralSettings">
					<param name="id1" value="128"/>
					<param name="id2" value="129"/>
					<param name="id3" value="130"/>
				</include>
            </control>
            <control type="grouplist" id="36100"> <!-- radio -->
                <left>45</left>
                <top>188</top>
                <width>1110</width>
                <height>870</height>
                <height>675</height>
                <itemgap>3</itemgap>
                <visible>String.IsEqual(Window(Home).Property(HomeButton),radio)</visible>
                <control type="radiobutton" id="131">
                    <include>dialogbutton_popup</include>
                    <label>51493</label>
                    <onclick>Skin.ToggleSetting(Widget_PVR_Radio_WidgetChannels)</onclick>
                    <selected>Skin.HasSetting(Widget_PVR_Radio_WidgetChannels)</selected>
                </control>
                <control type="button" id="132">
                    <description>User Channels</description>
                    <include>dialogbutton_popup</include>
                    <label> $LOCALIZE[19141]</label>
                    <label2>$INFO[Skin.String(Widget_PVR_Radio_WidgetChannels_Path)]</label2>
                    <onclick>Skin.SetPath(Widget_PVR_Radio_WidgetChannels_Path,pvr://channels/radio)</onclick>
                    <visible>Skin.HasSetting(Widget_PVR_Radio_WidgetChannels)</visible>
                </control>
				<include content="separatorlabel">
					<param name="separatorlabel_id" value="133"/>
				</include>
                <control type="radiobutton" id="134">
                    <include>dialogbutton_popup</include>
					<label>Multiimage Background</label>
					<onclick>Skin.ToggleSetting(Home_Background_PVRRadio_Multiimage)</onclick>
					<selected>Skin.HasSetting(Home_Background_PVRRadio_Multiimage)</selected>
				</control>
                <control type="button" id="135">
					<description>Background Settings</description>
                    <include>dialogbutton_popup</include>
					<label>31102</label>
					<label2>$INFO[Skin.String(user_bkg_radio)]</label2>
					<onclick condition="!Skin.HasSetting(Home_Background_PVRRadio_Multiimage)">Skin.SetImage(user_bkg_radio,smb://)</onclick>
					<onclick condition="Skin.HasSetting(Home_Background_PVRRadio_Multiimage)">Skin.SetPath(user_bkg_radio,smb://)</onclick>
				</control>
                <control type="button" id="136">
					<description>Background Settings</description>
                    <include>dialogbutton_popup</include>
					<label>- Reset $LOCALIZE[31102]</label>
					<onclick>Skin.Reset(user_bkg_radio)</onclick>
				</control>
				<include content="WidgetGeneralSettings">
					<param name="id1" value="137"/>
					<param name="id2" value="138"/>
					<param name="id3" value="139"/>
				</include>
            </control>
            <control type="grouplist" id="36100"> <!-- custom1 -->
                <left>45</left>
                <top>188</top>
                <width>1110</width>
                <height>870</height>
                <height>675</height>
                <itemgap>3</itemgap>
                <visible>String.IsEqual(Window(Home).Property(HomeButton),custom1)</visible>
                <control type="radiobutton" id="140">
                    <include>dialogbutton_popup</include>
                    <label>Widget - $LOCALIZE[409]</label>
                    <onclick>Skin.ToggleSetting(HomeWidget_Custom1_Standard)</onclick>
                    <onclick>Skin.Reset(HomeWidget_Custom1_User)</onclick>
                    <selected>Skin.HasSetting(HomeWidget_Custom1_Standard)</selected>
                </control>
                <control type="radiobutton" id="141">
                    <include>dialogbutton_popup</include>
                    <label>Widget - $LOCALIZE[636]</label>
                    <onclick>Skin.ToggleSetting(HomeWidget_Custom1_User)</onclick>
                    <onclick>Skin.Reset(HomeWidget_Custom1_Standard)</onclick>
                    <selected>Skin.HasSetting(HomeWidget_Custom1_User)</selected>
                </control>
                <control type="button" id="142">
                    <include>dialogbutton_popup</include>
					<label>- $LOCALIZE[21899]</label>
					<label2>$INFO[Skin.String(HomeWidget_Custom1_Label)]</label2>
					<onclick>Skin.SetString(HomeWidget_Custom1_Label)</onclick>
					<!-- <enable>Skin.HasSetting(HomeWidget_Custom1_User)</enable> -->
				</control>
                <control type="button" id="143">
                    <include>dialogbutton_popup</include>
					<label>- $LOCALIZE[573]</label>
					<label2>$INFO[Skin.String(HomeWidget_Custom1_Path)]</label2>
					<onclick>$VAR[HomeWidget_Custom1_Currentpath]</onclick>
					<enable>Skin.HasSetting(HomeWidget_Custom1_User)</enable>
				</control>
				<include content="WidgetGeneralSettings">
					<param name="id1" value="144"/>
					<param name="id2" value="145"/>
					<param name="id3" value="146"/>
				</include>
            </control>
            <control type="grouplist" id="36100"> <!-- custom2 -->
                <left>45</left>
                <top>188</top>
                <width>1110</width>
                <height>870</height>
                <height>675</height>
                <itemgap>3</itemgap>
                <visible>String.IsEqual(Window(Home).Property(HomeButton),custom2)</visible>
                <control type="radiobutton" id="150">
                    <include>dialogbutton_popup</include>
                    <label>Widget - $LOCALIZE[409]</label>
                    <onclick>Skin.ToggleSetting(HomeWidget_Custom2_Standard)</onclick>
                    <onclick>Skin.Reset(HomeWidget_Custom2_User)</onclick>
                    <selected>Skin.HasSetting(HomeWidget_Custom2_Standard)</selected>
                </control>
                <control type="radiobutton" id="151">
                    <include>dialogbutton_popup</include>
                    <label>Widget - $LOCALIZE[636]</label>
                    <onclick>Skin.ToggleSetting(HomeWidget_Custom2_User)</onclick>
                    <onclick>Skin.Reset(HomeWidget_Custom2_Standard)</onclick>
                    <selected>Skin.HasSetting(HomeWidget_Custom2_User)</selected>
                </control>
                <control type="button" id="152">
                    <include>dialogbutton_popup</include>
					<label>- $LOCALIZE[21899]</label>
					<label2>$INFO[Skin.String(HomeWidget_Custom2_Label)]</label2>
					<onclick>Skin.SetString(HomeWidget_Custom2_Label)</onclick>
					<!-- <enable>Skin.HasSetting(HomeWidget_Custom2_User)</enable> -->
				</control>
                <control type="button" id="153">
                    <include>dialogbutton_popup</include>
					<label>- $LOCALIZE[573]</label>
					<label2>$INFO[Skin.String(HomeWidget_Custom2_Path)]</label2>
					<onclick>$VAR[HomeWidget_Custom2_Currentpath]</onclick>
					<enable>Skin.HasSetting(HomeWidget_Custom2_User)</enable>
				</control>
				<include content="WidgetGeneralSettings">
					<param name="id1" value="154"/>
					<param name="id2" value="155"/>
					<param name="id3" value="156"/>
				</include>
            </control>
            <control type="grouplist" id="36100"> <!-- custom3 -->
                <left>45</left>
                <top>188</top>
                <width>1110</width>
                <height>870</height>
                <height>675</height>
                <itemgap>3</itemgap>
                <visible>String.IsEqual(Window(Home).Property(HomeButton),custom3)</visible>
                <control type="radiobutton" id="160">
                    <include>dialogbutton_popup</include>
                    <label>Widget - $LOCALIZE[409]</label>
                    <onclick>Skin.ToggleSetting(HomeWidget_Custom3_Standard)</onclick>
                    <onclick>Skin.Reset(HomeWidget_Custom3_User)</onclick>
                    <selected>Skin.HasSetting(HomeWidget_Custom3_Standard)</selected>
                </control>
                <control type="radiobutton" id="161">
                    <include>dialogbutton_popup</include>
                    <label>Widget - $LOCALIZE[636]</label>
                    <onclick>Skin.ToggleSetting(HomeWidget_Custom3_User)</onclick>
                    <onclick>Skin.Reset(HomeWidget_Custom3_Standard)</onclick>
                    <selected>Skin.HasSetting(HomeWidget_Custom3_User)</selected>
                </control>
                <control type="button" id="162">
                    <include>dialogbutton_popup</include>
					<label>- $LOCALIZE[21899]</label>
					<label2>$INFO[Skin.String(HomeWidget_Custom3_Label)]</label2>
					<onclick>Skin.SetString(HomeWidget_Custom3_Label)</onclick>
					<!-- <enable>Skin.HasSetting(HomeWidget_Custom3_User)</enable> -->
				</control>
                <control type="button" id="163">
                    <include>dialogbutton_popup</include>
					<label>- $LOCALIZE[573]</label>
					<label2>$INFO[Skin.String(HomeWidget_Custom3_Path)]</label2>
					<onclick>$VAR[HomeWidget_Custom3_Currentpath]</onclick>
					<enable>Skin.HasSetting(HomeWidget_Custom3_User)</enable>
				</control>
				<include content="WidgetGeneralSettings">
					<param name="id1" value="164"/>
					<param name="id2" value="165"/>
					<param name="id3" value="166"/>
				</include>
            </control>
            <control type="grouplist" id="36100"> <!-- custom4 -->
                <left>45</left>
                <top>188</top>
                <width>1110</width>
                <height>870</height>
                <height>675</height>
                <itemgap>3</itemgap>
                <visible>String.IsEqual(Window(Home).Property(HomeButton),custom4)</visible>
                <control type="radiobutton" id="170">
                    <include>dialogbutton_popup</include>
                    <label>Widget - $LOCALIZE[409]</label>
                    <onclick>Skin.ToggleSetting(HomeWidget_Custom4_Standard)</onclick>
                    <onclick>Skin.Reset(HomeWidget_Custom4_User)</onclick>
                    <selected>Skin.HasSetting(HomeWidget_Custom4_Standard)</selected>
                </control>
                <control type="radiobutton" id="171">
                    <include>dialogbutton_popup</include>
                    <label>Widget - $LOCALIZE[636]</label>
                    <onclick>Skin.ToggleSetting(HomeWidget_Custom4_User)</onclick>
                    <onclick>Skin.Reset(HomeWidget_Custom4_Standard)</onclick>
                    <selected>Skin.HasSetting(HomeWidget_Custom4_User)</selected>
                </control>
                <control type="button" id="172">
                    <include>dialogbutton_popup</include>
					<label>- $LOCALIZE[21899]</label>
					<label2>$INFO[Skin.String(HomeWidget_Custom4_Label)]</label2>
					<onclick>Skin.SetString(HomeWidget_Custom4_Label)</onclick>
					<!-- <enable>Skin.HasSetting(HomeWidget_Custom4_User)</enable> -->
				</control>
                <control type="button" id="173">
                    <include>dialogbutton_popup</include>
					<label>- $LOCALIZE[573]</label>
					<label2>$INFO[Skin.String(HomeWidget_Custom4_Path)]</label2>
					<onclick>$VAR[HomeWidget_Custom4_Currentpath]</onclick>
					<enable>Skin.HasSetting(HomeWidget_Custom4_User)</enable>
				</control>
				<include content="WidgetGeneralSettings">
					<param name="id1" value="175"/>
					<param name="id2" value="176"/>
					<param name="id3" value="177"/>
				</include>
            </control>
            <control type="grouplist" id="36100"> <!-- custom5 -->
                <left>45</left>
                <top>188</top>
                <width>1110</width>
                <height>870</height>
                <height>675</height>
                <itemgap>3</itemgap>
                <visible>String.IsEqual(Window(Home).Property(HomeButton),custom5)</visible>
                <control type="radiobutton" id="180">
                    <include>dialogbutton_popup</include>
                    <label>Widget - $LOCALIZE[409]</label>
                    <onclick>Skin.ToggleSetting(HomeWidget_Custom5_Standard)</onclick>
                    <onclick>Skin.Reset(HomeWidget_Custom5_User)</onclick>
                    <selected>Skin.HasSetting(HomeWidget_Custom5_Standard)</selected>
                </control>
                <control type="radiobutton" id="181">
                    <include>dialogbutton_popup</include>
                    <label>Widget - $LOCALIZE[636]</label>
                    <onclick>Skin.ToggleSetting(HomeWidget_Custom5_User)</onclick>
                    <onclick>Skin.Reset(HomeWidget_Custom5_Standard)</onclick>
                    <selected>Skin.HasSetting(HomeWidget_Custom5_User)</selected>
                </control>
                <control type="button" id="182">
                    <include>dialogbutton_popup</include>
					<label>- $LOCALIZE[21899]</label>
					<label2>$INFO[Skin.String(HomeWidget_Custom5_Label)]</label2>
					<onclick>Skin.SetString(HomeWidget_Custom5_Label)</onclick>
					<!-- <enable>Skin.HasSetting(HomeWidget_Custom5_User)</enable> -->
				</control>
                <control type="button" id="183">
                    <include>dialogbutton_popup</include>
					<label>- $LOCALIZE[573]</label>
					<label2>$INFO[Skin.String(HomeWidget_Custom5_Path)]</label2>
					<onclick>$VAR[HomeWidget_Custom5_Currentpath]</onclick>
					<enable>Skin.HasSetting(HomeWidget_Custom5_User)</enable>
				</control>
				<include content="WidgetGeneralSettings">
					<param name="id1" value="185"/>
					<param name="id2" value="186"/>
					<param name="id3" value="187"/>
				</include>
            </control>
            <control type="grouplist" id="36100"> <!-- custom6 -->
                <left>45</left>
                <top>188</top>
                <width>1110</width>
                <height>870</height>
                <height>675</height>
                <itemgap>3</itemgap>
                <visible>String.IsEqual(Window(Home).Property(HomeButton),custom6)</visible>
                <control type="radiobutton" id="190">
                    <include>dialogbutton_popup</include>
                    <label>Widget - $LOCALIZE[409]</label>
                    <onclick>Skin.ToggleSetting(HomeWidget_Custom6_Standard)</onclick>
                    <onclick>Skin.Reset(HomeWidget_Custom6_User)</onclick>
                    <selected>Skin.HasSetting(HomeWidget_Custom6_Standard)</selected>
                </control>
                <control type="radiobutton" id="191">
                    <include>dialogbutton_popup</include>
                    <label>Widget - $LOCALIZE[636]</label>
                    <onclick>Skin.ToggleSetting(HomeWidget_Custom6_User)</onclick>
                    <onclick>Skin.Reset(HomeWidget_Custom6_Standard)</onclick>
                    <selected>Skin.HasSetting(HomeWidget_Custom6_User)</selected>
                </control>
                <control type="button" id="192">
                    <include>dialogbutton_popup</include>
					<label>- $LOCALIZE[21899]</label>
					<label2>$INFO[Skin.String(HomeWidget_Custom6_Label)]</label2>
					<onclick>Skin.SetString(HomeWidget_Custom6_Label)</onclick>
					<!-- <enable>Skin.HasSetting(HomeWidget_Custom6_User)</enable> -->
				</control>
                <control type="button" id="193">
                    <include>dialogbutton_popup</include>
					<label>- $LOCALIZE[573]</label>
					<label2>$INFO[Skin.String(HomeWidget_Custom6_Path)]</label2>
					<onclick>$VAR[HomeWidget_Custom6_Currentpath]</onclick>
					<enable>Skin.HasSetting(HomeWidget_Custom6_User)</enable>
				</control>
				<include content="WidgetGeneralSettings">
					<param name="id1" value="195"/>
					<param name="id2" value="196"/>
					<param name="id3" value="197"/>
				</include>
            </control>
            <control type="grouplist" id="36100"> <!-- custom7 -->
                <left>45</left>
                <top>188</top>
                <width>1110</width>
                <height>870</height>
                <height>675</height>
                <itemgap>3</itemgap>
                <visible>String.IsEqual(Window(Home).Property(HomeButton),custom7)</visible>
                <control type="radiobutton" id="200">
                    <include>dialogbutton_popup</include>
                    <label>Widget - $LOCALIZE[409]</label>
                    <onclick>Skin.ToggleSetting(HomeWidget_Custom7_Standard)</onclick>
                    <onclick>Skin.Reset(HomeWidget_Custom7_User)</onclick>
                    <selected>Skin.HasSetting(HomeWidget_Custom7_Standard)</selected>
                </control>
                <control type="radiobutton" id="201">
                    <include>dialogbutton_popup</include>
                    <label>Widget - $LOCALIZE[636]</label>
                    <onclick>Skin.ToggleSetting(HomeWidget_Custom7_User)</onclick>
                    <onclick>Skin.Reset(HomeWidget_Custom7_Standard)</onclick>
                    <selected>Skin.HasSetting(HomeWidget_Custom7_User)</selected>
                </control>
                <control type="button" id="202">
                    <include>dialogbutton_popup</include>
					<label>- $LOCALIZE[21899]</label>
					<label2>$INFO[Skin.String(HomeWidget_Custom7_Label)]</label2>
					<onclick>Skin.SetString(HomeWidget_Custom7_Label)</onclick>
					<!-- <enable>Skin.HasSetting(HomeWidget_Custom7_User)</enable> -->
				</control>
                <control type="button" id="203">
                    <include>dialogbutton_popup</include>
					<label>- $LOCALIZE[573]</label>
					<label2>$INFO[Skin.String(HomeWidget_Custom7_Path)]</label2>
					<onclick>$VAR[HomeWidget_Custom7_Currentpath]</onclick>
					<enable>Skin.HasSetting(HomeWidget_Custom7_User)</enable>
				</control>
				<include content="WidgetGeneralSettings">
					<param name="id1" value="205"/>
					<param name="id2" value="206"/>
					<param name="id3" value="207"/>
				</include>
            </control>
            <control type="grouplist" id="36100"> <!-- custom8 -->
                <left>45</left>
                <top>188</top>
                <width>1110</width>
                <height>870</height>
                <height>675</height>
                <itemgap>3</itemgap>
                <visible>String.IsEqual(Window(Home).Property(HomeButton),custom8)</visible>
                <control type="radiobutton" id="210">
                    <include>dialogbutton_popup</include>
                    <label>Widget - $LOCALIZE[409]</label>
                    <onclick>Skin.ToggleSetting(HomeWidget_Custom8_Standard)</onclick>
                    <onclick>Skin.Reset(HomeWidget_Custom8_User)</onclick>
                    <selected>Skin.HasSetting(HomeWidget_Custom8_Standard)</selected>
                </control>
                <control type="radiobutton" id="211">
                    <include>dialogbutton_popup</include>
                    <label>Widget - $LOCALIZE[636]</label>
                    <onclick>Skin.ToggleSetting(HomeWidget_Custom8_User)</onclick>
                    <onclick>Skin.Reset(HomeWidget_Custom8_Standard)</onclick>
                    <selected>Skin.HasSetting(HomeWidget_Custom8_User)</selected>
                </control>
                <control type="button" id="212">
                    <include>dialogbutton_popup</include>
					<label>- $LOCALIZE[21899]</label>
					<label2>$INFO[Skin.String(HomeWidget_Custom8_Label)]</label2>
					<onclick>Skin.SetString(HomeWidget_Custom8_Label)</onclick>
					<!-- <enable>Skin.HasSetting(HomeWidget_Custom8_User)</enable> -->
				</control>
                <control type="button" id="213">
                    <include>dialogbutton_popup</include>
					<label>- $LOCALIZE[573]</label>
					<label2>$INFO[Skin.String(HomeWidget_Custom8_Path)]</label2>
					<onclick>$VAR[HomeWidget_Custom8_Currentpath]</onclick>
					<enable>Skin.HasSetting(HomeWidget_Custom8_User)</enable>
				</control>
				<include content="WidgetGeneralSettings">
					<param name="id1" value="215"/>
					<param name="id2" value="216"/>
					<param name="id3" value="217"/>
				</include>
            </control>
            <control type="grouplist" id="36100"> <!-- custom9 -->
                <left>45</left>
                <top>188</top>
                <width>1110</width>
                <height>870</height>
                <height>675</height>
                <itemgap>3</itemgap>
                <visible>String.IsEqual(Window(Home).Property(HomeButton),custom9)</visible>
                <control type="radiobutton" id="220">
                    <include>dialogbutton_popup</include>
                    <label>Widget - $LOCALIZE[409]</label>
                    <onclick>Skin.ToggleSetting(HomeWidget_Custom9_Standard)</onclick>
                    <onclick>Skin.Reset(HomeWidget_Custom9_User)</onclick>
                    <selected>Skin.HasSetting(HomeWidget_Custom9_Standard)</selected>
                </control>
                <control type="radiobutton" id="221">
                    <include>dialogbutton_popup</include>
                    <label>Widget - $LOCALIZE[636]</label>
                    <onclick>Skin.ToggleSetting(HomeWidget_Custom9_User)</onclick>
                    <onclick>Skin.Reset(HomeWidget_Custom9_Standard)</onclick>
                    <selected>Skin.HasSetting(HomeWidget_Custom9_User)</selected>
                </control>
                <control type="button" id="222">
                    <include>dialogbutton_popup</include>
					<label>- $LOCALIZE[21899]</label>
					<label2>$INFO[Skin.String(HomeWidget_Custom9_Label)]</label2>
					<onclick>Skin.SetString(HomeWidget_Custom9_Label)</onclick>
					<!-- <enable>Skin.HasSetting(HomeWidget_Custom9_User)</enable> -->
				</control>
                <control type="button" id="223">
                    <include>dialogbutton_popup</include>
					<label>- $LOCALIZE[573]</label>
					<label2>$INFO[Skin.String(HomeWidget_Custom9_Path)]</label2>
					<onclick>$VAR[HomeWidget_Custom9_Currentpath]</onclick>
					<enable>Skin.HasSetting(HomeWidget_Custom9_User)</enable>
				</control>
				<include content="WidgetGeneralSettings">
					<param name="id1" value="225"/>
					<param name="id2" value="226"/>
					<param name="id3" value="227"/>
				</include>
            </control>
            <control type="grouplist" id="36100"> <!-- games -->
                <left>45</left>
                <top>188</top>
                <width>1110</width>
                <height>870</height>
                <height>675</height>
                <itemgap>3</itemgap>
                <visible>String.IsEqual(Window(Home).Property(HomeButton),games)</visible>
                <control type="radiobutton" id="230">
                    <include>dialogbutton_popup</include>
                    <label>10821</label>
                    <onclick>Skin.ToggleSetting(Widget_LastusedGames)</onclick>
                    <selected>Skin.HasSetting(Widget_LastusedGames)</selected>
					<visible>!Skin.HasSetting(HomeMenuNoGamesButton)+!Skin.HasSetting(Home_Games_Button)</visible>
                </control>
                <control type="radiobutton" id="231">
                    <include>dialogbutton_popup</include>
                    <label>Widget - $LOCALIZE[409]</label>
                    <onclick>Skin.Reset(HomeWidget_Games_User)</onclick>
                    <onclick>Skin.ToggleSetting(HomeWidget_Games_Standard)</onclick>
                    <selected>Skin.HasSetting(HomeWidget_Games_Standard)</selected>
					<visible>!Skin.HasSetting(HomeMenuNoGamesButton)+Skin.HasSetting(Home_Games_Button)</visible>
                </control>
                <control type="radiobutton" id="232">
                    <include>dialogbutton_popup</include>
                    <label>Widget - $LOCALIZE[636]</label>
                    <onclick>Skin.ToggleSetting(HomeWidget_Games_User)</onclick>
                    <onclick>Skin.Reset(HomeWidget_Games_Standard)</onclick>
                    <selected>Skin.HasSetting(HomeWidget_Games_User)</selected>
					<visible>!Skin.HasSetting(HomeMenuNoGamesButton)+Skin.HasSetting(Home_Games_Button)</visible>
                </control>
                <control type="button" id="233">
                    <include>dialogbutton_popup</include>
					<label>- $LOCALIZE[21899]</label>
					<label2>$INFO[Skin.String(HomeWidget_Games_Label)]</label2>
					<onclick>Skin.SetString(HomeWidget_Games_Label)</onclick>
					<visible>!Skin.HasSetting(HomeMenuNoGamesButton)+Skin.HasSetting(Home_Games_Button)</visible>
				</control>
                <control type="button" id="234">
                    <include>dialogbutton_popup</include>
					<label>- $LOCALIZE[573]</label>
					<label2>$INFO[Skin.String(HomeWidget_Games_Path)]</label2>
					<onclick>$VAR[HomeWidget_Games_Currentpath]</onclick>
					<enable>Skin.HasSetting(HomeWidget_Games_User)</enable>
					<visible>!Skin.HasSetting(HomeMenuNoGamesButton)+Skin.HasSetting(Home_Games_Button)</visible>
				</control>
				<include content="WidgetGeneralSettings">
					<param name="id1" value="235"/>
					<param name="id2" value="236"/>
					<param name="id3" value="237"/>
				</include>
            </control>
        </control>
    </controls>
</window>
