<?xml version="1.0" encoding="utf-8"?>
<window type="dialog" id="1102">
    <defaultcontrol>61</defaultcontrol>
    <include>openclose</include>
    <controls>
        <control type="image">
            <include>Dimensions_Fullscreen</include>
            <!-- <colordiffuse>25FFFFFF</colordiffuse> -->
            <texture>WhiteBack.png</texture>
        </control>
        <control type="group">
            <include>openclosebox</include>
            <include content="DialogInfoBackgroundParam">
                <param name="DialogBackgroundLeft" value="240" />
                <param name="DialogBackgroundTop" value="90" />
                <param name="DialogBackgroundWidth" value="1448" />
                <param name="DialogBackgroundHeight" value="908" />
                <param name="DialogSeparatorTop" value="165" />
                <param name="DialogSeparatorBottom" value="998" />
                <param name="DialogShadowTop" value="1000" />
                <param name="DialogHeaderLabel" value="$INFO[Window(home).Property(TextViewer_Header)]" />
                <param name="DialogHeaderTop" value="105" />
                <param name="DialogHeaderId" value="1" />
            </include>
            <control type="group">
                <left>240</left>
                <top>82</top>
                <control type="textbox">
                    <description>textarea</description>
                    <left>15</left>
                    <top>108</top>
                    <width>1383</width>
                    <height>774</height>
                    <align>justify</align>
					<pagecontrol>61</pagecontrol>
					<include condition="!Skin.HasSetting(BigPlotText)">PlotText16Var</include>
					<include condition="Skin.HasSetting(BigPlotText)">PlotTextBigVar</include>
					<label>$INFO[Window(home).Property(TextViewer_Bottom),[COLOR=description],[/COLOR][CR][CR]]$INFO[Window(home).Property(TextViewer_Text)]</label>
                </control>
                <control type="scrollbar" id="61">
                    <left>1410</left>
                    <top>90</top>
                    <height>774</height>
                    <onleft>Close</onleft>
                    <onright>Close</onright>
                    <ondown>61</ondown>
                    <onup>61</onup>
                </control>
				<control type="image">
					<left>15</left>
					<top>785</top>
					<width>1383</width>
					<height>100</height>
					<aspectratio aligny="bottom">keep</aspectratio>
					<texture>$VAR[BannerVAR]</texture>
					<!-- <visible>!String.IsEmpty(ListItem.Art(banner))</visible> -->
				</control>
            </control>
        </control>
    </controls>
</window>

