<?xml version="1.0" encoding="UTF-8"?>
<window type="dialog" id="1600">
    <zorder>2</zorder>
    <visible>!Window.IsVisible(startup)</visible>
    <controls>
		<control type="group">
			<visible>!Window.IsActive(startup)</visible>
			<visible>Player.Muted</visible>
			<left>1810</left>
			<top>60</top>
            <animation type="WindowOpen" condition="Skin.HasSetting(animation)">
                <effect type="fade" start="0" end="100" time="300"/>
                <effect type="slide" start="300,0" end="0,0" time="500"/>
            </animation>
            <animation type="WindowClose" condition="Skin.HasSetting(animation)">
                <effect type="fade" start="100" end="0" time="500" delay="200" />
                <effect type="slide" start="0,0" end="300,0" time="1000" delay="200" />
            </animation>
			<animation effect="slide" end="0,100" time="250" delay="20" condition="Window.IsVisible(musicosd)|Window.IsVisible(videoosd)">Conditional</animation>
			<control type="image">
				<left>54</left>
				<top>10</top>
				<width>300</width>
				<height>82</height>
				<colordiffuse>grey1</colordiffuse>
				<texture border="10">OverlayDialogBackground.png</texture>
			</control>
			<control type="image">
				<left>3</left>
				<top>0</top>
				<width>104</width>
				<height>102</height>
				<colordiffuse>grey1</colordiffuse>
				<texture>Pin.png</texture>
			</control>
			<control type="image">
				<left>13</left>
				<top>9</top>
				<width>84</width>
				<height>84</height>
				<colordiffuse>grey3</colordiffuse>
				<texture>dialogs/volume/progress/p100.png</texture>
			</control>
			<control type="image">
				<left>21</left>
				<top>16</top>
				<width>68</width>
				<height>68</height>
				<fadetime>200</fadetime>
				<texture>osd/AudioMute.png</texture>
				<visible>Player.Muted</visible>
			</control>
		</control>
        <control type="group">
            <!-- Fake Videowindow for flowing presentation -->
            <control type="videowindow">
                <left>0</left>
                <top>0</top>
                <width>1</width>
                <height>1</height>
				<visible>![Window.IsVisible(MyPVRChannels.xml)|Window.IsVisible(MyPVRGuide.xml)|Window.IsVisible(MyPVRRecordings.xml)|Window.IsVisible(MyPVRTimers.xml)|Window.IsVisible(MyPVRSearch.xml)]</visible>
                <visible>!Window.IsVisible(Home)+!Window.IsVisible(fullscreenvideo)+!Window.IsVisible(movieinformation)</visible>
            </control>
            <control type="image">
                <left>0</left>
                <top>0</top>
                <width>1</width>
                <height>1</height>
                <texture>Black.png</texture>
				<visible>![Window.IsVisible(MyPVRChannels.xml)|Window.IsVisible(MyPVRGuide.xml)|Window.IsVisible(MyPVRRecordings.xml)|Window.IsVisible(MyPVRTimers.xml)|Window.IsVisible(MyPVRSearch.xml)]</visible>
                <visible>!Window.IsVisible(Home)+!Window.IsVisible(fullscreenvideo)+!Window.IsVisible(movieinformation)</visible>
            </control>
        </control>
        <!-- Fullscreen Logo -->
        <control type="group">
            <visible>!VideoPlayer.Content(livetv)</visible>
            <control type="image" id="5000">
                <description>Clearart Image TV Shows</description>
                <animation type="Visible" reversible="false">
                    <effect type="fade" start="0" end="100" time="800" delay="1500" />
                    <effect type="fade" start="100" end="0" time="400" delay="11000" />
                </animation>
                <left>30</left>
                <top>836</top>
                <height>230</height>
                <width>390</width>
                <aspectratio align="center" aligny="bottom">keep</aspectratio>
                <texture border="4">$VAR[extraart_player_rule]</texture>
                <visible>[VideoPlayer.Content(episodes)|VideoPlayer.Content(movies)]+Skin.HasSetting(EnableExtendedArt)</visible>
                <visible>Window.IsVisible(fullscreenvideo)+!Window.IsVisible(SeekBar)</visible>
            </control>
            <control type="image">
                <description>Clearart Image TV Shows</description>
                <animation type="Visible" reversible="false">
                    <effect type="zoom" start="50" end="150" center="auto" time="600" delay="1000" />
                    <effect type="zoom" start="150" end="0" center="auto" time="400" delay="1600" />
                    <effect type="fade" start="100" end="0" time="400" delay="2000" />
                </animation>
                <left>-225</left>
                <top>495</top>
                <height>900</height>
                <width>900</width>
                <colordiffuse>menudiffuse</colordiffuse>
                <texture background="true" border="4">effects/supernova.png</texture>
                <visible>[VideoPlayer.Content(episodes)|VideoPlayer.Content(movies)]+Skin.HasSetting(EnableExtendedArt)</visible>
                <visible>Window.IsVisible(fullscreenvideo)+!Window.IsVisible(SeekBar)+!String.IsEmpty(Control.GetLabel(5000))</visible>
            </control>
        </control>
        <!-- Global debug grid -->
        <control type="image">
            <left>0</left>
            <top>0</top>
            <width>1920</width>
            <height>1080</height>
            <texture background="true">special://skin/backgrounds/debuggrid720.png</texture>
            <visible>Skin.HasSetting(DebugGrid)</visible>
        </control>
        <!-- Window/Dialog debug -->
        <control type="grouplist">
            <left>15</left>
            <top>15</top>
            <width>780</width>
            <height>450</height>
            <itemgap>12</itemgap>
            <visible>Skin.HasSetting(DebugInfo)</visible>
            <!-- Window labels -->
            <control type="label">
                <include>WindowID</include>
                <label>AddonBrowser.xml</label>
                <visible>Window.IsVisible(AddonBrowser.xml)</visible>
            </control>
            <control type="label">
                <include>WindowID</include>
                <label>CustomSettings.xml</label>
                <visible>Window.IsVisible(CustomSettings.xml)</visible>
            </control>
            <control type="label">
                <include>WindowID</include>
                <label>FileManager.xml</label>
                <visible>Window.IsVisible(FileManager.xml)</visible>
            </control>
            <control type="label">
                <include>WindowID</include>
                <label>Home.xml</label>
                <visible>Window.IsVisible(Home.xml)</visible>
            </control>
            <control type="label">
                <include>WindowID</include>
                <label>LoginScreen.xml</label>
                <visible>Window.IsVisible(LoginScreen.xml)</visible>
            </control>
            <control type="label">
                <include>WindowID</include>
                <label>MyMusicNav.xml</label>
                <visible>Window.IsVisible(MyMusicNav.xml)</visible>
            </control>
            <control type="label">
                <include>WindowID</include>
                <label>MyMusicPlaylist.xml</label>
                <visible>Window.IsVisible(MyMusicPlaylist.xml)</visible>
            </control>
            <control type="label">
                <include>WindowID</include>
                <label>MyMusicPlaylistEditor.xml</label>
                <visible>Window.IsVisible(MyMusicPlaylistEditor.xml)</visible>
            </control>
            <control type="label">
                <include>WindowID</include>
                <label>MyMusicSongs.xml</label>
                <visible>Window.IsVisible(MyMusicSongs.xml)</visible>
            </control>
            <control type="label">
                <include>WindowID</include>
                <label>MyPics.xml</label>
                <visible>Window.IsVisible(MyPics.xml)</visible>
            </control>
            <control type="label">
                <include>WindowID</include>
                <label>MyPrograms.xml</label>
                <visible>Window.IsVisible(MyPrograms.xml)</visible>
            </control>
            <control type="label">
                <include>WindowID</include>
                <label>MyVideoNav.xml</label>
                <visible>Window.IsVisible(MyVideoNav.xml)</visible>
            </control>
            <control type="label">
                <include>WindowID</include>
                <label>MyVideoPlaylist.xml</label>
                <visible>Window.IsVisible(MyVideoPlaylist.xml)</visible>
            </control>
            <control type="label">
                <include>WindowID</include>
                <label>MyWeather.xml</label>
                <visible>Window.IsVisible(MyWeather.xml)</visible>
            </control>
            <control type="label">
                <include>WindowID</include>
                <label>Settings.xml</label>
                <visible>Window.IsVisible(Settings.xml)</visible>
            </control>
            <control type="label">
                <include>WindowID</include>
                <label>SettingsCategory.xml</label>
                <visible>Window.IsVisible(SettingsCategory.xml)</visible>
            </control>
            <control type="label">
                <include>WindowID</include>
                <label>SettingsProfile.xml</label>
                <visible>Window.IsVisible(SettingsProfile.xml)</visible>
            </control>
            <control type="label">
                <include>WindowID</include>
                <label>VideoFullScreen.xml</label>
                <visible>Window.IsVisible(VideoFullScreen.xml)</visible>
            </control>
            <!-- Dialog labels -->
            <control type="label">
                <include>DialogID</include>
                <label>DialogAddonInfo.xml</label>
                <visible>Window.IsVisible(DialogAddonInfo.xml)</visible>
            </control>
            <control type="label">
                <include>DialogID</include>
                <label>DialogAddonSettings.xml</label>
                <visible>Window.IsVisible(DialogAddonSettings.xml)</visible>
            </control>
            <control type="label">
                <include>DialogID</include>
                <label>DialogAlbumInfo.xml</label>
                <visible>Window.IsVisible(DialogAlbumInfo.xml)</visible>
            </control>
            <control type="label">
                <include>DialogID</include>
                <label>DialogBusy.xml</label>
                <visible>Window.IsVisible(DialogBusy.xml)</visible>
            </control>
            <control type="label">
                <include>DialogID</include>
                <label>DialogButtonMenu.xml</label>
                <visible>Window.IsVisible(DialogButtonMenu.xml)</visible>
            </control>
            <control type="label">
                <include>DialogID</include>
                <label>DialogContentSettings.xml</label>
                <visible>Window.IsVisible(DialogContentSettings.xml)</visible>
            </control>
            <control type="label">
                <include>DialogID</include>
                <label>DialogContextMenu.xml</label>
                <visible>Window.IsVisible(DialogContextMenu.xml)</visible>
            </control>
            <control type="label">
                <include>DialogID</include>
                <label>DialogFavourites.xml</label>
                <visible>Window.IsVisible(DialogFavourites.xml)</visible>
            </control>
            <control type="label">
                <include>DialogID</include>
                <label>DialogFileStacking.xml</label>
                <visible>Window.IsVisible(DialogFileStacking.xml)</visible>
            </control>
            <control type="label">
                <include>DialogID</include>
                <label>DialogFullScreenInfo.xml</label>
                <visible>Window.IsVisible(DialogFullScreenInfo.xml)</visible>
            </control>
            <control type="label">
                <include>DialogID</include>
                <label>DialogKaiToast.xml</label>
                <visible>Window.IsVisible(DialogKaiToast.xml)</visible>
            </control>
            <control type="label">
                <include>DialogID</include>
                <label>DialogKaraokeSongSelector.xml</label>
                <visible>Window.IsVisible(DialogKaraokeSongSelector.xml)</visible>
            </control>
            <control type="label">
                <include>DialogID</include>
                <label>DialogKaraokeSongSelectorLarge.xml</label>
                <visible>Window.IsVisible(DialogKaraokeSongSelectorLarge.xml)</visible>
            </control>
            <control type="label">
                <include>DialogID</include>
                <label>DialogKeyboard.xml</label>
                <visible>Window.IsVisible(DialogKeyboard.xml)</visible>
            </control>
            <control type="label">
                <include>DialogID</include>
                <label>DialogMediaSource.xml</label>
                <visible>Window.IsVisible(DialogMediaSource.xml)</visible>
            </control>
            <control type="label">
                <include>DialogID</include>
                <label>DialogMusicScan.xml</label>
                <visible>Window.IsVisible(DialogMusicScan.xml)</visible>
            </control>
            <control type="label">
                <include>DialogID</include>
                <label>DialogMuteBug.xml</label>
                <visible>Window.IsVisible(DialogMuteBug.xml)</visible>
            </control>
            <control type="label">
                <include>DialogID</include>
                <label>DialogNetworkSetup.xml</label>
                <visible>Window.IsVisible(DialogNetworkSetup.xml)</visible>
            </control>
            <control type="label">
                <include>DialogID</include>
                <label>DialogNumeric.xml</label>
                <visible>Window.IsVisible(DialogNumeric.xml)</visible>
            </control>
            <control type="label">
                <include>DialogID</include>
                <label>DialogOk.xml</label>
                <visible>Window.IsVisible(DialogOk.xml)</visible>
            </control>
            <control type="label">
                <include>DialogID</include>
                <label>DialogPeripheralManager.xml</label>
                <visible>Window.IsVisible(DialogPeripheralManager.xml)</visible>
            </control>
            <control type="label">
                <include>DialogID</include>
                <label>DialogPeripheralSettings.xml</label>
                <visible>Window.IsVisible(DialogPeripheralSettings.xml)</visible>
            </control>
            <control type="label">
                <include>DialogID</include>
                <label>DialogPictureInfo.xml</label>
                <visible>Window.IsVisible(DialogPictureInfo.xml)</visible>
            </control>
            <control type="label">
                <include>DialogID</include>
                <label>DialogProgress.xml</label>
                <visible>Window.IsVisible(DialogProgress.xml)</visible>
            </control>
            <control type="label">
                <include>DialogID</include>
                <label>DialogSeekBar.xml</label>
                <visible>Window.IsVisible(DialogSeekbar.xml)</visible>
            </control>
            <control type="label">
                <include>DialogID</include>
                <label>DialogSelect.xml</label>
                <visible>Window.IsVisible(DialogSelect.xml)</visible>
            </control>
            <control type="label">
                <include>DialogID</include>
                <label>DialogSlider.xml</label>
                <visible>Window.IsVisible(DialogSlider.xml)</visible>
            </control>
            <control type="label">
                <include>DialogID</include>
                <label>DialogSongInfo.xml</label>
                <visible>Window.IsVisible(DialogSongInfo.xml)</visible>
            </control>
            <control type="label">
                <include>DialogID</include>
                <label>DialogTextViewer.xml</label>
                <visible>Window.IsVisible(DialogTextViewer.xml)</visible>
            </control>
            <control type="label">
                <include>DialogID</include>
                <label>DialogVideoInfo.xml</label>
                <visible>Window.IsVisible(DialogVideoInfo.xml)</visible>
            </control>
            <control type="label">
                <include>DialogID</include>
                <label>DialogVideoScan.xml</label>
                <visible>Window.IsVisible(DialogVideoScan.xml)</visible>
            </control>
            <control type="label">
                <include>DialogID</include>
                <label>DialogVolumeBar.xml</label>
                <visible>Window.IsVisible(DialogVolumeBar.xml)</visible>
            </control>
            <control type="label">
                <include>DialogID</include>
                <label>DialogYesNo.xml</label>
                <visible>Window.IsVisible(DialogYesNo.xml)</visible>
            </control>
            <control type="label">
                <include>DialogID</include>
                <label>FileBrowser.xml</label>
                <visible>Window.IsVisible(FileBrowser.xml)</visible>
            </control>
            <control type="label">
                <include>DialogID</include>
                <label>LockSettings.xml</label>
                <visible>Window.IsVisible(LockSettings.xml)</visible>
            </control>
            <control type="label">
                <include>DialogID</include>
                <label>MusicKaraokeLyrics.xml</label>
                <visible>Window.IsVisible(MusicKaraokeLyrics.xml)</visible>
            </control>
            <control type="label">
                <include>DialogID</include>
                <label>MusicOSD.xml</label>
                <visible>Window.IsVisible(MusicOSD.xml)</visible>
            </control>
            <control type="label">
                <include>DialogID</include>
                <label>MusicOverlay.xml</label>
                <visible>Window.IsVisible(MusicOverlay.xml)</visible>
            </control>
            <control type="label">
                <include>DialogID</include>
                <label>MusicVisualisation.xml</label>
                <visible>Window.IsVisible(MusicVisualisation.xml)</visible>
            </control>
            <control type="label">
                <include>DialogID</include>
                <label>PlayerControls.xml</label>
                <visible>Window.IsVisible(PlayerControls.xml)</visible>
            </control>
            <control type="label">
                <include>DialogID</include>
                <label>ProfileSettings.xml</label>
                <visible>Window.IsVisible(ProfileSettings.xml)</visible>
            </control>
            <control type="label">
                <include>DialogID</include>
                <label>SettingsScreenCalibration.xml</label>
                <visible>Window.IsVisible(SettingsScreenCalibration.xml)</visible>
            </control>
            <control type="label">
                <include>DialogID</include>
                <label>SettingsSystemInfo.xml</label>
                <visible>Window.IsVisible(SettingsSystemInfo.xml)</visible>
            </control>
            <control type="label">
                <include>DialogID</include>
                <label>SlideShow.xml</label>
                <visible>Window.IsVisible(SlideShow.xml)</visible>
            </control>
            <control type="label">
                <include>DialogID</include>
                <label>SmartPlaylistEditor.xml</label>
                <visible>Window.IsVisible(SmartPlaylistEditor.xml)</visible>
            </control>
            <control type="label">
                <include>DialogID</include>
                <label>SmartPlaylistRule.xml</label>
                <visible>Window.IsVisible(SmartPlaylistRule.xml)</visible>
            </control>
            <control type="label">
                <include>DialogID</include>
                <label>VideoOSD.xml</label>
                <visible>Window.IsVisible(VideoOSD.xml)</visible>
            </control>
            <control type="label">
                <include>DialogID</include>
                <label>VideoOSDBookmarks.xml</label>
                <visible>Window.IsVisible(VideoOSDBookmarks.xml)</visible>
            </control>
            <control type="label">
                <include>DialogID</include>
                <label>VideoOSDSettings.xml</label>
                <visible>Window.IsVisible(VideoOSDSettings.xml)</visible>
            </control>
            <control type="label">
                <include>DialogID</include>
                <label>VideoOverlay.xml</label>
                <visible>Window.IsVisible(VideoOverlay.xml)</visible>
            </control>
            <control type="label">
                <include>DialogID</include>
                <label>VisualisationPresetList.xml</label>
                <visible>Window.IsVisible(VisualisationPresetList.xml)</visible>
            </control>
        </control>
        <!-- Control label -->
        <control type="label">
            <include>PathID</include>
            <label>$INFO[System.CurrentControl]</label>
            <visible>Skin.HasSetting(DebugInfo)</visible>
        </control>
        <!-- Path label -->
        <control type="label">
            <left>0</left>
            <top>45</top>
            <include>PathID</include>
            <label>Container.FolderPath: $INFO[Container.FolderPath] | Container.FolderName: $INFO[Container.FolderName]</label>
            <visible>Skin.HasSetting(DebugInfo)</visible>
        </control>
        <control type="label">
            <left>0</left>
            <top>78</top>
            <include>PathID</include>
            <label>ListItem.FolderPath: $INFO[ListItem.FolderPath]</label>
            <visible>Skin.HasSetting(DebugInfo)</visible>
        </control>
        <control type="label">
            <left>0</left>
            <top>108</top>
            <include>PathID</include>
            <label>ListItem.DBID: $INFO[ListItem.DBID] | ListItem.DBTYPE: $INFO[ListItem.DBTYPE]</label>
            <visible>Skin.HasSetting(DebugInfo)</visible>
        </control>
        <control type="label">
            <left>0</left>
            <top>108</top>
            <include>PathID</include>
            <label>Artist Slide Show ON</label>
            <visible>Window(Visualisation).Property(ArtistSlideshowRunning)</visible>
            <visible>Skin.HasSetting(DebugInfo)</visible>
        </control>
        <control type="label">
            <left>0</left>
            <top>138</top>
            <include>PathID</include>
            <label>$INFO[Skin.String(moviegenreicons.path)]$INFO[ListItem.Label]$INFO[Skin.String(moviegenreicons.ext)]</label>
            <visible>!String.IsEmpty(Skin.String(moviegenreicons.name))+Container.Content(genres)</visible>
            <visible>Skin.HasSetting(DebugInfo)</visible>
        </control>
        <control type="label">
            <left>0</left>
            <top>168</top>
            <include>PathID</include>
            <label>$INFO[Skin.String(studiologos.path)]$INFO[ListItem.Label]$INFO[Skin.String(studiologos.ext)]</label>
            <visible>!String.IsEmpty(Skin.String(studiologos.name))+Container.Content(studios)</visible>
            <visible>Skin.HasSetting(DebugInfo)</visible>
        </control>
        <control type="label">
            <left>0</left>
            <top>198</top>
            <include>PathID</include>
            <label>Posterthumb LABEL: $VAR[PosterThumbDebugLabel]</label>
            <visible>Skin.HasSetting(DebugInfo)</visible>
        </control>
        <control type="label">
            <left>0</left>
            <top>230</top>
            <include>PathID</include>
            <label>Container.Content: $INFO[Container.Content]</label>
            <visible>Skin.HasSetting(DebugInfo)</visible>
        </control>
        <control type="label">
            <left>0</left>
            <top>260</top>
            <include>PathID</include>
            <label>ListItem.FileExtension: $INFO[ListItem.FileExtension] VAR ListFlag: $VAR[ListFlag]</label>
            <visible>Skin.HasSetting(DebugInfo)</visible>
        </control>
        <control type="label">
            <left>0</left>
            <top>290</top>
            <include>PathID</include>
            <label>Live TV läuft</label>
            <visible>PVR.IsPlayingTv</visible>
            <visible>Skin.HasSetting(DebugInfo)</visible>
        </control>
        <control type="label">
            <left>0</left>
            <top>290</top>
            <include>PathID</include>
            <label>Radio läuft</label>
            <visible>PVR.IsPlayingRadio</visible>
            <visible>Skin.HasSetting(DebugInfo)</visible>
        </control>
        <control type="label">
            <left>0</left>
            <top>350</top>
            <include>PathID</include>
            <label>IsCollection</label>
			<visible>ListItem.IsCollection</visible>
            <visible>Skin.HasSetting(DebugInfo)</visible>
		</control>
		<include>DebugInfo</include>
    </controls>
</window>
