<?xml version="1.0" encoding="UTF-8"?>
<window type="dialog" id="1155">
    <defaultcontrol always="true">11</defaultcontrol>
    <onload>Skin.Reset(systemlevel_set)</onload>
    <onunload condition="!Skin.HasSetting(systemlevel_set)">Skin.SetBool(standart_bkg)</onunload>
    <onunload condition="!Skin.HasSetting(systemlevel_set)">Skin.SetBool(color_neutral)</onunload>
    <onunload condition="!Skin.HasSetting(systemlevel_set)">Skin.SetBool(background_dim_1)</onunload>
    <onunload condition="!Skin.HasSetting(systemlevel_set)">Skin.SetBool(dashboard_small)</onunload>
    <onunload condition="!Skin.HasSetting(systemlevel_set)">ActivateWindow(1140)</onunload>
    <onunload>CancelAlarm(back,true)</onunload>
    <include>openclose</include>
    <controls>
        <include>DialogBackgroundSimple</include>
        <include>BlackStripes</include>
        <control type="group">
            <top>60</top>
            <include>openclosebox</include>
            <control type="group">
                <left>510</left>
                <top>270</top>
                <include content="DialogInfoBackgroundParam">
                    <param name="DialogBackgroundLeft" value="0" />
                    <param name="DialogBackgroundTop" value="0" />
                    <param name="DialogBackgroundWidth" value="900" />
                    <param name="DialogBackgroundHeight" value="450" />
                    <param name="DialogSeparatorTop" value="60" />
                    <param name="DialogSeparatorBottom" value="450" />
                    <param name="DialogShadowTop" value="452" />
                    <param name="DialogHeaderLabel" value="51288" />
                    <param name="DialogHeaderTop" value="8" />
                    <param name="DialogHeaderId" value="1" />
                </include>
                <control type="image">
                    <left>0</left>
                    <top>388</top>
                    <width>900</width>
                    <height>60</height>
                    <colordiffuse>$VAR[BackgroundOverlayColorDialog]</colordiffuse>
                    <texture>WhiteBack.png</texture>
                </control>
            </control>
            <control type="group">
                <left>585</left>
                <top>330</top>
                <control type="label" id="3">
                    <description>dialog line</description>
                    <left>-15</left>
                    <top>75</top>
                    <width>780</width>
                    <height>150</height>
                    <align>center</align>
                    <aligny>center</aligny>
                    <wrapmultiline>true</wrapmultiline>
                    <label>51142</label>
                    <font>ubuntu-r19b</font>
                </control>
                <control type="group">
                    <left>8</left>
                    <top>68</top>
                    <control type="button" id="10">
                        <description>low profil button</description>
                        <left>15</left>
                        <top>270</top>
                        <width>225</width>
                        <height>45</height>
                        <label>51144</label>
                        <font>impacted21</font>
                        <texturenofocus/>
                        <textcolor>white</textcolor>
                        <focusedcolor>black</focusedcolor>
                        <align>center</align>
                        <onleft>12</onleft>
                        <onright>11</onright>
                        <onclick>Skin.ResetSettings</onclick>
                        <onclick>Skin.SetBool(hideMovieCases)</onclick>
                        <onclick>Skin.SetBool(gambit_background)</onclick>
                        <onclick>Skin.SetBool(HomeMenuNoWeatherButton)</onclick>
                        <onclick>Skin.SetBool(HomeMenuWeatherFadeout)</onclick>
                        <onclick>Skin.SetBool(WindowedTrailer)</onclick>
                        <onclick>Skin.SetBool(HideOverlayIconNew)</onclick>
                        <onclick>Skin.SetBool(Episode_HideCover)</onclick>
                        <onclick>Skin.SetBool(hideInfoPanel)</onclick>
                        <onclick>Skin.SetBool(CoverDim)</onclick>
                        <onclick>Skin.SetBool(dashboard_small)</onclick>
                        <onclick>Skin.SetBool(dashboard_comingsoon)</onclick>
                        <onclick>Skin.SetBool(dashboard_intheaters2)</onclick>
                        <onclick>Skin.SetBool(systemlevel_set)</onclick>
                        <onclick>Notification(schwaches System, wurde ausgewählt:, 10000, DefaultIconInfo.png)</onclick>
                        <onclick>Action(back)</onclick>
                        <onclick>ActivateWindow(1140)</onclick>
                    </control>
                    <control type="button" id="11">
                        <description>medium profil button</description>
                        <left>255</left>
                        <top>270</top>
                        <width>225</width>
                        <height>45</height>
                        <label>51146</label>
                        <font>impacted21</font>
                        <texturenofocus/>
                        <textcolor>white</textcolor>
                        <focusedcolor>black</focusedcolor>
                        <align>center</align>
                        <onleft>10</onleft>
                        <onright>12</onright>
                        <onclick>Skin.ResetSettings</onclick>
                        <onclick>Skin.SetBool(animation)</onclick>
                        <onclick>Skin.SetBool(EnableExtendedArt)</onclick>
                        <onclick>Skin.SetBool(NavInfo)</onclick>
                        <onclick>Skin.SetBool(NoDate)</onclick>
                        <onclick>Skin.SetBool(background_dim_1)</onclick>
                        <onclick>Skin.SetBool(standart_bkg)</onclick>
                        <onclick>Skin.SetBool(HideSysteminfo)</onclick>
                        <onclick>Skin.SetBool(HomeMenuNoWeatherButton)</onclick>
                        <onclick>Skin.SetBool(HomeMenuNoProgramsButton)</onclick>
                        <onclick>Skin.SetBool(HomeMenuNoWeatherButton)</onclick>
                        <onclick>Skin.SetBool(BackgroundVideo)</onclick>
                        <onclick>Skin.SetBool(WindowedTrailer)</onclick>
                        <onclick>Skin.SetBool(playlist)</onclick>
                        <onclick>Skin.SetBool(CurrentButtonLabel)</onclick>
                        <onclick>Skin.SetBool(context_ad)</onclick>
                        <onclick>Skin.SetBool(context_globalsearch)</onclick>
                        <onclick>Skin.SetBool(WidgetDim)</onclick>
                        <onclick>Skin.SetBool(fanart)</onclick>
                        <onclick>Skin.SetBool(CommonPageCount)</onclick>
                        <onclick>Skin.SetBool(HideOverlayIconNew)</onclick>
                        <onclick>Skin.SetBool(hideInfoPanel)</onclick>
                        <onclick>Skin.SetBool(CoverDim)</onclick>
                        <onclick>Skin.SetBool(dashboard_small)</onclick>
                        <onclick>Skin.SetBool(dashboard_comingsoon)</onclick>
                        <onclick>Skin.SetBool(dashboard_intheaters2)</onclick>
                        <onclick>Skin.SetBool(systemlevel_set)</onclick>
                        <onclick>Notification(gutes System, wurde ausgewählt:, 10000, DefaultIconInfo.png)</onclick>
                        <onclick>Action(back)</onclick>
                        <onclick>ActivateWindow(1140)</onclick>
                    </control>
                    <control type="button" id="12">
                        <description>high profil button</description>
                        <left>495</left>
                        <top>270</top>
                        <width>225</width>
                        <height>45</height>
                        <label>51148</label>
                        <font>impacted21</font>
                        <texturenofocus/>
                        <textcolor>white</textcolor>
                        <focusedcolor>black</focusedcolor>
                        <align>center</align>
                        <onleft>11</onleft>
                        <onright>10</onright>
                        <onclick>Skin.ResetSettings</onclick>
                        <onclick>Skin.SetBool(animation)</onclick>
                        <onclick>Skin.SetBool(EnableExtendedArt)</onclick>
                        <onclick>Skin.SetBool(NavInfo)</onclick>
                        <onclick>Skin.SetBool(color_grey)</onclick>
                        <onclick>Skin.SetBool(background_dim_1)</onclick>
                        <onclick>Skin.SetBool(background_dim_2)</onclick>
                        <onclick>Skin.SetBool(background_dim_3)</onclick>
                        <onclick>Skin.SetBool(HideSysteminfo)</onclick>
                        <onclick>Skin.SetBool(NeonSlide)</onclick>
                        <onclick>Skin.SetBool(HideNavArrow)</onclick>
                        <onclick>Skin.SetBool(HomeMenuWeatherFadeout)</onclick>
                        <onclick>Skin.SetBool(standart_bkg)</onclick>
                        <onclick>Skin.SetBool(playlist)</onclick>
                        <onclick>Skin.SetBool(CurrentButtonLabel)</onclick>
                        <onclick>Skin.SetBool(context_ad)</onclick>
                        <onclick>Skin.SetBool(context_globalsearch)</onclick>
                        <onclick>Skin.SetBool(Widget_RecentMovies)</onclick>
                        <onclick>Skin.SetBool(Widget_RecentMusicVideos)</onclick>
                        <onclick>Skin.SetBool(Widget_RecentAlbums)</onclick>
                        <onclick>Skin.SetBool(Widget_RecentTVShows)</onclick>
                        <onclick>Skin.SetBool(HomeWeatherWidgetToday)</onclick>
                        <onclick>Skin.SetBool(Widget_Systeminfo)</onclick>
                        <onclick>Skin.SetBool(Widget_DVDLabel)</onclick>
                        <onclick>Skin.SetBool(Widget_PVRTimers)</onclick>
                        <onclick>Skin.SetBool(fanart)</onclick>
                        <onclick>Skin.SetBool(CommonPageCount)</onclick>
                        <onclick>Skin.SetBool(standart_bkg)</onclick>
                        <onclick>Skin.SetBool(WeatherFanartHome)</onclick>
                        <onclick>Skin.SetBool(musicoverlay_stream)</onclick>
                        <onclick>Skin.SetBool(HideOverlayIconNew)</onclick>
                        <onclick>Skin.SetBool(statistic)</onclick>
                        <onclick>Skin.SetBool(dashboard_small)</onclick>
                        <onclick>Skin.SetBool(dashboard_comingsoon)</onclick>
                        <onclick>Skin.SetBool(dashboard_intheaters2)</onclick>
                        <onclick>Skin.SetBool(systemlevel_set)</onclick>
                        <onclick>Notification(schnelles System, wurde ausgewählt:, 10000, DefaultIconInfo.png)</onclick>
                        <onclick>Action(back)</onclick>
                        <onclick>ActivateWindow(1140)</onclick>
                    </control>
                </control>
            </control>
        </control>
    </controls>
</window>
