<?xml version="1.0" encoding="UTF-8"?>
<window id="1800" type="dialog">
    <defaultcontrol always="true">18000</defaultcontrol>
    <controls>
        <include>BlackBack</include>
        <control type="group" id="576757">
            <include>openclosebox</include>
            <left>352</left>
            <top>90</top>
            <width>1215</width>
            <height>900</height>
            <control type="image">
                <description>background image</description>
                <left>0</left>
                <top>0</top>
                <width>1215</width>
                <height>900</height>
                <colordiffuse>grey1</colordiffuse>
                <texture border="1">WhiteBack.png</texture>
            </control>
            <control type="image">
                <description>background image</description>
                <left>15</left>
                <top>15</top>
                <width>1185</width>
                <height>870</height>
                <texture border="1">WhiteBack.png</texture>
            </control>
            <control type="label" id="1">
                <description>header label</description>
                <left>60</left>
                <top>22</top>
                <width>1095</width>
                <height>45</height>
                <font>impacted21</font>
                <label>unterstützte/bevorzugte Addons</label>
                <align>center</align>
                <aligny>center</aligny>
                <textcolor>grey2</textcolor>
            </control>
            <control type="image">
                <description>background image</description>
                <left>15</left>
                <top>72</top>
                <width>1185</width>
                <height>60</height>
                <colordiffuse>grey2</colordiffuse>
                <texture border="1">WhiteBack.png</texture>
            </control>
            <control type="grouplist">
                <left>870</left>
                <top>555</top>
                <width>330</width>
                <height>330</height>
                <control type="image">
                    <description>background image</description>
                    <width>450</width>
                    <height>450</height>
                    <aspectratio align="left">keep</aspectratio>
                    <colordiffuse>grey1</colordiffuse>
                    <animation effect="fade" end="50" time="0" condition="true">Conditional</animation>
                    <texture border="1">Design-Addonicon.png</texture>
                </control>
            </control>
            <control type="label">
                <description>Title label</description>
                <left>38</left>
                <top>78</top>
                <width>300</width>
                <label>$LOCALIZE[24001] / $LOCALIZE[247]</label>
                <align>left</align>
                <scroll>false</scroll>
            </control>
            <control type="label">
                <description>Title label</description>
                <left>1020</left>
                <top>78</top>
                <width>150</width>
                <label>Aktion</label>
                <align>right</align>
                <aligny>center</aligny>
                <scroll>false</scroll>
            </control>
            <control type="list" id="18000">
                <left>15</left>
                <top>150</top>
                <width>1185</width>
                <height>698</height>
                <onright/>
                <onleft/>
                <onup>18000</onup>
                <ondown>18000</ondown>
                <scrolltime tween="Quadratic" easing="out">500</scrolltime>
                <focusposition>0</focusposition>
                <orientation>vertical</orientation>
                <movement>1</movement>
                <itemlayout height="52" width="1185">
                    <control type="label">
                        <left>30</left>
                        <top>15</top>
                        <width>1125</width>
                        <height>45</height>
                        <textcolor>grey3</textcolor>
                        <label>$INFO[ListItem.Label]</label>
                        <align>left</align>
                    </control>
                    <control type="label">
                        <left>30</left>
                        <top>15</top>
                        <width>1125</width>
                        <height>45</height>
                        <textcolor>grey3</textcolor>
                        <label>$INFO[ListItem.Label2]</label>
                        <align>right</align>
                    </control>
                    <control type="image">
                        <left>1113</left>
                        <top>18</top>
                        <width>36</width>
                        <height>36</height>
                        <aspectratio>keep</aspectratio>
                        <texture>$INFO[ListItem.Icon]</texture>
                    </control>
                </itemlayout>
                <focusedlayout height="52" width="1185">
                    <control type="image">
                        <left>15</left>
                        <top>12</top>
                        <width>1155</width>
                        <height>51</height>
                        <texture border="2">buttons/ButtonFO.png</texture>
                        <visible>Control.HasFocus(18000)</visible>
                    </control>
                    <control type="label">
                        <left>30</left>
                        <top>15</top>
                        <width>1125</width>
                        <height>45</height>
                        <textcolor>black</textcolor>
                        <label>$INFO[ListItem.Label]</label>
                        <align>left</align>
                    </control>
                    <control type="label">
                        <left>30</left>
                        <top>15</top>
                        <width>1125</width>
                        <height>45</height>
                        <textcolor>black</textcolor>
                        <label>$INFO[ListItem.Label2]</label>
                        <align>right</align>
                    </control>
                    <control type="image">
                        <left>1113</left>
                        <top>18</top>
                        <width>36</width>
                        <height>36</height>
                        <aspectratio>keep</aspectratio>
                        <texture>$INFO[ListItem.Icon]</texture>
                    </control>
                </focusedlayout>
                <content>
                    <item>
                        <label>Artist Slide Show</label>
                        <label2>$LOCALIZE[24038]</label2>
                        <onclick>InstallAddon(script.artistslideshow)</onclick>
                        <visible>!System.HasAddon(script.artistslideshow)</visible>
                    </item>
                    <item>
                        <label>Artist Slide Show $INFO[System.AddonVersion(script.artistslideshow),(,)]</label>
                        <label2>$LOCALIZE[5]</label2>
                        <onclick>Addon.OpenSettings(script.artistslideshow)</onclick>
                        <visible>System.HasAddon(script.artistslideshow)</visible>
                    </item>
                    <item>
                        <label>CDArt Manager</label>
                        <label2>$LOCALIZE[24038]</label2>
                        <onclick>InstallAddon(script.cdartmanager)</onclick>
                        <visible>!System.HasAddon(script.cdartmanager)</visible>
                    </item>
                    <item>
                        <label>CDArt Manager $INFO[System.AddonVersion(script.cdartmanager),(,)]</label>
                        <label2>$LOCALIZE[5]</label2>
                        <onclick>Addon.OpenSettings(script.cdartmanager)</onclick>
                        <visible>System.HasAddon(script.cdartmanager)</visible>
                    </item>
                    <item>
                        <label>Extended Info Script</label>
                        <label2>$LOCALIZE[24038]</label2>
                        <onclick>InstallAddon(script.extendedinfo)</onclick>
                        <visible>!System.HasAddon(script.extendedinfo)</visible>
                    </item>
                    <item>
                        <label>Extended Info Script $INFO[System.AddonVersion(script.extendedinfo),(,)]</label>
                        <label2>$LOCALIZE[5]</label2>
                        <onclick>Addon.OpenSettings(script.extendedinfo)</onclick>
                        <visible>System.HasAddon(script.extendedinfo)</visible>
                    </item>
                    <item>
                        <label>Global Search</label>
                        <label2>$LOCALIZE[24038]</label2>
                        <onclick>InstallAddon(script.globalsearch)</onclick>
                        <visible>!System.HasAddon(script.globalsearch)</visible>
                    </item>
                    <item>
                        <label>Global Search Script $INFO[System.AddonVersion(script.globalsearch),(,)]</label>
                        <label2>$LOCALIZE[5]</label2>
                        <onclick>Addon.OpenSettings(script.globalsearch)</onclick>
                        <visible>System.HasAddon(script.globalsearch)</visible>
                    </item>
                    <!-- <item>
                        <label>Radio Addon</label>
                        <label2>$LOCALIZE[24038]</label2>
                        <onclick>InstallAddon(plugin.audio.radio_de)</onclick>
                        <visible>!System.HasAddon(plugin.audio.radio_de)</visible>
                    </item>
                    <item>
                        <label>Radio Addon $INFO[System.AddonVersion(plugin.audio.radio_de),(,)]</label>
                        <label2>$LOCALIZE[5]</label2>
                        <onclick>Addon.OpenSettings(plugin.audio.radio_de)</onclick>
                        <visible>System.HasAddon(plugin.audio.radio_de)</visible>
                    </item> -->
                    <!-- <item>
                        <label>TvTunes</label>
                        <label2>$LOCALIZE[24038]</label2>
                        <onclick>InstallAddon(script.tvtunes)</onclick>
                        <visible>!System.HasAddon(script.tvtunes)</visible>
                    </item>
                    <item>
                        <label>TvTunes $INFO[System.AddonVersion(script.tvtunes),(,)]</label>
                        <label2>$LOCALIZE[5]</label2>
                        <onclick>Addon.OpenSettings(script.tvtunes)</onclick>
                        <visible>System.HasAddon(script.tvtunes)</visible>
                    </item> -->
                    <item>
                        <label>Fritz Smart Home</label>
                        <label2>$LOCALIZE[24038]</label2>
						<onclick>InstallAddon(plugin.program.fritzact)</onclick>
						<visible>!System.HasAddon(plugin.program.fritzact)</visible>
                    </item>
                    <item>
                        <label>Fritz Smart Home $INFO[System.AddonVersion(plugin.program.fritzact),(,)]</label>
                        <label2>$LOCALIZE[5]</label2>
                        <onclick>Addon.OpenSettings(plugin.program.fritzact)</onclick>
                        <visible>System.HasAddon(plugin.program.fritzact)</visible>
                    </item>
                    <item>
                        <label>German Telecast Offers</label>
                        <label2>$LOCALIZE[24038]</label2>
                        <onclick>InstallAddon(script.service.gto)</onclick>
                        <visible>!System.HasAddon(script.service.gto)</visible>
                    </item>
                    <item>
                        <label>German Telecast Offers $INFO[System.AddonVersion(script.service.gto),(,)]</label>
                        <label2>$LOCALIZE[5]</label2>
                        <onclick>Addon.OpenSettings(script.service.gto)</onclick>
                        <visible>System.HasAddon(script.service.gto)</visible>
                    </item>
                    <item>
                        <label>KN Switchtimer Service</label>
                        <label2>$LOCALIZE[24038]</label2>
                        <onclick>InstallAddon(service.kn.switchtimer)</onclick>
                        <visible>!System.HasAddon(service.kn.switchtimer)</visible>
                    </item>
                    <item>
                        <label>KN Switchtimer Service $INFO[System.AddonVersion(service.kn.switchtimer),(,)]</label>
                        <label2>$LOCALIZE[5]</label2>
                        <onclick>Addon.OpenSettings(service.kn.switchtimer)</onclick>
                        <visible>System.HasAddon(service.kn.switchtimer)</visible>
                    </item>
                    <item>
                        <label>News Center</label>
                        <label2>$LOCALIZE[24038]</label2>
                        <onclick>InstallAddon(plugin.program.newscenter)</onclick>
                        <visible>!System.HasAddon(plugin.program.newscenter)</visible>
                    </item>
                    <item>
                        <label>News Center $INFO[System.AddonVersion(plugin.program.newscenter),(,)]</label>
                        <label2>$LOCALIZE[5]</label2>
                        <onclick>Addon.OpenSettings(plugin.program.newscenter)</onclick>
                        <visible>System.HasAddon(plugin.program.newscenter)</visible>
                    </item>
                    <item>
                        <label>Serien Planer</label>
                        <label2>$LOCALIZE[24038]</label2>
                        <onclick>InstallAddon(plugin.program.serienplaner)</onclick>
                        <visible>!System.HasAddon(plugin.program.serienplaner)</visible>
                    </item>
                    <item>
                        <label>Serien Planer $INFO[System.AddonVersion(plugin.program.serienplaner),(,)]</label>
                        <label2>$LOCALIZE[5]</label2>
                        <onclick>Addon.OpenSettings(plugin.program.serienplaner)</onclick>
                        <visible>System.HasAddon(plugin.program.serienplaner)</visible>
                    </item>
                    <item>
                        <label>Skinhelper Ping &amp; WOL by _Andy_</label>
                        <label2>$LOCALIZE[24038]</label2>
                        <onclick>InstallAddon(script.skinhelper.ping)</onclick>
                        <visible>!System.HasAddon(script.skinhelper.ping)</visible>
                    </item>
                    <item>
                        <label>Skinhelper Ping &amp; WOL by _Andy_ $INFO[System.AddonVersion(script.skinhelper.ping),(,)]</label>
                        <label2>$LOCALIZE[5]</label2>
                        <onclick>Addon.OpenSettings(script.skinhelper.ping)</onclick>
                        <visible>System.HasAddon(script.skinhelper.ping)</visible>
                    </item>
                    <item>
                        <label>Skin Helper Service</label>
                        <label2>$LOCALIZE[24038]</label2>
                        <onclick>InstallAddon(script.artwork.beef)</onclick>
                        <visible>!System.HasAddon(script.artwork.beef)</visible>
                    </item>
                    <item>
                        <label>Skin Helper Service $INFO[System.AddonVersion(script.artwork.beef),(,)]</label>
                        <label2/>
                        <icon>OverlayWatched.png</icon>
                        <onclick/>
                        <visible>System.HasAddon(script.artwork.beef)</visible>
                    </item>
                    <item>
                        <label>Library Node Editor</label>
                        <label2>$LOCALIZE[24038]</label2>
                        <onclick>InstallAddon(plugin.library.node.editor)</onclick>
                        <visible>!System.HasAddon(plugin.library.node.editor)</visible>
                    </item>
                    <item>
                        <label>Library Node Editor $INFO[System.AddonVersion(plugin.library.node.editor),(,)]</label>
                        <label2>$LOCALIZE[21385]</label2>
						<onclick>Action(back)</onclick>
                        <onclick>RunAddon(plugin.library.node.editor)</onclick>
                        <visible>System.HasAddon(plugin.library.node.editor)</visible>
                    </item>
                    <item>
                        <label>Resource Images Weatherfanart Multi</label>
                        <label2>$LOCALIZE[24038]</label2>
                        <onclick>InstallAddon(resource.images.weatherfanart.multi)</onclick>
                        <visible>!System.HasAddon(resource.images.weatherfanart.multi)</visible>
                    </item>
                    <item>
                        <label>Resource Images Weatherfanart Multi $INFO[System.AddonVersion(resource.images.weatherfanart.multi),(,)]</label>
                        <label2/>
                        <icon>OverlayWatched.png</icon>
                        <onclick/>
                        <visible>System.HasAddon(resource.images.weatherfanart.multi)</visible>
                    </item>
                    <item>
                        <label>Resource Images Select</label>
                        <label2>$LOCALIZE[24038]</label2>
                        <onclick>InstallAddon(script.image.resource.select)</onclick>
                        <visible>!System.HasAddon(script.image.resource.select)</visible>
                    </item>
                    <item>
                        <label>Image Resource Select $INFO[System.AddonVersion(script.image.resource.select),(,)]</label>
                        <label2/>
                        <icon>OverlayWatched.png</icon>
                        <onclick/>
                        <visible>System.HasAddon(script.image.resource.select)</visible>
                    </item>
                    <item>
                        <label>Resource Images Languageflags Colour $INFO[System.AddonVersion(resource.images.languageflags.colour),(,)]</label>
                        <label2/>
                        <icon>OverlayWatched.png</icon>
                        <onclick/>
                        <visible>System.HasAddon(resource.images.languageflags.colour)</visible>
                    </item>
                    <!-- <item>
                        <label>Resource Images Weathericons Outline $INFO[System.AddonVersion(resource.images.weathericons.outline),(,)]</label>
                        <label2/>
                        <icon>OverlayWatched.png</icon>
                        <onclick/>
                        <visible>System.HasAddon(resource.images.weathericons.outline)</visible>
                    </item> -->
                    <item>
                        <label>Service Library Data Provider $INFO[System.AddonVersion(service.library.data.provider),(,)]</label>
                        <label2/>
                        <icon>OverlayWatched.png</icon>
                        <onclick/>
                        <visible>System.HasAddon(service.library.data.provider)</visible>
                    </item>
                </content>
            </control>
        </control>
    </controls>
</window>
