<?xml version="1.0" encoding="UTF-8"?>
<window type="window" id="4117">
    <defaultcontrol always="true">19010</defaultcontrol>
    <allowoverlay>false</allowoverlay>
    <include>openclose</include>
    <controls>
        <include>DialogBackgroundSimple</include>
        <control type="group">
            <top>30</top>
            <include>openclosebox</include>
            <control type="image">
                <left>45</left>
                <top>45</top>
                <width>1830</width>
                <height>75</height>
                <colordiffuse>red</colordiffuse>
                <texture>WhiteBack.png</texture>
            </control>
            <control type="image">
                <left>45</left>
                <top>135</top>
                <width>1350</width>
                <height>855</height>
                <texture>BlackBack.png</texture>
            </control>
            <control type="image">
                <left>1410</left>
                <top>135</top>
                <width>465</width>
                <height>855</height>
                <texture>BlackBack.png</texture>
            </control>
            <control type="image">
                <left>45</left>
                <top>990</top>
                <width>1350</width>
                <height>75</height>
                <colordiffuse>menudiffuse</colordiffuse>
                <texture border="2" flipy="true">Shadow.png</texture>
            </control>
            <control type="image">
                <left>1410</left>
                <top>990</top>
                <width>465</width>
                <height>75</height>
                <colordiffuse>menudiffuse</colordiffuse>
                <texture border="2" flipy="true">Shadow.png</texture>
            </control>
            <control type="label">
                <left>45</left>
                <top>45</top>
                <width>1830</width>
                <height>75</height>
                <font>impacted30</font>
                <label>[UPPERCASE]Newscenter[/UPPERCASE]</label>
                <align>center</align>
            </control>
            <control type="grouplist">
                <left>915</left>
                <top>510</top>
                <width>480</width>
                <height>480</height>
                <control type="image">
                    <visible>Container(19010).Hasfocus(80101)|Container(19010).Hasfocus(80102)</visible>
                    <description>background image</description>
                    <width>600</width>
                    <height>600</height>
                    <aspectratio align="left">keep</aspectratio>
                    <colordiffuse>grey2</colordiffuse>
                    <texture border="1">Design-Earthicon.png</texture>
                </control>
                <control type="image">
                    <visible>Container(19010).Hasfocus(80103)</visible>
                    <description>background image</description>
                    <width>600</width>
                    <height>600</height>
                    <aspectratio align="left">keep</aspectratio>
                    <colordiffuse>grey2</colordiffuse>
                    <texture border="1">Design-Fussball.png</texture>
                </control>
                <control type="image">
                    <visible>Container(19010).Hasfocus(80106)</visible>
                    <description>background image</description>
                    <width>600</width>
                    <height>600</height>
                    <aspectratio align="left">keep</aspectratio>
                    <colordiffuse>grey2</colordiffuse>
                    <texture border="1" flipx="true">Design-Wettericon.png</texture>
                </control>
            </control>
            <control type="list" id="19010"> <!-- Home -->
                <left>1425</left>
                <top>150</top>
                <width>435</width>
                <height>750</height>
                <onright>1860</onright>
                <onleft condition="Container(19010).Hasfocus(80101)">19111</onleft>
                <onleft condition="Container(19010).Hasfocus(80102)">24010</onleft>
                <onleft condition="Container(19010).Hasfocus(80103)">23010</onleft>
                <onleft condition="Container(19010).Hasfocus(80104)">88435</onleft>
                <onleft condition="Container(19010).Hasfocus(80105)">88432</onleft>
                <onleft condition="Container(19010).Hasfocus(80106)">88433</onleft>
                <onleft condition="Container(19010).Hasfocus(80107)">88434</onleft>
                <onleft condition="Container(19010).Hasfocus(80108)">88435</onleft>
                <onup>19011</onup>
                <ondown>19011</ondown>
                <scrolltime tween="Quadratic" easing="out">500</scrolltime>
                <focusposition>0</focusposition>
                <orientation>vertical</orientation>
                <movement>1</movement>
                <itemlayout height="60" width="435">
                    <control type="label">
                        <left>15</left>
                        <top>0</top>
                        <width>405</width>
                        <height>60</height>
                        <label>$INFO[ListItem.Label]</label>
                    </control>
                </itemlayout>
                <focusedlayout height="60" width="435">
                    <control type="image">
                        <left>0</left>
                        <top>0</top>
                        <width>435</width>
                        <height>60</height>
                        <texture>buttons/ButtonFO.png</texture>
                        <visible>Control.HasFocus(19010)</visible>
                    </control>
                    <control type="image">
                        <left>0</left>
                        <top>0</top>
                        <width>435</width>
                        <height>60</height>
                        <colordiffuse>grey1</colordiffuse>
                        <texture>buttons/ButtonFO.png</texture>
                        <visible>!Control.HasFocus(19010)</visible>
                    </control>
                    <control type="label">
                        <left>15</left>
                        <top>0</top>
                        <width>405</width>
                        <height>60</height>
                        <textcolor>black</textcolor>
                        <label>$INFO[ListItem.Label]</label>
                    </control>
                </focusedlayout>
                <content>
                    <item id="80101">
                        <label>$ADDON[plugin.program.newscenter  30112]</label>
                        <onclick>RunScript(plugin.program.newscenter,&quot;?methode=show_select_dialog&quot;)</onclick>
                    </item>
                    <item id="80102">
                        <label>$ADDON[plugin.program.newscenter  30113]</label>
                        <onclick/>
                    </item>
                    <item id="80108">
                        <label>Live Streams</label>
                        <onclick/>
                    </item>
                    <item id="80103">
                        <label>$ADDON[plugin.program.newscenter  30111]</label>
                        <onclick/>
                    </item>
                    <item id="80104">
                        <label>$ADDON[plugin.program.newscenter  30109]</label>
                        <onclick/>
                    </item>
                    <item id="80105">
                        <label>$ADDON[plugin.program.newscenter  30093]</label>
                        <onclick/>
                    </item>
                    <item id="80106">
                        <label>$ADDON[plugin.program.newscenter  30107]</label>
                        <onclick/>
                        <!-- <visible>!String.IsEqual(Window(Home).Property(NewsCenter.Unwetter.Anzahl),0)</visible> -->
                    </item>
                    <item id="80107">
                        <label>$ADDON[plugin.program.newscenter  30105]</label>
                        <onclick/>
                    </item>
                </content>
            </control>
            <control type="button" id="19011"> <!-- Addon Settings -->
                <left>1425</left>
                <top>900</top>
                <width>435</width>
                <height>60</height>
                <onright/>
                <onleft condition="Container(19010).Hasfocus(80101)">19111</onleft>
                <onleft condition="Container(19010).Hasfocus(80102)">24010</onleft>
                <onleft condition="Container(19010).Hasfocus(80103)">23010</onleft>
                <onleft condition="Container(19010).Hasfocus(80104)">88435</onleft>
                <onleft condition="Container(19010).Hasfocus(80105)">88432</onleft>
                <onleft condition="Container(19010).Hasfocus(80106)">88433</onleft>
                <onleft condition="Container(19010).Hasfocus(80107)">88434</onleft>
                <onup>19010</onup>
                <ondown>19010</ondown>
                <align>left</align>
                <label>Addons Settings</label>
                <texturenofocus/>
                <onclick>Addon.OpenSettings(plugin.program.newscenter)</onclick>
            </control>
            <control type="group"> <!-- News Feed -->
                <visible>Container(19010).Hasfocus(80101)</visible>
                <control type="image">
                    <left>75</left>
                    <top>172</top>
                    <width>1290</width>
                    <height>15</height>
                    <colordiffuse>red</colordiffuse>
                    <texture>WhiteBack.png</texture>
                </control>
                <control type="image">
                    <left>75</left>
                    <top>150</top>
                    <width>1290</width>
                    <height>60</height>
                    <aspectratio>keep</aspectratio>
                    <texture>$INFO[Window(Home).Property(LatestNews.0.HeaderPic)]</texture>
                </control>
                <control type="list" id="19111">
                    <visible>Container(19010).Hasfocus(80101)</visible>
                    <left>60</left>
                    <top>228</top>
                    <width>1320</width>
                    <height>735</height>
                    <onright>19010</onright>
                    <onleft>9020</onleft>
                    <onup>19111</onup>
                    <ondown>19111</ondown>
                    <orientation>vertical</orientation>
                    <viewtype>list</viewtype>
                    <preloaditems>1</preloaditems>
                    <scrolltime tween="cubic">500</scrolltime>
                    <itemlayout height="240" width="1320">
                        <control type="image">
                            <left>8</left>
                            <top>8</top>
                            <width>324</width>
                            <height>225</height>
                            <aspectratio>scale</aspectratio>
                            <colordiffuse>grey1</colordiffuse>
                            <texture>$INFO[ListItem.Icon]</texture>
                            <bordertexture border="10">ThumbShadow.png</bordertexture>
                            <bordersize>6</bordersize>
                        </control>
                        <control type="label">
                            <left>338</left>
                            <top>15</top>
                            <width>966</width>
                            <height>30</height>
                            <font>font12</font>
                            <textcolor>grey</textcolor>
                            <label>$INFO[ListItem.Label2]</label>
                        </control>
                        <control type="label">
                            <left>338</left>
                            <top>45</top>
                            <width>966</width>
                            <height>30</height>
                            <font>ubuntu-r19b</font>
                            <textcolor>description</textcolor>
                            <label>$INFO[ListItem.Label]</label>
                        </control>
                        <control type="textbox">
                            <left>338</left>
                            <top>87</top>
                            <width>966</width>
                            <height>132</height>
                            <font>font13</font>
                            <autoscroll>false</autoscroll>
                            <label>$INFO[ListItem.Property(comment)]</label>
                        </control>
                    </itemlayout>
                    <focusedlayout height="240" width="1320">
                        <control type="image">
                            <left>0</left>
                            <top>0</top>
                            <width>1320</width>
                            <height>240</height>
                            <texture border="4">BlackBack.png</texture>
                            <visible>Control.HasFocus(19111)</visible>
                        </control>
                        <control type="image">
                            <left>0</left>
                            <top>0</top>
                            <width>1320</width>
                            <height>240</height>
                            <texture border="4">buttons/ButtonNF.png</texture>
                            <visible>Control.HasFocus(19111)</visible>
                        </control>
                        <control type="image">
                            <left>8</left>
                            <top>8</top>
                            <width>324</width>
                            <height>225</height>
                            <aspectratio>scale</aspectratio>
                            <colordiffuse>grey1</colordiffuse>
                            <texture>$INFO[ListItem.Icon]</texture>
                            <bordertexture border="10">ThumbShadow.png</bordertexture>
                            <bordersize>6</bordersize>
                            <visible>!Control.HasFocus(19111)</visible>
                        </control>
                        <control type="image">
                            <left>8</left>
                            <top>8</top>
                            <width>324</width>
                            <height>225</height>
                            <aspectratio>scale</aspectratio>
                            <texture>$INFO[ListItem.Icon]</texture>
                            <bordertexture border="10">ThumbShadow.png</bordertexture>
                            <bordersize>6</bordersize>
                            <visible>Control.HasFocus(19111)</visible>
                        </control>
                        <control type="label">
                            <left>338</left>
                            <top>15</top>
                            <width>966</width>
                            <height>30</height>
                            <font>font12</font>
                            <textcolor>grey</textcolor>
                            <label>$INFO[ListItem.Label2]</label>
                        </control>
                        <control type="label">
                            <left>338</left>
                            <top>45</top>
                            <width>966</width>
                            <height>30</height>
                            <font>ubuntu-r19b</font>
                            <textcolor>description</textcolor>
                            <label>$INFO[ListItem.Label]</label>
                        </control>
                        <control type="textbox">
                            <left>338</left>
                            <top>87</top>
                            <width>966</width>
                            <height>132</height>
                            <font>font13</font>
                            <label>$INFO[ListItem.Property(comment)]</label>
                            <autoscroll time="5000" delay="6000" repeat="5000">Control.HasFocus(19111)</autoscroll>
                        </control>
                    </focusedlayout>
                    <include>HomeNewsCenterContent</include>
                </control>
            </control>
            <control type="group"> <!-- VIDEO NEWS MENU -->
                <control type="panel" id="24010">
                    <visible>Container(19010).Hasfocus(80102)</visible>
                    <left>60</left>
                    <top>172</top>
                    <width>1350</width>
                    <height>792</height>
                    <onright>19010</onright>
                    <onleft>19010</onleft>
                    <onup>24010</onup>
                    <ondown>24010</ondown>
                    <scrolltime tween="Quadratic" easing="out">500</scrolltime>
                    <focusposition>0</focusposition>
                    <orientation>horizontal</orientation>
                    <movement>1</movement>
                    <itemlayout width="441" height="198">
                        <control type="image">
                            <left>0</left>
                            <top>0</top>
                            <width>426</width>
                            <height>183</height>
                            <texture border="4">buttons/ButtonNF.png</texture>
                            <visible>!Control.HasFocus(24010)</visible>
                        </control>
                        <control type="label">
                            <left>8</left>
                            <top>8</top>
                            <height>45</height>
                            <width>411</width>
                            <label>$INFO[ListItem.Label]</label>
                            <font>ubuntu-r19b</font>
                            <textcolor>description</textcolor>
                            <scroll>false</scroll>
                        </control>
                        <control type="textbox">
                            <left>8</left>
                            <top>45</top>
                            <width>411</width>
                            <height>100</height>
                            <font>font12</font>
                            <align>left</align>
                            <textcolor>grey1</textcolor>
                            <label>$INFO[ListItem.Label2]</label>
                            <autoscroll>false</autoscroll>
                        </control>
                    </itemlayout>
                    <focusedlayout width="441" height="198">
                        <control type="image">
                            <left>0</left>
                            <top>0</top>
                            <width>426</width>
                            <height>183</height>
                            <texture border="4">BlackBack.png</texture>
                            <visible>Control.HasFocus(24010)</visible>
                        </control>
                        <control type="image">
                            <left>0</left>
                            <top>0</top>
                            <width>426</width>
                            <height>183</height>
                            <texture border="4">buttons/ButtonNF.png</texture>
                            <visible>Control.HasFocus(24010)</visible>
                        </control>
                        <control type="label">
                            <left>8</left>
                            <top>8</top>
                            <height>45</height>
                            <width>411</width>
                            <label>$INFO[ListItem.Label]</label>
                            <font>ubuntu-r19b</font>
                            <textcolor>description</textcolor>
                            <scroll>false</scroll>
                        </control>
                        <control type="textbox">
                            <left>8</left>
                            <top>45</top>
                            <width>411</width>
                            <height>100</height>
                            <font>font12</font>
                            <align>left</align>
                            <textcolor>grey1</textcolor>
                            <label>$INFO[ListItem.Label2]</label>
                            <autoscroll>false</autoscroll>
                            <autoscroll time="5000" delay="6000" repeat="5000">Control.HasFocus(24010)</autoscroll>
                        </control>
                    </focusedlayout>
                    <content>
                        <item id="80148">
                            <label>$ADDON[plugin.program.newscenter  30131]</label>
                            <label2>$ADDON[plugin.program.newscenter  30121]</label2>
                            <onclick>RunScript(plugin.program.newscenter,&quot;?methode=play_tagesschau_100&quot;)</onclick>
                            <visible>String.Contains(Window(Home).Property(NewsCenter.Visible.Tagesschau100),true)</visible>
                        </item>
                        <item id="80149">
                            <label>$ADDON[plugin.program.newscenter  30123]</label>
                            <label2>$ADDON[plugin.program.newscenter  30122]</label2>
                            <onclick>RunScript(plugin.program.newscenter,&quot;?methode=play_tagesschau&quot;)</onclick>
                            <visible>String.Contains(Window(Home).Property(NewsCenter.Visible.Tagesschau),true)</visible>
                        </item>
                        <item id="80150">
                            <label>$ADDON[plugin.program.newscenter  30136]</label>
                            <label2>$ADDON[plugin.program.newscenter  30130]</label2>
                            <onclick>RunScript(plugin.program.newscenter,&quot;?methode=play_mdr_aktuell_130&quot;)</onclick>
                            <visible>String.Contains(Window(Home).Property(NewsCenter.Visible.MDRAktuell),true)</visible>
                        </item>
                        <item id="80151">
                            <label>$ADDON[plugin.program.newscenter  30095]</label>
                            <label2>$ADDON[plugin.program.newscenter  30094]</label2>
                            <onclick>RunScript(plugin.program.newscenter,&quot;?methode=play_rundschau100&quot;)</onclick>
                            <visible>String.Contains(Window(Home).Property(NewsCenter.Visible.BRRundschau100),true)</visible>
                        </item>
                        <item id="80152">
                            <label>$ADDON[plugin.program.newscenter  30097]</label>
                            <label2>$ADDON[plugin.program.newscenter  30096]</label2>
                            <onclick>RunScript(plugin.program.newscenter,&quot;?methode=play_ndraktuellkompakt&quot;)</onclick>
                            <visible>String.Contains(Window(Home).Property(NewsCenter.Visible.NDRKompakt),true)</visible>
                        </item>
                        <item id="80153">
                            <label>$ADDON[plugin.program.newscenter  30138]</label>
                            <label2>$ADDON[plugin.program.newscenter  30132]</label2>
                            <onclick>RunScript(plugin.program.newscenter,&quot;?methode=play_kinder_nachrichten&quot;)</onclick>
                            <visible>String.Contains(Window(Home).Property(NewsCenter.Visible.KinderNachrichten),true)</visible>
                        </item>
                        <item id="80154">
                            <label>$ADDON[plugin.program.newscenter  30139]</label>
                            <label2>$ADDON[plugin.program.newscenter  30134]</label2>
                            <onclick>RunScript(plugin.program.newscenter,&quot;?methode=play_wetteronline&quot;)</onclick>
                            <visible>String.Contains(Window(Home).Property(NewsCenter.Visible.Wetter60),true)</visible>
                        </item>
                        <item id="80155">
                            <label>$ADDON[plugin.program.newscenter  30140]</label>
                            <label2>$ADDON[plugin.program.newscenter  30133]</label2>
                            <onclick>RunScript(plugin.program.newscenter,&quot;?methode=play_tagesschauwetter&quot;)</onclick>
                            <visible>String.Contains(Window(Home).Property(NewsCenter.Visible.TagesschauWetter),true)</visible>
                        </item>
                        <item id="80156">
                            <label>$ADDON[plugin.program.newscenter  30141]</label>
                            <label2>$ADDON[plugin.program.newscenter  30124]</label2>
                            <onclick>RunScript(plugin.program.newscenter,&quot;?methode=play_wetterinfo&quot;)</onclick>
                            <visible>String.Contains(Window(Home).Property(NewsCenter.Visible.WetterInfo),true)</visible>
                        </item>
                        <item id="80157">
                            <label>$ADDON[plugin.program.newscenter  30099]</label>
                            <label2>$ADDON[plugin.program.newscenter  30098]</label2>
                            <onclick>RunScript(plugin.program.newscenter,&quot;?methode=play_wetternet&quot;)</onclick>
                            <visible>String.Contains(Window(Home).Property(NewsCenter.Visible.WetterNet),true)</visible>
                        </item>
                    </content>
                </control>
            </control>
            <control type="group"> <!-- Live Streams -->
                <control type="panel" id="88435">
                    <visible>Container(19010).Hasfocus(80108)</visible>
                    <left>60</left>
                    <top>172</top>
                    <width>1350</width>
                    <height>792</height>
                    <onright>19010</onright>
                    <onleft>19010</onleft>
                    <onup>88435</onup>
                    <ondown>88435</ondown>
                    <scrolltime tween="Quadratic" easing="out">500</scrolltime>
                    <focusposition>0</focusposition>
                    <orientation>horizontal</orientation>
                    <movement>1</movement>
                    <itemlayout width="441" height="198">
                        <control type="image">
                            <left>0</left>
                            <top>0</top>
                            <width>426</width>
                            <height>183</height>
                            <texture border="4">buttons/ButtonNF.png</texture>
                            <visible>!Control.HasFocus(88435)</visible>
                        </control>
                        <control type="label">
                            <left>8</left>
                            <top>8</top>
                            <height>45</height>
                            <width>411</width>
                            <label>$INFO[ListItem.Label]</label>
                            <font>ubuntu-r19b</font>
                            <textcolor>description</textcolor>
                            <scroll>false</scroll>
                        </control>
                        <control type="textbox">
                            <left>8</left>
                            <top>45</top>
                            <width>411</width>
                            <height>100</height>
                            <font>font12</font>
                            <align>left</align>
                            <textcolor>grey1</textcolor>
                            <label>$INFO[ListItem.Label2]</label>
                            <autoscroll>false</autoscroll>
                        </control>
                    </itemlayout>
                    <focusedlayout width="441" height="198">
                        <control type="image">
                            <left>0</left>
                            <top>0</top>
                            <width>426</width>
                            <height>183</height>
                            <texture border="4">BlackBack.png</texture>
                            <visible>Control.HasFocus(88435)</visible>
                        </control>
                        <control type="image">
                            <left>0</left>
                            <top>0</top>
                            <width>426</width>
                            <height>183</height>
                            <texture border="4">buttons/ButtonNF.png</texture>
                            <visible>Control.HasFocus(88435)</visible>
                        </control>
                        <control type="label">
                            <left>8</left>
                            <top>8</top>
                            <height>45</height>
                            <width>411</width>
                            <label>$INFO[ListItem.Label]</label>
                            <font>ubuntu-r19b</font>
                            <textcolor>description</textcolor>
                            <scroll>false</scroll>
                        </control>
                        <control type="textbox">
                            <left>8</left>
                            <top>45</top>
                            <width>411</width>
                            <height>100</height>
                            <font>font12</font>
                            <align>left</align>
                            <textcolor>grey1</textcolor>
                            <label>$INFO[ListItem.Label2]</label>
                            <autoscroll>false</autoscroll>
                            <autoscroll time="5000" delay="6000" repeat="5000">Control.HasFocus(88435)</autoscroll>
                        </control>
                    </focusedlayout>
                    <content>
                        <item id="80148">
                            <label>EuroNews</label>
                            <label2>Live Stream</label2>
                            <onclick>RunScript(plugin.program.newscenter,&quot;?methode=play_livestream_euronews&quot;)</onclick>
                        </item>
                        <item id="80149">
                            <label>N-TV</label>
                            <label2>Live Stream</label2>
                            <onclick>RunScript(plugin.program.newscenter,&quot;?methode=play_livestream_ntv&quot;)</onclick>
                            <visible>String.Contains(Window(Home).Property(NewsCenter.Visible.Tagesschau),true)</visible>
                        </item>
                        <item id="80150">
                            <label>N24</label>
                            <label2>Live Stream</label2>
                            <onclick>RunScript(plugin.program.newscenter,&quot;?methode=play_livestream_n24&quot;)</onclick>
                        </item>
                        <item id="80151">
                            <label>Tagesschau24</label>
                            <label2>Live Stream</label2>
                            <onclick>RunScript(plugin.program.newscenter,&quot;?methode=play_livestream_tagesschau24&quot;)</onclick>
                        </item>
                        <item id="80152">
                            <label>Phoenix</label>
                            <label2>Live Stream</label2>
                            <onclick>RunScript(plugin.program.newscenter,&quot;?methode=play_livestream_phoenix&quot;)</onclick>
                        </item>
                        <item id="80153">
                            <label>Deutsche Welle</label>
                            <label2>Live Stream</label2>
                            <onclick>RunScript(plugin.program.newscenter,&quot;?methode=play_livestream_dw&quot;)</onclick>
                        </item>
                    </content>
                </control>
            </control>
            <control type="group"> <!-- Fussball Top Menü -->
               
                <visible>Container(19010).Hasfocus(80103)</visible>
                <control type="im age">
                    <left>75</left>
                    <top>147</top>
                    <width>1290</width>
                    <height>66</height>
                    <colordiffuse>red</colordiffuse>
                    <texture>WhiteBack.png</texture>
                </control>
                <control type="list" id="23010">
                    <visible>Container(19010).Hasfocus(80103)</visible>
                    <left>90</left>
                    <top>150</top>
                    <width>1260</width>
                    <height>60</height>
                    <onright>19010</onright>
                    <onleft>19010</onleft>
                    <onup/>
                    <ondown condition="Container(23010).HasFocus(23101)|Container(23010).HasFocus(23103)">88430</ondown>
                    <ondown condition="Container(23010).HasFocus(23102)|Container(23010).HasFocus(23104)">88431</ondown>
                    <scrolltime tween="Quadratic" easing="out">500</scrolltime>
                    <focusposition>0</focusposition>
                    <orientation>horizontal</orientation>
                    <movement>1</movement>
                    <itemlayout width="315" height="60">
                        <control type="image">
                            <left>0</left>
                            <top>0</top>
                            <width>315</width>
                            <height>52</height>
                            <colordiffuse>grey2</colordiffuse>
                            <texture>WhiteBack.png</texture>
                            <visible>!Control.HasFocus(23010)</visible>
                        </control>
                        <control type="label">
                            <left>8</left>
                            <top>6</top>
                            <width>300</width>
                            <height>45</height>
                            <label>$INFO[ListItem.Label]</label>
                            <align>center</align>
                            <scroll>false</scroll>
                        </control>
                    </itemlayout>
                    <focusedlayout width="315" height="60">
                        <control type="image">
                            <left>0</left>
                            <top>0</top>
                            <width>315</width>
                            <height>54</height>
                            <colordiffuse>red</colordiffuse>
                            <texture>WhiteBack.png</texture>
                        </control>
                        <control type="label">
                            <left>8</left>
                            <top>6</top>
                            <width>300</width>
                            <height>45</height>
                            <label>$INFO[ListItem.Label]</label>
                            <align>center</align>
                            <scroll>false</scroll>
                        </control>
                    </focusedlayout>
                    <content>
                        <item id="23101">
                            <label>$ADDON[plugin.program.newscenter  30128]</label>
                            <onclick>SetFocus(88430)</onclick>
                        </item>
                        <item id="23102">
                            <label>$ADDON[plugin.program.newscenter  30125]</label>
                            <onclick>SetFocus(88431)</onclick>
                        </item>
                        <item id="23103">
                            <label>$ADDON[plugin.program.newscenter  30129]</label>
                            <onclick>SetFocus(88430)</onclick>
                        </item>
                        <item id="23104">
                            <label>$ADDON[plugin.program.newscenter  30126]</label>
                            <onclick>SetFocus(88431)</onclick>
                        </item>
                    </content>
                </control>
            </control>
            <control type="group"> <!-- Fussball TABELLE -->
                <visible>Container(19010).Hasfocus(80103)</visible>
                <visible>Container(23010).Hasfocus(23101)|Container(23010).Hasfocus(23103)</visible>
                <control type="group">
                    <left>84</left>
                    <top>82</top>
                    <control type="label">
                        <description>Platz label</description>
                        <left>105</left>
                        <top>150</top>
                        <width>1095</width>
                        <height>45</height>
                        <font>font13</font>
                        <textcolor>description</textcolor>
                        <label>$ADDON[plugin.program.newscenter  30142]. $ADDON[plugin.program.newscenter  30143]</label>
                    </control>
                    <control type="label">
                        <description>Spiele label</description>
                        <left>490</left>
                        <top>150</top>
                        <width>1095</width>
                        <height>45</height>
                        <font>font13</font>
                        <textcolor>description</textcolor>
                        <label>$ADDON[plugin.program.newscenter  30144]</label>
                    </control>
                    <control type="label">
                        <description>header label</description>
                        <left>650</left>
                        <top>150</top>
                        <width>1095</width>
                        <height>45</height>
                        <textcolor>description</textcolor>
                        <label>$ADDON[plugin.program.newscenter  30145]</label>
                    </control>
                    <control type="label">
                        <description>Tore label</description>
                        <left>855</left>
                        <top>150</top>
                        <width>1095</width>
                        <height>45</height>
                        <font>font13</font>
                        <textcolor>description</textcolor>
                        <label>$ADDON[plugin.program.newscenter  30146]</label>
                    </control>
                    <control type="label">
                        <description>Punkte label</description>
                        <left>1005</left>
                        <top>150</top>
                        <width>1095</width>
                        <height>45</height>
                        <font>font13</font>
                        <textcolor>description</textcolor>
                        <label>$ADDON[plugin.program.newscenter  30147]</label>
                    </control>
                    <control type="label">
                        <description>Statistik label</description>
                        <left>1140</left>
                        <top>150</top>
                        <width>1095</width>
                        <height>45</height>
                        <font>font13</font>
                        <textcolor>description</textcolor>
                        <label>$ADDON[plugin.program.newscenter  30148]</label>
                    </control>
                </control>
                <control type="list" id="88430">
                    <left>75</left>
                    <top>285</top>
                    <width>1290</width>
                    <height>675</height>
                    <onleft>9020</onleft>
                    <onright>19010</onright>
                    <onup>23010</onup>
                    <ondown>88430</ondown>
                    <viewtype>list</viewtype>
                    <scrolltime tween="quadratic" easing="out">500</scrolltime>
                    <focusposition>0</focusposition>
                    <orientation>vertical</orientation>
                    <preloaditems>9</preloaditems>
                    <itemlayout width="1290" height="68">
                        <control type="image">
                            <left>8</left>
                            <top>0</top>
                            <width>45</width>
                            <height>45</height>
                            <texture>$INFO[ListItem.Icon]</texture>
                        </control>
                        <control type="label">
                            <description>Platz</description>
                            <left>60</left>
                            <top>8</top>
                            <height>45</height>
                            <width>75</width>
                            <label>$INFO[ListItem.Property(Platz)]</label>
                            <align>right</align>
                            <scroll>false</scroll>
                        </control>
                        <control type="label">
                            <description>Label</description>
                            <left>142</left>
                            <top>8</top>
                            <height>45</height>
                            <width>375</width>
                            <label>$INFO[ListItem.Label]</label>
                            <scroll>false</scroll>
                        </control>
                        <control type="label">
                            <description>Spiele</description>
                            <left>495</left>
                            <top>8</top>
                            <height>45</height>
                            <width>75</width>
                            <align>right</align>
                            <label>$INFO[ListItem.Property(Spiele)]</label>
                            <scroll>false</scroll>
                        </control>
                        <control type="label">
                            <description>Sun</description>
                            <left>645</left>
                            <top>8</top>
                            <height>45</height>
                            <width>150</width>
                            <label>$INFO[ListItem.Property(Sun)]</label>
                            <scroll>false</scroll>
                        </control>
                        <control type="label">
                            <description>Tore</description>
                            <left>825</left>
                            <top>8</top>
                            <height>45</height>
                            <width>150</width>
                            <label>$INFO[ListItem.Property(Tore)]</label>
                            <scroll>false</scroll>
                        </control>
                        <control type="label">
                            <description>Punkte</description>
                            <left>1005</left>
                            <top>8</top>
                            <height>45</height>
                            <width>75</width>
                            <align>right</align>
                            <label>$INFO[ListItem.Property(Punkte)]</label>
                            <scroll>false</scroll>
                        </control>
                        <control type="image">
                            <description>StatPic</description>
                            <left>1170</left>
                            <top>27</top>
                            <width>62</width>
                            <height>16</height>
                            <texture>$INFO[ListItem.Property(StatPic)]</texture>
                            <aspectratio>stretch</aspectratio>
                        </control>
                    </itemlayout>
                    <focusedlayout width="1290" height="68">
                        <control type="image">
                            <left>0</left>
                            <top>0</top>
                            <width>1290</width>
                            <height>54</height>
                            <texture border="2">buttons/ButtonNFlight.png</texture>
                            <visible>Control.HasFocus(88430)</visible>
                        </control>
                        <control type="image">
                            <left>8</left>
                            <top>0</top>
                            <width>45</width>
                            <height>45</height>
                            <texture>$INFO[ListItem.Icon]</texture>
                        </control>
                        <control type="label">
                            <description>Platz</description>
                            <left>60</left>
                            <top>8</top>
                            <height>45</height>
                            <width>75</width>
                            <label>$INFO[ListItem.Property(Platz)]</label>
                            <align>right</align>
                            <scroll>false</scroll>
                        </control>
                        <control type="label">
                            <description>channel</description>
                            <left>142</left>
                            <top>8</top>
                            <height>45</height>
                            <width>350</width>
                            <label>$INFO[ListItem.Label]</label>
                            <scroll>false</scroll>
                        </control>
                        <control type="label">
                            <description>Spiele</description>
                            <left>495</left>
                            <top>8</top>
                            <height>45</height>
                            <width>75</width>
                            <align>right</align>
                            <label>$INFO[ListItem.Property(Spiele)]</label>
                            <scroll>false</scroll>
                        </control>
                        <control type="label">
                            <description>Sun</description>
                            <left>645</left>
                            <top>8</top>
                            <height>45</height>
                            <width>150</width>
                            <label>$INFO[ListItem.Property(Sun)]</label>
                            <scroll>false</scroll>
                        </control>
                        <control type="label">
                            <description>Tore</description>
                            <left>825</left>
                            <top>8</top>
                            <height>45</height>
                            <width>150</width>
                            <label>$INFO[ListItem.Property(Tore)]</label>
                            <scroll>false</scroll>
                        </control>
                        <control type="label">
                            <description>Punkte</description>
                            <left>1005</left>
                            <top>8</top>
                            <height>45</height>
                            <width>75</width>
                            <align>right</align>
                            <label>$INFO[ListItem.Property(Punkte)]</label>
                            <scroll>false</scroll>
                        </control>
                        <control type="image">
                            <description>StatPic</description>
                            <left>1170</left>
                            <top>27</top>
                            <width>62</width>
                            <height>16</height>
                            <texture>$INFO[ListItem.Property(StatPic)]</texture>
                            <aspectratio>stretch</aspectratio>
                        </control>
                    </focusedlayout>
                    <content>$VAR[NewsPreviewBundesligaTabelle]</content>
                </control>
            </control>
            <control type="group"> <!-- Fussball SPIELERGEBNISSE -->
                <visible>Container(19010).Hasfocus(80103)</visible>
                <visible>Container(23010).Hasfocus(23102)|Container(23010).Hasfocus(23104)</visible>
                <control type="list" id="88431">
                    <left>60</left>
                    <top>285</top>
                    <width>1290</width>
                    <height>675</height>
                    <onleft>9020</onleft>
                    <onright>19010</onright>
                    <onup>23010</onup>
                    <ondown>88431</ondown>
                    <viewtype>list</viewtype>
                    <scrolltime tween="quadratic" easing="out">500</scrolltime>
                    <focusposition>0</focusposition>
                    <orientation>vertical</orientation>
                    <preloaditems>9</preloaditems>
                    <itemlayout width="1290" height="68">
                        <control type="label">
                            <left>0</left>
                            <top>0</top>
                            <height>45</height>
                            <width>270</width>
                            <align>right</align>
                            <font>font12</font>
                            <textcolor>grey1</textcolor>
                            <label>$INFO[ListItem.Property(Spieldatum)]</label>
                            <scroll>false</scroll>
                        </control>
                        <control type="image">
                            <left>300</left>
                            <top>0</top>
                            <width>45</width>
                            <height>45</height>
                            <texture>$INFO[ListItem.Property(Mannschaft1Logo)]</texture>
                            <aspectratio align="left" aligny="top">stretch</aspectratio>
                        </control>
                        <control type="label">
                            <left>345</left>
                            <top>0</top>
                            <height>45</height>
                            <width>360</width>
                            <align>right</align>
                            <label>$INFO[ListItem.Property(Mannschaft1)]</label>
                            <scroll>false</scroll>
                        </control>
                        <control type="label">
                            <left>705</left>
                            <top>0</top>
                            <height>45</height>
                            <width>75</width>
                            <align>center</align>
                            <textcolor>description</textcolor>
                            <label>$INFO[ListItem.Property(Ergebniss)]</label>
                            <scroll>false</scroll>
                        </control>
                        <control type="label">
                            <left>780</left>
                            <top>0</top>
                            <height>45</height>
                            <width>360</width>
                            <align>left</align>
                            <label>$INFO[ListItem.Property(Mannschaft2)]</label>
                            <scroll>false</scroll>
                        </control>
                        <control type="image">
                            <left>1155</left>
                            <top>0</top>
                            <width>45</width>
                            <height>45</height>
                            <texture>$INFO[ListItem.Property(Mannschaft2Logo)]</texture>
                            <aspectratio align="left" aligny="top">stretch</aspectratio>
                        </control>
                    </itemlayout>
                    <focusedlayout width="1290" height="68">
                        <control type="image">
                            <left>30</left>
                            <top>0</top>
                            <width>1260</width>
                            <height>54</height>
                            <texture>buttons/ButtonNFlight.png</texture>
                            <visible>Control.Hasfocus(88431)</visible>
                        </control>
                        <control type="label">
                            <left>0</left>
                            <top>0</top>
                            <height>45</height>
                            <width>270</width>
                            <align>right</align>
                            <font>font12</font>
                            <textcolor>grey1</textcolor>
                            <label>$INFO[ListItem.Property(Spieldatum)]</label>
                            <scroll>false</scroll>
                        </control>
                        <control type="image">
                            <left>300</left>
                            <top>0</top>
                            <width>45</width>
                            <height>45</height>
                            <texture>$INFO[ListItem.Property(Mannschaft1Logo)]</texture>
                            <aspectratio align="left" aligny="top">stretch</aspectratio>
                        </control>
                        <control type="label">
                            <left>345</left>
                            <top>0</top>
                            <height>45</height>
                            <width>360</width>
                            <align>right</align>
                            <label>$INFO[ListItem.Property(Mannschaft1)]</label>
                            <scroll>false</scroll>
                        </control>
                        <control type="label">
                            <left>705</left>
                            <top>0</top>
                            <height>45</height>
                            <width>75</width>
                            <align>center</align>
                            <textcolor>description</textcolor>
                            <label>$INFO[ListItem.Property(Ergebniss)]</label>
                            <scroll>false</scroll>
                        </control>
                        <control type="label">
                            <left>780</left>
                            <top>0</top>
                            <height>45</height>
                            <width>360</width>
                            <align>left</align>
                            <label>$INFO[ListItem.Property(Mannschaft2)]</label>
                            <scroll>false</scroll>
                        </control>
                        <control type="image">
                            <left>1155</left>
                            <top>0</top>
                            <width>45</width>
                            <height>45</height>
                            <texture>$INFO[ListItem.Property(Mannschaft2Logo)]</texture>
                            <aspectratio align="left" aligny="top">stretch</aspectratio>
                        </control>
                    </focusedlayout>
                    <content>$VAR[NewsPreviewBundesligaSpiele]</content>
                </control>
            </control>
            <control type="group"> <!-- DEUTSCHLAND WETTER DATEN BILDER -->
                <visible>Container(19010).Hasfocus(80104)</visible>
                <control type="panel" id="88435">
                    <left>75</left>
                    <top>158</top>
                    <width>1290</width>
                    <height>220</height>
                    <onleft>9020</onleft>
                    <onright>19010</onright>
                    <onup>88435</onup>
                    <ondown>88435</ondown>
                    <viewtype>list</viewtype>
                    <scrolltime tween="quadratic" easing="out">500</scrolltime>
                    <focusposition>0</focusposition>
                    <orientation>vertical</orientation>
                    <preloaditems>9</preloaditems>
                    <itemlayout width="429" height="68">
                        <control type="image">
                            <left>3</left>
                            <top>0</top>
                            <height>60</height>
                            <width>423</width>
                            <colordiffuse>red</colordiffuse>
                            <texture>WhiteBack.png</texture>
                            <visible>!Control.HasFocus(88435)</visible>
                        </control>
                        <control type="label">
                            <left>8</left>
                            <top>8</top>
                            <height>45</height>
                            <width>414</width>
                            <label>$INFO[ListItem.Label]</label>
                            <align>center</align>
                            <scroll>false</scroll>
                        </control>
                    </itemlayout>
                    <focusedlayout width="429" height="68">
                        <control type="image">
                            <left>3</left>
                            <top>0</top>
                            <height>60</height>
                            <width>423</width>
                            <colordiffuse>red</colordiffuse>
                            <texture>WhiteBack.png</texture>
                            <visible>Control.HasFocus(88435)</visible>
                        </control>
                        <control type="label">
                            <left>8</left>
                            <top>8</top>
                            <height>45</height>
                            <width>414</width>
                            <label>$INFO[ListItem.Label]</label>
                            <align>center</align>
                            <scroll>false</scroll>
                        </control>
                    </focusedlayout>
                    <content>plugin://plugin.program.newscenter/?methode=get_dwd_pics_base_uwz</content>
                </control>
                <control type="image">
                    <left>78</left>
                    <top>300</top>
                    <width>1284</width>
                    <height>668</height>
                    <colordiffuse>grey2</colordiffuse>
                    <texture>WhiteBack.png</texture>
                </control>
                <control type="image">
                    <left>78</left>
                    <top>300</top>
                    <width>1284</width>
                    <height>668</height>
                    <texture background="true">$INFO[Container(88435).ListItem.Icon]</texture>
                    <aspectratio>keep</aspectratio>
                </control>
            </control>
            <control type="group"> <!-- BUNDESLAND WETTER DATEN BILDER -->
                <visible>Container(19010).Hasfocus(80105)</visible>
                <control type="list" id="88432">
                    <left>915</left>
                    <top>158</top>
                    <width>450</width>
                    <height>810</height>
                    <onleft>9020</onleft>
                    <onright>19010</onright>
                    <onup>88432</onup>
                    <ondown>88432</ondown>
                    <viewtype>list</viewtype>
                    <scrolltime tween="quadratic" easing="out">500</scrolltime>
                    <focusposition>0</focusposition>
                    <orientation>vertical</orientation>
                    <preloaditems>9</preloaditems>
                    <itemlayout width="450" height="63">
                        <control type="label">
                            <left>8</left>
                            <top>8</top>
                            <height>45</height>
                            <width>435</width>
                            <label>$INFO[ListItem.Label]</label>
                            <align>center</align>
                            <scroll>false</scroll>
                        </control>
                    </itemlayout>
                    <focusedlayout width="380" height="63">
                        <control type="image">
                            <left>0</left>
                            <top>0</top>
                            <width>450</width>
                            <height>60</height>
                            <colordiffuse>red</colordiffuse>
                            <texture>WhiteBack.png</texture>
                            <visible>Control.HasFocus(88432)</visible>
                        </control>
                        <control type="image">
                            <left>0</left>
                            <top>0</top>
                            <width>450</width>
                            <height>60</height>
                            <colordiffuse>grey1</colordiffuse>
                            <texture>WhiteBack.png</texture>
                            <visible>!Control.HasFocus(88432)</visible>
                        </control>
                        <control type="label">
                            <left>8</left>
                            <top>8</top>
                            <height>45</height>
                            <width>435</width>
                            <label>$INFO[ListItem.Label]</label>
                            <align>center</align>
                            <scroll>false</scroll>
                        </control>
                    </focusedlayout>
                    <content>plugin://plugin.program.newscenter/?methode=get_dwd_pics_bundesland_uwz</content>
                </control>
                <control type="image">
                    <left>69</left>
                    <top>158</top>
                    <width>810</width>
                    <height>810</height>
                    <colordiffuse>grey3</colordiffuse>
                    <texture>WhiteBack.png</texture>
                </control>
                <control type="image">
                    <left>69</left>
                    <top>158</top>
                    <width>810</width>
                    <height>810</height>
                    <texture>$INFO[Container(88432).ListItem.Icon]</texture>
                    <aspectratio>keep</aspectratio>
                </control>
            </control>
            <control type="group"> <!-- WETTERWARNUNG DATEN BILDER -->
                <visible>Container(19010).Hasfocus(80106)</visible>
                <control type="list" id="88433">
                    <left>75</left>
                    <top>158</top>
                    <width>1290</width>
                    <height>810</height>
                    <onleft>9020</onleft>
                    <onright>19010</onright>
                    <onup>88433</onup>
                    <ondown>88433</ondown>
                    <viewtype>list</viewtype>
                    <scrolltime tween="quadratic" easing="out">500</scrolltime>
                    <focusposition>0</focusposition>
                    <orientation>vertical</orientation>
                    <preloaditems>9</preloaditems>
                    <visible>Container(19010).Hasfocus(80106)</visible>
                    <itemlayout width="1290" height="270">
                        <control type="image">
                            <left>8</left>
                            <top>8</top>
                            <width>120</width>
                            <height>120</height>
                            <texture>$INFO[ListItem.Icon]</texture>
                            <aspectratio align="left" aligny="top">keep</aspectratio>
                        </control>
                        <control type="label">
                            <left>135</left>
                            <top>0</top>
                            <height>45</height>
                            <width>1140</width>
                            <font>font12</font>
                            <label>$INFO[ListItem.Property(Start)]$INFO[ListItem.Property(Ende), - ,]</label>
                            <scroll>false</scroll>
                        </control>
                        <control type="label">
                            <left>135</left>
                            <top>39</top>
                            <height>45</height>
                            <width>1140</width>
                            <label>$INFO[ListItem.Label]</label>
                            <scroll>false</scroll>
                        </control>
                        <control type="label">
                            <left>135</left>
                            <top>78</top>
                            <height>45</height>
                            <width>1140</width>
                            <label>$INFO[ListItem.Property(Severity),$LOCALIZE[504044]: , - $INFO[ListItem.Property(Type)]]</label>
                            <scroll>false</scroll>
                        </control>
                        <control type="textbox">
                            <left>8</left>
                            <top>135</top>
                            <width>1275</width>
                            <height>150</height>
                            <font>font13</font>
                            <align>left</align>
                            <label>$INFO[ListItem.Property(LongText)]</label>
                            <autoscroll>false</autoscroll>
                        </control>
                    </itemlayout>
                    <focusedlayout width="1290" height="270">
                        <control type="image">
                            <left>0</left>
                            <top>0</top>
                            <width>1290</width>
                            <height>270</height>
                            <texture border="2">buttons/ButtonNF.png</texture>
                            <aspectratio>stretch</aspectratio>
                            <visible>Control.HasFocus(88433)</visible>
                        </control>
                        <control type="image">
                            <left>8</left>
                            <top>8</top>
                            <width>120</width>
                            <height>120</height>
                            <texture>$INFO[ListItem.Icon]</texture>
                            <aspectratio align="left" aligny="top">keep</aspectratio>
                        </control>
                        <control type="label">
                            <left>135</left>
                            <top>0</top>
                            <height>45</height>
                            <width>1140</width>
                            <font>font12</font>
                            <label>$INFO[ListItem.Property(Start)]$INFO[ListItem.Property(Ende), - ,]</label>
                            <scroll>false</scroll>
                        </control>
                        <control type="label">
                            <left>135</left>
                            <top>39</top>
                            <height>45</height>
                            <width>1140</width>
                            <label>$INFO[ListItem.Label]</label>
                            <scroll>false</scroll>
                        </control>
                        <control type="label">
                            <left>135</left>
                            <top>78</top>
                            <height>45</height>
                            <width>1140</width>
                            <label>$INFO[ListItem.Property(Severity),$LOCALIZE[504044]: , - $INFO[ListItem.Property(Type)]]</label>
                            <scroll>false</scroll>
                        </control>
                        <control type="textbox">
                            <left>8</left>
                            <top>135</top>
                            <width>1275</width>
                            <height>150</height>
                            <font>font13</font>
                            <align>left</align>
                            <label>$INFO[ListItem.Property(LongText)]</label>
                            <autoscroll time="2000" delay="5000" repeat="5000">true</autoscroll>
                        </control>
                    </focusedlayout>
                    <content>plugin://plugin.program.newscenter/?methode=get_unwetter_warnungen</content>
                </control>
                <control type="label">
                    <left>75</left>
                    <top>158</top>
                    <width>1290</width>
                    <height>510</height>
                    <align>center</align>
                    <aligny>center</aligny>
                    <font>impacted30</font>
                    <textcolor>grey1</textcolor>
                    <label>es liegen keine Warnungen für [COLOR=description]$INFO[Window(Home).Property(NewsCenter.PLZ)]$INFO[Window(Home).Property(NewsCenter.Bundesland, - ,][/COLOR] vor</label>
                    <visible>String.IsEqual(Window(Home).Property(NewsCenter.Unwetter.Anzahl),0)</visible>
                    <include>openclosevisible</include>
                </control>
            </control>
            <control type="group"> <!-- POLLENWARNUNG INFOS & BILDER -->
                <visible>Container(19010).Hasfocus(80107)</visible>
                <control type="image">
                    <description>background image</description>
                    <left>225</left>
                    <top>435</top>
                    <width>450</width>
                    <height>360</height>
                    <aspectratio align="left">keep</aspectratio>
                    <colordiffuse>grey2</colordiffuse>
                    <texture border="1">Design-Polle.png</texture>
                </control>
                <control type="list">
                    <left>82</left>
                    <top>158</top>
                    <width>1282</width>
                    <height>300</height>
                    <orientation>horizontal</orientation>
                    <itemlayout width="160" height="300">
                        <control type="image">
                            <left>0</left>
                            <top>0</top>
                            <width>150</width>
                            <height>150</height>
                            <texture>$INFO[ListItem.Icon]</texture>
                            <aspectratio>scale</aspectratio>
                        </control>
                        <control type="image">
                            <left>0</left>
                            <top>150</top>
                            <width>150</width>
                            <height>39</height>
                            <texture>$INFO[ListItem.Label2]</texture>
                            <aspectratio>scale</aspectratio>
                        </control>
                        <control type="label">
                            <left>0</left>
                            <top>147</top>
                            <width>150</width>
                            <height>45</height>
                            <align>center</align>
                            <label>$INFO[ListItem.Label]</label>
                        </control>
                        <control type="image">
                            <left>0</left>
                            <top>0</top>
                            <width>150</width>
                            <height>189</height>
                            <colordiffuse>grey2</colordiffuse>
                            <texture>$INFO[ListItem.Property(fallback1)]</texture>
                        </control>
                    </itemlayout>
                    <focusedlayout width="160" height="300">
                        <control type="image">
                            <left>0</left>
                            <top>0</top>
                            <width>150</width>
                            <height>150</height>
                            <texture>$INFO[ListItem.Icon]</texture>
                            <aspectratio>scale</aspectratio>
                        </control>
                        <control type="image">
                            <left>0</left>
                            <top>150</top>
                            <width>150</width>
                            <height>39</height>
                            <texture>$INFO[ListItem.Label2]</texture>
                            <aspectratio>scale</aspectratio>
                        </control>
                        <control type="label">
                            <left>0</left>
                            <top>147</top>
                            <width>150</width>
                            <height>45</height>
                            <align>center</align>
                            <label>$INFO[ListItem.Label]</label>
                        </control>
                        <control type="image">
                            <left>0</left>
                            <top>0</top>
                            <width>150</width>
                            <height>189</height>
                            <colordiffuse>grey2</colordiffuse>
                            <texture>$INFO[ListItem.Property(fallback1)]</texture>
                        </control>
                    </focusedlayout>
                    <content>
                        <include content="NewsCenterItem_Pollen">
                            <param name="newscenter_pollen_id" value="0" />
                        </include>
                        <include content="NewsCenterItem_Pollen">
                            <param name="newscenter_pollen_id" value="1" />
                        </include>
                        <include content="NewsCenterItem_Pollen">
                            <param name="newscenter_pollen_id" value="2" />
                        </include>
                        <include content="NewsCenterItem_Pollen">
                            <param name="newscenter_pollen_id" value="3" />
                        </include>
                        <include content="NewsCenterItem_Pollen">
                            <param name="newscenter_pollen_id" value="4" />
                        </include>
                        <include content="NewsCenterItem_Pollen">
                            <param name="newscenter_pollen_id" value="5" />
                        </include>
                        <include content="NewsCenterItem_Pollen">
                            <param name="newscenter_pollen_id" value="6" />
                        </include>
                        <include content="NewsCenterItem_Pollen">
                            <param name="newscenter_pollen_id" value="7" />
                        </include>
                        <include content="NewsCenterItem_Pollen">
                            <param name="newscenter_pollen_id" value="8" />
                        </include>
                        <include content="NewsCenterItem_Pollen">
                            <param name="newscenter_pollen_id" value="9" />
                        </include>
                        <include content="NewsCenterItem_Pollen">
                            <param name="newscenter_pollen_id" value="10" />
                        </include>
                        <include content="NewsCenterItem_Pollen">
                            <param name="newscenter_pollen_id" value="11" />
                        </include>
                        <include content="NewsCenterItem_Pollen">
                            <param name="newscenter_pollen_id" value="12" />
                        </include>
                        <include content="NewsCenterItem_Pollen">
                            <param name="newscenter_pollen_id" value="13" />
                        </include>
                        <include content="NewsCenterItem_Pollen">
                            <param name="newscenter_pollen_id" value="14" />
                        </include>
                        <include content="NewsCenterItem_Pollen">
                            <param name="newscenter_pollen_id" value="15" />
                        </include>
                        <include content="NewsCenterItem_Pollen">
                            <param name="newscenter_pollen_id" value="16" />
                        </include>
                        <include content="NewsCenterItem_Pollen">
                            <param name="newscenter_pollen_id" value="17" />
                        </include>
                        <include content="NewsCenterItem_Pollen">
                            <param name="newscenter_pollen_id" value="18" />
                        </include>
                        <include content="NewsCenterItem_Pollen">
                            <param name="newscenter_pollen_id" value="19" />
                        </include>
                        <include content="NewsCenterItem_Pollen">
                            <param name="newscenter_pollen_id" value="20" />
                        </include>
                        <item>
                            <label/>
                            <property name="fallback1">WhiteBack.png</property>
                            <onclick/>
                        </item>
                        <item>
                            <label/>
                            <property name="fallback1">WhiteBack.png</property>
                            <onclick/>
                        </item>
                        <item>
                            <label/>
                            <property name="fallback1">WhiteBack.png</property>
                            <onclick/>
                        </item>
                        <item>
                            <label/>
                            <property name="fallback1">WhiteBack.png</property>
                            <onclick/>
                        </item>
                        <item>
                            <label/>
                            <property name="fallback1">WhiteBack.png</property>
                            <onclick/>
                        </item>
                        <item>
                            <label/>
                            <property name="fallback1">WhiteBack.png</property>
                            <onclick/>
                        </item>
                        <item>
                            <label/>
                            <property name="fallback1">WhiteBack.png</property>
                            <onclick/>
                        </item>
                        <item>
                            <label/>
                            <property name="fallback1">WhiteBack.png</property>
                            <onclick/>
                        </item>
                    </content>
                </control>
                <control type="group">
                    <left>87</left>
                    <top>90</top>
                    <control type="image">
                        <left>0</left>
                        <top>780</top>
                        <width>1268</width>
                        <height>3</height>
                        <colordiffuse>fanartdiffuse</colordiffuse>
                        <texture border="1">Separator1.png</texture>
                        <aspectratio>stretch</aspectratio>
                    </control>
                    <control type="label">
                        <left>0</left>
                        <top>780</top>
                        <height>45</height>
                        <width>240</width>
                        <label>$ADDON[plugin.program.newscenter  30100]</label>
                        <font>font12</font>
                        <scroll>false</scroll>
                    </control>
                    <control type="label">
                        <left>0</left>
                        <top>816</top>
                        <height>45</height>
                        <width>300</width>
                        <label>$ADDON[plugin.program.newscenter  30101]</label>
                        <font>font12</font>
                        <scroll>false</scroll>
                    </control>
                    <control type="image">
                        <left>0</left>
                        <top>861</top>
                        <width>300</width>
                        <height>12</height>
                        <texture>newscenter/0-pollen.png</texture>
                        <aspectratio>stretch</aspectratio>
                    </control>
                    <control type="label">
                        <left>322</left>
                        <top>816</top>
                        <height>45</height>
                        <width>300</width>
                        <label>$ADDON[plugin.program.newscenter  30102]</label>
                        <font>font12</font>
                        <scroll>false</scroll>
                    </control>
                    <control type="image">
                        <left>322</left>
                        <top>861</top>
                        <width>300</width>
                        <height>12</height>
                        <texture>newscenter/1-pollen.png</texture>
                        <aspectratio>stretch</aspectratio>
                    </control>
                    <control type="label">
                        <left>645</left>
                        <top>816</top>
                        <height>45</height>
                        <width>300</width>
                        <label>$ADDON[plugin.program.newscenter  30103]</label>
                        <font>font12</font>
                        <scroll>false</scroll>
                    </control>
                    <control type="image">
                        <left>645</left>
                        <top>861</top>
                        <width>300</width>
                        <height>12</height>
                        <texture>newscenter/2-pollen.png</texture>
                        <aspectratio>stretch</aspectratio>
                    </control>
                    <control type="label">
                        <left>968</left>
                        <top>816</top>
                        <height>45</height>
                        <width>300</width>
                        <label>$ADDON[plugin.program.newscenter  30104]</label>
                        <font>font12</font>
                        <scroll>false</scroll>
                    </control>
                    <control type="image">
                        <left>968</left>
                        <top>861</top>
                        <width>300</width>
                        <height>12</height>
                        <texture>newscenter/3-pollen.png</texture>
                        <aspectratio>stretch</aspectratio>
                    </control>
                </control>
                <control type="list" id="88434">
                    <left>750</left>
                    <top>405</top>
                    <width>450</width>
                    <height>420</height>
                    <onleft>9020</onleft>
                    <onright>19010</onright>
                    <onup>88434</onup>
                    <ondown>88434</ondown>
                    <viewtype>list</viewtype>
                    <scrolltime tween="quadratic" easing="out">500</scrolltime>
                    <focusposition>0</focusposition>
                    <orientation>vertical</orientation>
                    <preloaditems>9</preloaditems>
                    <itemlayout width="450" height="60">
                        <control type="label">
                            <left>15</left>
                            <top>8</top>
                            <height>45</height>
                            <width>420</width>
                            <align>center</align>
                            <label>$INFO[ListItem.Label] - $INFO[ListItem.Label2]</label>
                            <scroll>false</scroll>
                        </control>
                    </itemlayout>
                    <focusedlayout width="450" height="60">
                        <control type="image">
                            <left>0</left>
                            <top>0</top>
                            <width>450</width>
                            <height>60</height>
                            <colordiffuse>red</colordiffuse>
                            <texture>WhiteBack.png</texture>
                            <visible>Control.HasFocus(88434)</visible>
                        </control>
                        <control type="image">
                            <left>0</left>
                            <top>0</top>
                            <width>450</width>
                            <height>60</height>
                            <colordiffuse>grey1</colordiffuse>
                            <texture>WhiteBack.png</texture>
                            <visible>!Control.HasFocus(88434)</visible>
                        </control>
                        <control type="label">
                            <left>15</left>
                            <top>8</top>
                            <height>45</height>
                            <width>420</width>
                            <align>center</align>
                            <label>$INFO[ListItem.Label] - $INFO[ListItem.Label2]</label>
                            <scroll>false</scroll>
                        </control>
                    </focusedlayout>
                    <content>plugin://plugin.program.newscenter/?methode=get_pollen_items</content>
                </control>
            </control>
        </control>
        <include>Clock</include>
    </controls>
</window>
