<?xml version="1.0" encoding="UTF-8"?>
<window type="dialog">
    <defaultcontrol>9000</defaultcontrol>
	<backgroundcolor>grey3</backgroundcolor>
    <include>openclose</include>
    <controls>
        <include>DialogBackgroundSimple</include>
        <control type="group">
            <visible>!Window.IsVisible(FileBrowser)</visible>
            <include>openclosebox</include>
            <include content="DialogInfoBackgroundParam">
                <param name="DialogBackgroundLeft" value="90" />
                <param name="DialogBackgroundTop" value="60" />
                <param name="DialogBackgroundWidth" value="1740" />
                <param name="DialogBackgroundHeight" value="938" />
                <param name="DialogSeparatorTop" value="135" />
                <param name="DialogSeparatorBottom" value="998" />
                <param name="DialogShadowTop" value="999" />
                <param name="DialogHeaderLabel" value="" />
                <param name="DialogHeaderTop" value="75" />
                <param name="DialogHeaderId" value="1" />
            </include>
            <control type="group">
                <left>60</left>
                <top>75</top>
                <control type="group">
                    <left>0</left>
                    <top>0</top>
                    <width>1800</width>
                    <height>0</height>
                    <control type="label">
                        <description>window header label</description>
                        <left>0</left>
                        <top>0</top>
                        <width>1800</width>
                        <height>45</height>
                        <font>impacted26</font>
                        <label>$LOCALIZE[15020]</label>
                        <align>center</align>
                        <aligny>center</aligny>
                        <textcolor>white</textcolor>
                    </control>
                    <control type="image">
                        <description>Separator</description>
                        <left>75</left>
                        <top>60</top>
                        <width>1650</width>
                        <height>1</height>
                        <texture>Separator2.png</texture>
                    </control>
                    <control type="image">
                        <description>Separator</description>
                        <left>30</left>
                        <top>81</top>
                        <width>1740</width>
                        <height>66</height>
                        <colordiffuse>$VAR[BackgroundOverlayColorDialog]</colordiffuse>
                        <texture>WhiteBack.png</texture>
                    </control>
                </control>
                <control type="list" id="9000">
                    <description>processing mode selection list</description>
                    <left>45</left>
                    <top>82</top>
                    <width>1710</width>
                    <height>60</height>
                    <onup>9001</onup>
                    <ondown>200</ondown>
                    <onleft>9000</onleft>
                    <onright>9000</onright>
                    <orientation>horizontal</orientation>
                    <scrolltime tween="sine" easing="out">200</scrolltime>
                    <itemlayout width="342" height="60">
                        <control type="label">
                            <posx>8</posx>
                            <posy>0</posy>
                            <width>327</width>
                            <height>60</height>
                            <textcolor>grey</textcolor>
                            <align>center</align>
                            <label>$INFO[ListItem.Label]</label>
                        </control>
                    </itemlayout>
                    <focusedlayout width="342" height="60">
                        <control type="image">
                            <left>0</left>
                            <top>9</top>
                            <width>342</width>
                            <height>45</height>
                            <texture border="5">buttons/ButtonFO.png</texture>
                            <animation effect="fade" start="100" end="50" time="0" condition="!Control.HasFocus(9000)">conditional</animation>
                        </control>
                        <control type="label">
                            <posx>8</posx>
                            <posy>0</posy>
                            <width>327</width>
                            <height>60</height>
                            <textcolor>black</textcolor>
                            <align>center</align>
                            <label>$INFO[ListItem.Label]</label>
                        </control>
                    </focusedlayout>
                </control>
                <control type="group">
                    <description>white borders and mode description</description>
                    <left>45</left>
                    <top>164</top>
                    <width>1710</width>
                    <height>750</height>
                    <control type="image">
                        <description>border</description>
                        <posx>0</posx>
                        <posy>0</posy>
                        <width>1710</width>
                        <height>750</height>
                        <texture border="5">osd/ProgressBack.png</texture>
                    </control>
                    <control type="label">
                        <description>current mode description label</description>
                        <left>15</left>
                        <top>0</top>
                        <width>1680</width>
                        <height>45</height>
                        <font>font12</font>
                        <align>left</align>
                        <aligny>center</aligny>
                        <textcolor>white</textcolor>
                        <selectedcolor>selected</selectedcolor>
                        <label>$INFO[Container(9000).ListItem.Label2]</label>
                    </control>
                </control>
                <control type="group" id="200">
                    <description>available- and active mode lists</description>
                    <left>45</left>
                    <top>225</top>
                    <width>1710</width>
                    <height>750</height>
                    <ondown>9001</ondown>
                    <onup>9000</onup>
                    <control type="group">
                        <description>available modes group</description>
                        <left>0</left>
                        <top>0</top>
                        <width>855</width>
                        <height>540</height>
                        <control type="label">
                            <description>available modes</description>
                            <left>38</left>
                            <top>3</top>
                            <width>825</width>
                            <height>45</height>
                            <label>$LOCALIZE[15050] ($INFO[Container(20).NumItems])</label>
                            <align>center</align>
                            <aligny>center</aligny>
                            <textcolor>selected</textcolor>
                        </control>
                        <control type="image">
                            <description>available modes list border</description>
                            <left>38</left>
                            <top>45</top>
                            <width>807</width>
                            <height>525</height>
                            <texture border="5">osd/ProgressBack.png</texture>
                        </control>
                        <control type="scrollbar" id="60">
                            <description>scrollbar for available modes list</description>
                            <left>8</left>
                            <top>45</top>
                            <width>18</width>
                            <height>525</height>
                            <onleft>60</onleft>
                            <onright>20</onright>
                            <showonepage>false</showonepage>
                            <orientation>vertical</orientation>
                        </control>
                        <control type="list" id="20">
                            <description>available modes list</description>
                            <left>45</left>
                            <top>52</top>
                            <width>792</width>
                            <height>518</height>
                            <onup>9000</onup>
                            <ondown>9001</ondown>
                            <onleft>60</onleft>
                            <onright>21</onright>
                            <pagecontrol>60</pagecontrol>
                            <scrolltime>200</scrolltime>
                            <itemlayout height="69" width="792">
                                <control type="image">
                                    <left>22</left>
                                    <top>12</top>
                                    <width>45</width>
                                    <height>45</height>
                                    <texture fallback="DefaultAudioDSP.png">$INFO[ListItem.Icon]</texture>
                                    <aspectratio aligny="center" align="left">keep</aspectratio>
                                </control>
                                <control type="label">
                                    <description>active addon name and mode name</description>
                                    <left>120</left>
                                    <top>4</top>
                                    <width>652</width>
                                    <height>60</height>
                                    <font>font12</font>
                                    <align>left</align>
                                    <aligny>center</aligny>
                                    <textcolor>white</textcolor>
                                    <scroll>false</scroll>
                                    <selectedcolor>selected</selectedcolor>
                                    <label>$INFO[ListItem.Label2]: $INFO[ListItem.Label]</label>
                                </control>
                            </itemlayout>
                            <focusedlayout height="99" width="792">
                                <control type="image">
                                    <left>0</left>
                                    <top>4</top>
                                    <width>792</width>
                                    <height>90</height>
                                    <texture border="5">buttons/ButtonFO.png</texture>
                                    <animation effect="fade" start="100" end="30" time="0" condition="!Control.HasFocus(20)">conditional</animation>
                                </control>
                                <control type="image">
                                    <left>8</left>
                                    <top>12</top>
                                    <width>75</width>
                                    <height>75</height>
                                    <texture fallback="DefaultAudioDSP.png">$INFO[ListItem.Icon]</texture>
                                    <aspectratio aligny="center" align="left">keep</aspectratio>
                                </control>
                                <control type="label">
                                    <description>addon name and mode name on focus</description>
                                    <left>120</left>
                                    <top>4</top>
                                    <width>652</width>
                                    <height>60</height>
                                    <font>font12</font>
                                    <align>left</align>
                                    <aligny>center</aligny>
                                    <textcolor>white</textcolor>
                                    <scroll>false</scroll>
                                    <selectedcolor>selected</selectedcolor>
                                    <label>$INFO[ListItem.Label2]: $INFO[ListItem.Label]</label>
                                </control>
                                <control type="label">
                                    <description>ADSP-Mode description on focus</description>
                                    <left>120</left>
                                    <top>50</top>
                                    <width>652</width>
                                    <height>45</height>
                                    <font>font12</font>
                                    <align>left</align>
                                    <aligny>center</aligny>
                                    <textcolor>grey2</textcolor>
                                    <scroll>false</scroll>
                                    <selectedcolor>selected</selectedcolor>
                                    <label>$INFO[ListItem.Property(Description)]</label>
                                    <visible>!Control.HasFocus(20)</visible>
                                </control>
                                <control type="label">
                                    <description>ADSP-Mode description on focus</description>
                                    <left>120</left>
                                    <top>50</top>
                                    <width>652</width>
                                    <height>45</height>
                                    <font>font12</font>
                                    <align>left</align>
                                    <aligny>center</aligny>
                                    <textcolor>grey2</textcolor>
                                    <scroll>true</scroll>
                                    <scrollsuffix>&gt;   &lt;</scrollsuffix>
                                    <selectedcolor>selected</selectedcolor>
                                    <label>$INFO[ListItem.Property(Description)]</label>
                                    <visible>Control.HasFocus(20)</visible>
                                </control>
                            </focusedlayout>
                        </control>
                    </control>
                    <control type="group">
                        <left>852</left>
                        <top>0</top>
                        <width>855</width>
                        <height>540</height>
                        <control type="label">
                            <description>active modes</description>
                            <left>15</left>
                            <top>3</top>
                            <width>825</width>
                            <height>45</height>
                            <label>$LOCALIZE[15051] ($INFO[Container(21).NumItems])</label>
                            <align>center</align>
                            <aligny>center</aligny>
                            <textcolor>selected</textcolor>
                        </control>
                        <control type="image">
                            <description>active modes list border</description>
                            <left>15</left>
                            <top>45</top>
                            <width>807</width>
                            <height>525</height>
                            <texture border="5">osd/ProgressBack.png</texture>
                        </control>
                        <control type="scrollbar" id="61">
                            <description>scrollbar for active modes list</description>
                            <left>813</left>
                            <top>45</top>
                            <width>18</width>
                            <height>525</height>
                            <onleft>21</onleft>
                            <onright>61</onright>
                            <showonepage>false</showonepage>
                            <orientation>vertical</orientation>
                        </control>
                        <control type="list" id="21">
                            <description>active modes list</description>
                            <left>22</left>
                            <top>52</top>
                            <width>807</width>
                            <height>518</height>
                            <onup>9000</onup>
                            <ondown>9001</ondown>
                            <onleft>20</onleft>
                            <onright>61</onright>
                            <pagecontrol>61</pagecontrol>
                            <scrolltime>200</scrolltime>
                            <itemlayout height="69" width="792">
                                <control type="image">
                                    <left>22</left>
                                    <top>12</top>
                                    <width>45</width>
                                    <height>45</height>
                                    <texture fallback="DefaultAudioDSP.png">$INFO[ListItem.Icon]</texture>
                                    <aspectratio aligny="center" align="left">keep</aspectratio>
                                </control>
                                <control type="label">
                                    <description>active addon name and mode name</description>
                                    <left>120</left>
                                    <top>4</top>
                                    <width>652</width>
                                    <height>60</height>
                                    <font>font12</font>
                                    <align>left</align>
                                    <aligny>center</aligny>
                                    <textcolor>white</textcolor>
                                    <scroll>false</scroll>
                                    <selectedcolor>selected</selectedcolor>
                                    <label>$INFO[ListItem.Property(Number)].  $INFO[ListItem.Label2]: $INFO[ListItem.Label]</label>
                                </control>
                            </itemlayout>
                            <focusedlayout height="99" width="792">
                                <control type="image">
                                    <left>0</left>
                                    <top>4</top>
                                    <width>792</width>
                                    <height>90</height>
                                    <texture border="5">buttons/ButtonFO.png</texture>
                                    <animation effect="fade" start="100" end="30" time="0" condition="!Control.HasFocus(21)">conditional</animation>
                                </control>
                                <control type="image">
                                    <left>8</left>
                                    <top>12</top>
                                    <width>75</width>
                                    <height>75</height>
                                    <texture fallback="DefaultAudioDSP.png">$INFO[ListItem.Icon]</texture>
                                    <aspectratio aligny="center" align="left">keep</aspectratio>
                                </control>
                                <control type="label">
                                    <description>addon name and mode name on focus</description>
                                    <left>120</left>
                                    <top>4</top>
                                    <width>652</width>
                                    <height>60</height>
                                    <font>font12</font>
                                    <align>left</align>
                                    <aligny>center</aligny>
                                    <textcolor>white</textcolor>
                                    <scroll>false</scroll>
                                    <selectedcolor>selected</selectedcolor>
                                    <label>$INFO[ListItem.Property(Number)].  $INFO[ListItem.Label2]: $INFO[ListItem.Label]</label>
                                    <visible>true</visible>
                                </control>
                                <control type="label">
                                    <description>ADSP-Mode description on focus</description>
                                    <left>120</left>
                                    <top>50</top>
                                    <width>652</width>
                                    <height>45</height>
                                    <font>font12</font>
                                    <align>left</align>
                                    <aligny>center</aligny>
                                    <textcolor>grey2</textcolor>
                                    <scroll>false</scroll>
                                    <selectedcolor>selected</selectedcolor>
                                    <label>$INFO[ListItem.Property(Description)]</label>
                                    <visible>!Control.HasFocus(21)</visible>
                                </control>
                                <control type="label">
                                    <description>ADSP-Mode description on focus</description>
                                    <left>120</left>
                                    <top>50</top>
                                    <width>652</width>
                                    <height>45</height>
                                    <font>font12</font>
                                    <align>left</align>
                                    <aligny>center</aligny>
                                    <textcolor>grey2</textcolor>
                                    <scroll>true</scroll>
                                    <scrollsuffix>&gt;   &lt;</scrollsuffix>
                                    <selectedcolor>selected</selectedcolor>
                                    <label>$INFO[ListItem.Property(Description)]</label>
                                    <visible>Control.HasFocus(21)</visible>
                                </control>
                            </focusedlayout>
                        </control>
                    </control>
                </control>
                <control type="group" id="9001">
                    <left>82</left>
                    <top>802</top>
                    <width>1635</width>
                    <control type="radiobutton" id="22">
                        <description>Default RadioButton</description>
                        <left>0</left>
                        <top>30</top>
                        <height>45</height>
                        <width>420</width>
                        <onup>200</onup>
                        <ondown>9000</ondown>
                        <onleft>24</onleft>
                        <onright>23</onright>
                        <textwidth>378</textwidth>
                        <font>impacted21</font>
                        <textcolor>grey</textcolor>
                        <focusedcolor>black</focusedcolor>
                        <label>15064</label>
                    </control>
                    <control type="button" id="23">
                        <description>Apply changes button</description>
                        <left>432</left>
                        <top>30</top>
                        <height>45</height>
                        <width>375</width>
                        <onup>200</onup>
                        <ondown>9000</ondown>
                        <onleft>22</onleft>
                        <onright>24</onright>
                        <font>impacted21</font>
                        <textcolor>grey</textcolor>
                        <focusedcolor>black</focusedcolor>
                        <label>14070</label>
                        <align>center</align>
                    </control>
                    <control type="button" id="24">
                        <description>Clear active modes button</description>
                        <left>1262</left>
                        <top>30</top>
                        <height>45</height>
                        <width>375</width>
                        <onup>200</onup>
                        <ondown>9000</ondown>
                        <onleft>23</onleft>
                        <onright>22</onright>
                        <font>impacted21</font>
                        <disabledcolor>30FFFFFF</disabledcolor>
                        <textcolor>grey</textcolor>
                        <focusedcolor>black</focusedcolor>
                        <label>15066</label>
                        <align>center</align>
                    </control>
                </control>
            </control>
        </control>
    </controls>
</window>
