<?xml version="1.0" encoding="UTF-8"?>
<window id="606">
    <defaultcontrol always="true">9</defaultcontrol>
    <include>openclose</include>
    <controls>
        <include>DialogBackgroundSimple</include>
        <control type="group">
            <visible>!Window.IsVisible(FileBrowser)</visible>
            <include>openclosebox</include>
            <include content="DialogInfoBackgroundParam">
                <param name="DialogBackgroundLeft" value="255" />
                <param name="DialogBackgroundTop" value="90" />
                <param name="DialogBackgroundWidth" value="1418" />
                <param name="DialogBackgroundHeight" value="900" />
                <param name="DialogSeparatorTop" value="165" />
                <param name="DialogSeparatorBottom" value="990" />
                <param name="DialogShadowTop" value="992" />
                <param name="DialogHeaderLabel" value="$LOCALIZE[19142]" />
                <param name="DialogHeaderTop" value="105" />
                <param name="DialogHeaderId" value="1" />
            </include>
            <control type="group">
                <left>315</left>
                <top>75</top>
                <control type="image">
                    <left>3</left>
                    <top>135</top>
                    <width>1290</width>
                    <height>652</height>
                    <colordiffuse>menudiffuse</colordiffuse>
                    <texture background="true" border="5">BlackBack.png</texture>
                </control>
                <control type="image">
                    <left>0</left>
                    <top>129</top>
                    <width>1298</width>
                    <height>660</height>
                    <texture background="true" border="15">osd/ProgressBack.png</texture>
                </control>
                <control type="image">
                    <left>45</left>
                    <top>150</top>
                    <width>1200</width>
                    <height>75</height>
                    <aspectratio>stretch</aspectratio>
                    <texture border="20">buttons/KeyboardEditArea.png</texture>
                </control>
                <control type="edit" id="9">
                    <description>Search string</description>
                    <left>52</left>
                    <top>158</top>
                    <width>1185</width>
                    <height>60</height>
                    <align>left</align>
                    <onleft>9</onleft>
                    <onright>9</onright>
                    <onup>26</onup>
                    <ondown>10</ondown>
                    <textcolor>white</textcolor>
                    <focusedcolor>white</focusedcolor>
                    <texturefocus></texturefocus>
                    <texturenofocus></texturenofocus>
                </control>
                <control type="textbox">
                    <description>Search help</description>
                    <left>45</left>
                    <top>232</top>
                    <width>1200</width>
                    <height>105</height>
                    <align>left</align>
                    <textcolor>description</textcolor>
                    <font>ubuntu-r13b</font>
                    <label>$LOCALIZE[19001] $LOCALIZE[19002]</label>
                </control>
                <control type="group">
                    <left>45</left>
                    <top>345</top>
                    <control type="radiobutton" id="10">
                        <description>Include Description</description>
                        <left>0</left>
                        <top>0</top>
                        <height>52</height>
                        <width>600</width>
                        <textcolor>white</textcolor>
                        <focusedcolor>black</focusedcolor>
                        <shadowcolor/>
                        <align>left</align>
                        <aligny>center</aligny>
                        <label>19134</label>
                        <onleft>12</onleft>
                        <onright>12</onright>
                        <onup>9</onup>
                        <ondown>11</ondown>
                    </control>
                    <control type="radiobutton" id="11">
                        <description>Case Sensitive</description>
                        <left>0</left>
                        <top>52</top>
                        <height>52</height>
                        <width>600</width>
                        <textcolor>white</textcolor>
                        <focusedcolor>black</focusedcolor>
                        <shadowcolor/>
                        <align>left</align>
                        <aligny>center</aligny>
                        <label>19135</label>
                        <onleft>13</onleft>
                        <onright>13</onright>
                        <onup>10</onup>
                        <ondown>14</ondown>
                    </control>
                    <control type="edit" id="14">
                        <description>Start Date</description>
                        <left>0</left>
                        <top>105</top>
                        <width>600</width>
                        <height>52</height>
                        <textcolor>white</textcolor>
                        <focusedcolor>black</focusedcolor>
                        <label>19128</label>
                        <textoffsetx>15</textoffsetx>
                        <onright>16</onright>
                        <onleft>16</onleft>
                        <onup>11</onup>
                        <ondown>15</ondown>
                    </control>
                    <control type="edit" id="15">
                        <description>Stop Date</description>
                        <left>0</left>
                        <top>158</top>
                        <width>600</width>
                        <height>52</height>
                        <textcolor>white</textcolor>
                        <focusedcolor>black</focusedcolor>
                        <label>19129</label>
                        <textoffsetx>15</textoffsetx>
                        <onright>17</onright>
                        <onleft>17</onleft>
                        <onup>14</onup>
                        <ondown>18</ondown>
                    </control>
                    <control type="spincontrolex" id="18">
                        <description>Genre</description>
                        <left>0</left>
                        <top>210</top>
                        <width>600</width>
                        <height>52</height>
                        <label>515</label>
                        <onright>19</onright>
                        <onleft>19</onleft>
                        <onup>15</onup>
                        <ondown>20</ondown>
                    </control>
                    <control type="radiobutton" id="20">
                        <description>Include unknown Genres</description>
                        <left>0</left>
                        <top>262</top>
                        <height>52</height>
                        <width>600</width>
                        <textcolor>white</textcolor>
                        <focusedcolor>black</focusedcolor>
                        <align>left</align>
                        <aligny>center</aligny>
                        <pulseonselect>no</pulseonselect>
                        <label>19132</label>
                        <onleft>21</onleft>
                        <onright>21</onright>
                        <onup>18</onup>
                        <ondown>22</ondown>
                    </control>
                    <control type="radiobutton" id="22">
                        <description>FTA only</description>
                        <left>0</left>
                        <top>315</top>
                        <height>52</height>
                        <width>600</width>
                        <textcolor>white</textcolor>
                        <focusedcolor>black</focusedcolor>
                        <shadowcolor/>
                        <align>left</align>
                        <aligny>center</aligny>
                        <pulseonselect>no</pulseonselect>
                        <label>19123</label>
                        <onleft>23</onleft>
                        <onright>23</onright>
                        <onup>20</onup>
                        <ondown>24</ondown>
                    </control>
                    <control type="radiobutton" id="24">
                        <description>Ignore Timers</description>
                        <left>0</left>
                        <top>368</top>
                        <height>52</height>
                        <width>600</width>
                        <textcolor>white</textcolor>
                        <focusedcolor>black</focusedcolor>
                        <shadowcolor/>
                        <align>left</align>
                        <aligny>center</aligny>
                        <pulseonselect>no</pulseonselect>
                        <label>19124</label>
                        <onleft>27</onleft>
                        <onright>27</onright>
                        <onup>22</onup>
                        <ondown>26</ondown>
                    </control>
                </control>
                <control type="group">
                    <left>660</left>
                    <top>345</top>
                    <control type="spincontrolex" id="12">
                        <description>Min Duration</description>
                        <left>0</left>
                        <top>0</top>
                        <width>600</width>
                        <height>52</height>
                        <label>19130</label>
                        <onright>10</onright>
                        <onleft>10</onleft>
                        <onup>9</onup>
                        <ondown>13</ondown>
                    </control>
                    <control type="spincontrolex" id="13">
                        <description>Max Duration</description>
                        <left>0</left>
                        <top>52</top>
                        <width>600</width>
                        <height>52</height>
                        <label>19131</label>
                        <onright>11</onright>
                        <onleft>11</onleft>
                        <onup>12</onup>
                        <ondown>16</ondown>
                    </control>
                    <control type="edit" id="16">
                        <description>Start time</description>
                        <left>0</left>
                        <top>105</top>
                        <width>600</width>
                        <height>52</height>
                        <textcolor>white</textcolor>
                        <focusedcolor>black</focusedcolor>
                        <label>19126</label>
                        <textoffsetx>15</textoffsetx>
                        <onright>14</onright>
                        <onleft>14</onleft>
                        <onup>13</onup>
                        <ondown>17</ondown>
                    </control>
                    <control type="edit" id="17">
                        <description>Stop time</description>
                        <left>0</left>
                        <top>158</top>
                        <width>600</width>
                        <height>52</height>
                        <textcolor>white</textcolor>
                        <focusedcolor>black</focusedcolor>
                        <label>19127</label>
                        <textoffsetx>15</textoffsetx>
                        <onright>15</onright>
                        <onleft>15</onleft>
                        <onup>16</onup>
                        <ondown>19</ondown>
                    </control>
                    <control type="radiobutton" id="19">
                        <description>avoid repeats</description>
                        <left>0</left>
                        <top>210</top>
                        <width>600</width>
                        <height>52</height>
                        <textcolor>white</textcolor>
                        <focusedcolor>black</focusedcolor>
                        <shadowcolor/>
                        <align>left</align>
                        <aligny>center</aligny>
                        <pulseonselect>no</pulseonselect>
                        <label>19121</label>
                        <onright>18</onright>
                        <onleft>18</onleft>
                        <onup>17</onup>
                        <ondown>21</ondown>
                    </control>
                    <control type="spincontrolex" id="21">
                        <description>Groups</description>
                        <left>0</left>
                        <top>262</top>
                        <width>600</width>
                        <height>52</height>
                        <label>19141</label>
                        <onright>20</onright>
                        <onleft>20</onleft>
                        <onup>19</onup>
                        <ondown>23</ondown>
                    </control>
                    <control type="spincontrolex" id="23">
                        <description>Channels</description>
                        <left>0</left>
                        <top>315</top>
                        <width>600</width>
                        <height>52</height>
                        <label>19148</label>
                        <onleft>22</onleft>
                        <onright>22</onright>
                        <onup>21</onup>
                        <ondown>27</ondown>
                    </control>
                    <control type="radiobutton" id="27">
                        <description>Ignore Recordings</description>
                        <left>0</left>
                        <top>368</top>
                        <height>52</height>
                        <width>600</width>
                        <textcolor>white</textcolor>
                        <focusedcolor>black</focusedcolor>
                        <shadowcolor/>
                        <align>left</align>
                        <aligny>center</aligny>
                        <pulseonselect>no</pulseonselect>
                        <label>19125</label>
                        <onleft>24</onleft>
                        <onright>24</onright>
                        <onup>23</onup>
                        <ondown>26</ondown>
                    </control>
                </control>
            </control>
            <control type="group" id="9000">
                <left>502</left>
                <top>922</top>
                <control type="button" id="28">
                    <description>Defaults Button</description>
                    <left>0</left>
                    <top>0</top>
                    <width>300</width>
                    <align>center</align>
                    <aligny>center</aligny>
                    <font>impacted21</font>
                    <label>409</label>
                    <onleft>26</onleft>
                    <onright>25</onright>
                    <onup>24</onup>
                    <ondown>9</ondown>
                </control>
                <control type="button" id="25">
                    <description>Cancel Button</description>
                    <left>315</left>
                    <top>0</top>
                    <width>300</width>
                    <align>center</align>
                    <aligny>center</aligny>
                    <font>impacted21</font>
                    <label>222</label>
                    <onleft>28</onleft>
                    <onright>26</onright>
                    <onup>27</onup>
                    <ondown>9</ondown>
                </control>
                <control type="button" id="26">
                    <description>Search Button</description>
                    <left>630</left>
                    <top>0</top>
                    <width>300</width>
                    <align>center</align>
                    <aligny>center</aligny>
                    <font>impacted21</font>
                    <label>137</label>
                    <onleft>25</onleft>
                    <onright>28</onright>
                    <onup>27</onup>
                    <ondown>9</ondown>
                </control>
            </control>
        </control>
    </controls>
</window>
