<?xml version="1.0" encoding="UTF-8"?>
<window>
    <defaultcontrol>10</defaultcontrol>
	<backgroundcolor>grey3</backgroundcolor>
    <include>openclose</include>
    <controls>
        <include>DialogBackgroundSimple</include>
        <control type="group">
            <include>openclosebox</include>
            <left>255</left>
            <top>150</top>
            <include content="DialogInfoBackgroundParam">
                <param name="DialogBackgroundLeft" value="0" />
                <param name="DialogBackgroundTop" value="0" />
                <param name="DialogBackgroundWidth" value="1410" />
                <param name="DialogBackgroundHeight" value="750" />
                <param name="DialogSeparatorTop" value="60" />
                <param name="DialogSeparatorBottom" value="750" />
                <param name="DialogShadowTop" value="752" />
                <param name="DialogHeaderLabel" value="13406" />
                <param name="DialogHeaderTop" value="8" />
                <param name="DialogHeaderId" value="2" />
            </include>
            <control type="image">
                <left>0</left>
                <top>690</top>
                <width>1410</width>
                <height>60</height>
                <colordiffuse>$VAR[BackgroundOverlayColorDialog]</colordiffuse>
                <texture>WhiteBack.png</texture>
            </control>
            <control type="group">
                <left>105</left>
                <top>30</top>
                <control type="label">
                    <description>path label</description>
                    <left>30</left>
                    <top>98</top>
                    <width>1140</width>
                    <height>45</height>
                    <align>center</align>
                    <aligny>center</aligny>
                    <label>1021</label>
                    <textcolor>grey1</textcolor>
                    <shadowcolor>black</shadowcolor>
                </control>
                <control type="list" id="10">
                    <left>45</left>
                    <top>158</top>
                    <width>788</width>
                    <height>338</height>
                    <onup>9001</onup>
                    <onleft>9000</onleft>
                    <onright>60</onright>
                    <ondown>12</ondown>
                    <pagecontrol>60</pagecontrol>
                    <scrolltime>200</scrolltime>
                    <itemlayout height="68">
                        <control type="label">
                            <left>15</left>
                            <top>0</top>
                            <width>735</width>
                            <height>60</height>
                            <align>left</align>
                            <textcolor>white</textcolor>
                            <selectedcolor>selected</selectedcolor>
                            <info>ListItem.Label</info>
                        </control>
                    </itemlayout>
                    <focusedlayout height="68">
                        <control type="image">
                            <left>0</left>
                            <top>0</top>
                            <width>788</width>
                            <height>60</height>
                            <colordiffuse>fanartdiffuse</colordiffuse>
                            <texture border="5">buttons/ButtonFO.png</texture>
                            <visible>!Control.HasFocus(10)</visible>
                        </control>
                        <control type="image">
                            <left>0</left>
                            <top>0</top>
                            <width>788</width>
                            <height>60</height>
                            <texture border="5">buttons/ButtonFO.png</texture>
                            <visible>Control.HasFocus(10)</visible>
                        </control>
                        <control type="label">
                            <left>15</left>
                            <top>0</top>
                            <width>735</width>
                            <height>60</height>
                            <align>left</align>
                            <textcolor>black</textcolor>
                            <selectedcolor>selected</selectedcolor>
                            <info>ListItem.Label</info>
                            <visible>Control.HasFocus(10)</visible>
                        </control>
                        <control type="label">
                            <left>15</left>
                            <top>0</top>
                            <width>735</width>
                            <height>60</height>
                            <align>left</align>
                            <textcolor>white</textcolor>
                            <selectedcolor>selected</selectedcolor>
                            <info>ListItem.Label</info>
                            <visible>!Control.HasFocus(10)</visible>
                        </control>
                    </focusedlayout>
                </control>
                <control type="scrollbar" id="60">
                    <left>840</left>
                    <top>158</top>
                    <width>18</width>
                    <height>338</height>
                    <onleft>10</onleft>
                    <onright>9000</onright>
                    <showonepage>false</showonepage>
                    <orientation>vertical</orientation>
                </control>
                <control type="group" id="9000">
                    <left>870</left>
                    <top>158</top>
                    <control type="button" id="11">
                        <description>Browse Button</description>
                        <left>0</left>
                        <top>0</top>
                        <width>285</width>
                        <height>60</height>
                        <label>1024</label>
                        <texturenofocus/>
                        <onup>18</onup>
                        <onleft>60</onleft>
                        <onright>10</onright>
                        <ondown>13</ondown>
                    </control>
                    <control type="button" id="13">
                        <description>Add Path Button</description>
                        <left>0</left>
                        <top>68</top>
                        <width>285</width>
                        <height>60</height>
                        <label>15019</label>
                        <texturenofocus/>
                        <onup>11</onup>
                        <onleft>60</onleft>
                        <onright>10</onright>
                        <ondown>14</ondown>
                    </control>
                    <control type="button" id="14">
                        <description>Remove Path Button</description>
                        <left>0</left>
                        <top>135</top>
                        <width>285</width>
                        <height>60</height>
                        <label>1210</label>
                        <texturenofocus/>
                        <onup>13</onup>
                        <onleft>60</onleft>
                        <onright>10</onright>
                        <ondown>12</ondown>
                    </control>
                </control>
                <control type="image">
                    <description>Name label</description>
                    <left>45</left>
                    <top>495</top>
                    <width>1110</width>
                    <height>3</height>
                    <colordiffuse>fanartdiffuse</colordiffuse>
                    <texture>Separator1.png</texture>
                </control>
                <control type="label">
                    <description>Name label</description>
                    <left>45</left>
                    <top>502</top>
                    <width>1110</width>
                    <height>45</height>
                    <align>center</align>
                    <aligny>center</aligny>
                    <label>1022</label>
                    <textcolor>grey1</textcolor>
                    <shadowcolor>black</shadowcolor>
                </control>
                <control type="edit" id="12">
                    <description>Name Button</description>
                    <left>45</left>
                    <top>555</top>
                    <width>1110</width>
                    <height>60</height>
                    <align>center</align>
                    <aligny>center</aligny>
                    <label/>
                    <texturenofocus/>
                    <onup>10</onup>
                    <onleft>12</onleft>
                    <onright>19</onright>
                    <ondown>9001</ondown>
                </control>
                <control type="group" id="9001">
                    <left>285</left>
                    <top>668</top>
                    <control type="button" id="18">
                        <description>Ok Button</description>
                        <left>0</left>
                        <top>0</top>
                        <width>300</width>
                        <texturenofocus/>
                        <label>186</label>
                        <font>impacted21</font>
                        <onup>12</onup>
                        <onleft>19</onleft>
                        <onright>19</onright>
                        <ondown>10</ondown>
                    </control>
                    <control type="button" id="19">
                        <description>Cancel Button</description>
                        <left>315</left>
                        <top>0</top>
                        <width>300</width>
                        <texturenofocus/>
                        <label>222</label>
                        <font>impacted21</font>
                        <onup>12</onup>
                        <onleft>18</onleft>
                        <onright>18</onright>
                        <ondown>10</ondown>
                    </control>
                </control>
            </control>
        </control>
    </controls>
</window>
