<?xml version="1.0" encoding="UTF-8"?>
<window>
    <defaultcontrol always="true">29</defaultcontrol>
	<backgroundcolor>grey3</backgroundcolor>
    <include>openclose</include>
    <include>openclosebox</include>
    <controls>
        <include>DialogBackgroundSimple</include>
        <include content="DialogInfoBackgroundParam">
            <param name="DialogBackgroundLeft" value="0" />
            <param name="DialogBackgroundTop" value="75" />
            <param name="DialogBackgroundWidth" value="1920" />
            <param name="DialogBackgroundHeight" value="938" />
            <param name="DialogSeparatorTop" value="150" />
            <param name="DialogSeparatorBottom" value="1011" />
            <param name="DialogShadowTop" value="1012" />
            <param name="DialogHeaderLabel" value="$LOCALIZE[19143]" />
            <param name="DialogHeaderTop" value="90" />
            <param name="DialogHeaderId" value="1" />
        </include>
        <control type="group">
            <left>45</left>
            <top>30</top>
            <visible>!Window.IsVisible(FileBrowser)</visible>
            <control type="group">
                <control type="group">
                    <description>Group list</description>
                    <left>0</left>
                    <top>120</top>
                    <control type="label">
                        <description>name label</description>
                        <left>0</left>
                        <top>0</top>
                        <width>465</width>
                        <height>105</height>
                        <label>31506</label>
                        <align>center</align>
                        <textcolor>selected</textcolor>
                    </control>
                    <control type="image">
                        <left>0</left>
                        <top>105</top>
                        <width>465</width>
                        <height>705</height>
                        <texture border="5">osd/ProgressBack.png</texture>
                    </control>
                    <control type="list" id="13">
                        <left>8</left>
                        <top>120</top>
                        <width>450</width>
                        <height>660</height>
                        <onup>13</onup>
                        <ondown>13</ondown>
                        <onleft>9000</onleft>
                        <onright>73</onright>
                        <pagecontrol>73</pagecontrol>
                        <scrolltime>200</scrolltime>
                        <itemlayout height="60">
                            <control type="image">
                                <left>4</left>
                                <top>4</top>
                                <width>44</width>
                                <height>44</height>
                                <texture>$INFO[ListItem.Icon]</texture>
                                <aspectratio>keep</aspectratio>
                            </control>
                            <control type="label">
                                <left>15</left>
                                <top>4</top>
                                <width>375</width>
                                <align>left</align>
                                <label>$INFO[ListItem.Label]</label>
                            </control>
                        </itemlayout>
                        <focusedlayout height="60">
                            <control type="image">
                                <left>0</left>
                                <top>0</top>
                                <width>450</width>
                                <height>52</height>
                                <colordiffuse>menudiffuse</colordiffuse>
                                <texture border="5">buttons/ButtonFO.png</texture>
                                <visible>!Control.HasFocus(13)</visible>
                            </control>
                            <control type="image">
                                <left>0</left>
                                <top>0</top>
                                <width>450</width>
                                <height>52</height>
                                <texture border="5">buttons/ButtonFO.png</texture>
                                <visible>Control.HasFocus(13)</visible>
                            </control>
                            <control type="label">
                                <left>15</left>
                                <top>4</top>
                                <width>375</width>
                                <align>left</align>
                                <textcolor>black</textcolor>
                                <label>$INFO[ListItem.Label]</label>
                            </control>
                        </focusedlayout>
                    </control>
                    <control type="scrollbar" id="73">
                        <left>465</left>
                        <top>112</top>
                        <width>18</width>
                        <height>690</height>
                        <onleft>13</onleft>
                        <onright>11</onright>
                        <ondown>73</ondown>
                        <onup>73</onup>
                        <showonepage>false</showonepage>
                        <orientation>vertical</orientation>
                    </control>
                </control>
                <control type="group">
                    <description>Channels list</description>
                    <left>495</left>
                    <top>120</top>
                    <control type="label" id="21">
                        <description>name label</description>
                        <left>0</left>
                        <top>0</top>
                        <width>465</width>
                        <height>105</height>
                        <align>center</align>
                        <textcolor>selected</textcolor>
                    </control>
                    <control type="image">
                        <left>0</left>
                        <top>105</top>
                        <width>465</width>
                        <height>705</height>
                        <texture border="5">osd/ProgressBack.png</texture>
                    </control>
                    <control type="list" id="11">
                        <left>8</left>
                        <top>128</top>
                        <width>450</width>
                        <height>660</height>
                        <onup>11</onup>
                        <ondown>11</ondown>
                        <onleft>73</onleft>
                        <onright>71</onright>
                        <pagecontrol>71</pagecontrol>
                        <scrolltime>200</scrolltime>
                        <itemlayout height="60">
                            <control type="image">
                                <left>4</left>
                                <top>4</top>
                                <width>44</width>
                                <height>44</height>
                                <texture>$INFO[ListItem.Icon]</texture>
                                <aspectratio>keep</aspectratio>
                            </control>
                            <control type="label">
                                <left>60</left>
                                <top>4</top>
                                <width>375</width>
                                <align>left</align>
                                <selectedcolor>selected</selectedcolor>
                                <label>$INFO[ListItem.ChannelNumberLabel,(,) - ]$INFO[ListItem.ChannelName]</label>
                            </control>
                        </itemlayout>
                        <focusedlayout height="60">
                            <control type="image">
                                <left>0</left>
                                <top>0</top>
                                <width>450</width>
                                <height>52</height>
                                <colordiffuse>menudiffuse</colordiffuse>
                                <texture border="5">buttons/ButtonFO.png</texture>
                                <visible>!Control.HasFocus(11)</visible>
                            </control>
                            <control type="image">
                                <left>0</left>
                                <top>0</top>
                                <width>450</width>
                                <height>52</height>
                                <texture border="5">buttons/ButtonFO.png</texture>
                                <visible>Control.HasFocus(11)</visible>
                            </control>
                            <control type="image">
                                <left>4</left>
                                <top>4</top>
                                <width>44</width>
                                <height>44</height>
                                <texture>$INFO[ListItem.Icon]</texture>
                                <aspectratio>keep</aspectratio>
                            </control>
                            <control type="label">
                                <left>60</left>
                                <top>4</top>
                                <width>375</width>
                                <align>left</align>
                                <aligny>center</aligny>
                                <textcolor>black</textcolor>
                                <selectedcolor>selected</selectedcolor>
                                <label>$INFO[ListItem.ChannelNumberLabel,(,) - ]$INFO[ListItem.ChannelName]</label>
                            </control>
                        </focusedlayout>
                    </control>
                    <control type="scrollbar" id="71">
                        <left>465</left>
                        <top>112</top>
                        <width>18</width>
                        <height>690</height>
                        <onleft>11</onleft>
                        <onright>12</onright>
                        <ondown>71</ondown>
                        <onup>71</onup>
                        <showonepage>false</showonepage>
                        <orientation>vertical</orientation>
                    </control>
                </control>
                <control type="group">
                    <description>Grouped Channels list</description>
                    <left>990</left>
                    <top>120</top>
                    <control type="label" id="22">
                        <description>name label</description>
                        <left>0</left>
                        <top>0</top>
                        <width>465</width>
                        <height>105</height>
                        <align>center</align>
                        <textcolor>selected</textcolor>
                    </control>
                    <control type="image">
                        <left>0</left>
                        <top>105</top>
                        <width>465</width>
                        <height>705</height>
                        <texture border="5">osd/ProgressBack.png</texture>
                    </control>
                    <control type="list" id="12">
                        <left>8</left>
                        <top>128</top>
                        <width>450</width>
                        <height>660</height>
                        <onup>12</onup>
                        <ondown>12</ondown>
                        <onleft>71</onleft>
                        <onright>72</onright>
                        <pagecontrol>72</pagecontrol>
                        <scrolltime>200</scrolltime>
                        <itemlayout height="60">
                            <control type="image">
                                <left>4</left>
                                <top>4</top>
                                <width>44</width>
                                <height>44</height>
                                <texture>$INFO[ListItem.Icon]</texture>
                                <aspectratio>keep</aspectratio>
                            </control>
                            <control type="label">
                                <left>60</left>
                                <top>4</top>
                                <width>375</width>
                                <align>left</align>
                                <selectedcolor>selected</selectedcolor>
                                <label>$INFO[ListItem.ChannelNumberLabel,(,) - ]$INFO[ListItem.ChannelName]</label>
                            </control>
                        </itemlayout>
                        <focusedlayout height="60">
                            <control type="image">
                                <left>0</left>
                                <top>0</top>
                                <width>450</width>
                                <height>52</height>
                                <colordiffuse>menudiffuse</colordiffuse>
                                <texture border="5">buttons/ButtonFO.png</texture>
                                <visible>!Control.HasFocus(12)</visible>
                            </control>
                            <control type="image">
                                <left>0</left>
                                <top>0</top>
                                <width>450</width>
                                <height>52</height>
                                <texture border="5">buttons/ButtonFO.png</texture>
                                <visible>Control.HasFocus(12)</visible>
                            </control>
                            <control type="image">
                                <left>4</left>
                                <top>4</top>
                                <width>44</width>
                                <height>44</height>
                                <texture>$INFO[ListItem.Icon]</texture>
                                <aspectratio>keep</aspectratio>
                            </control>
                            <control type="label">
                                <left>60</left>
                                <top>4</top>
                                <width>375</width>
                                <align>left</align>
                                <aligny>center</aligny>
                                <textcolor>black</textcolor>
                                <selectedcolor>selected</selectedcolor>
                                <label>$INFO[ListItem.ChannelNumberLabel,(,) - ]$INFO[ListItem.ChannelName]</label>
                            </control>
                        </focusedlayout>
                    </control>
                    <control type="scrollbar" id="72">
                        <left>465</left>
                        <top>112</top>
                        <width>18</width>
                        <height>690</height>
                        <onleft>12</onleft>
                        <onright>9000</onright>
                        <ondown>72</ondown>
                        <onup>72</onup>
                        <showonepage>false</showonepage>
                        <orientation>vertical</orientation>
                    </control>
                </control>
                <control type="grouplist" id="9000">
                    <left>1492</left>
                    <top>210</top>
                    <width>315</width>
                    <height>338</height>
                    <itemgap>8</itemgap>
                    <align>center</align>
                    <orientation>vertical</orientation>
                    <onleft>12</onleft>
                    <onright>13</onright>
                    <onup>9000</onup>
                    <ondown>9000</ondown>
                    <control type="button" id="26">
                        <description>Add Group</description>
                        <width>315</width>
                        <texturenofocus/>
                        <label>31503</label>
                    </control>
                    <control type="button" id="27">
                        <description>Rename Group</description>
                        <width>315</width>
                        <texturenofocus/>
                        <label>31504</label>
                    </control>
                    <control type="radiobutton" id="25">
                        <description>Hide Group</description>
                        <width>315</width>
                        <align>left</align>
                        <texturenofocus/>
                        <label>19289</label>
                    </control>
                    <control type="button" id="28">
                        <description>Delete Group</description>
                        <width>315</width>
                        <texturenofocus/>
                        <label>31505</label>
                    </control>
					<control type="togglebutton" id="34">
	 					<description>TV/Radio toggle</description>
	 					<width>315</width>
                        <texturenofocus/>
	 					<label>$LOCALIZE[19174]</label>
	 					<altlabel>$LOCALIZE[19173]</altlabel>
	 					<usealttexture>!String.IsEmpty(Window.Property(IsRadio))</usealttexture>
	 				</control>
                    <control type="button" id="29">
                        <description>OK</description>
                        <width>315</width>
                        <texturenofocus/>
                        <label>186</label>
                    </control>
                </control>
                <control type="group">
                    <left>1492</left>
                    <top>615</top>
                    <control type="image">
                        <left>0</left>
                        <top>0</top>
                        <width>315</width>
                        <height>315</height>
                        <texture border="5">osd/ProgressBack.png</texture>
                    </control>
                    <control type="image">
                        <left>8</left>
                        <top>8</top>
                        <width>300</width>
                        <height>300</height>
                        <aspectratio aligny="bottom">keep</aspectratio>
                        <texture>$INFO[Container(11).ListItem.Icon]</texture>
                        <visible>Control.HasFocus(11) | Control.HasFocus(71)</visible>
                        <include>openclosevisible</include>
                    </control>
                    <control type="image">
                        <left>8</left>
                        <top>8</top>
                        <width>300</width>
                        <height>300</height>
                        <aspectratio aligny="bottom">keep</aspectratio>
                        <texture>$INFO[Container(12).ListItem.Icon]</texture>
                        <visible>Control.HasFocus(12) | Control.HasFocus(72)</visible>
                        <include>openclosevisible</include>
                    </control>
                </control>
            </control>
        </control>
        <include>Clock</include>
        <control type="label" id="20">
            <description>Fake Label used to pass on name label</description>
            <visible>false</visible>
        </control>
    </controls>
</window>
