<?xml version="1.0" encoding="UTF-8"?>
<window>
	<defaultcontrol>5</defaultcontrol>
	<controls>
        <include>DialogBackgroundSimple</include>
		<control type="group">
			<top>105</top>
			<centerleft>50%</centerleft>
			<width>1400</width>
            <include content="DialogInfoBackgroundParam">
                <param name="DialogBackgroundLeft" value="0" />
                <param name="DialogBackgroundTop" value="0" />
                <param name="DialogBackgroundWidth" value="1400" />
                <param name="DialogBackgroundHeight" value="855" />
                <param name="DialogSeparatorTop" value="60" />
                <param name="DialogSeparatorBottom" value="855" />
                <param name="DialogShadowTop" value="857" />
                <param name="DialogHeaderLabel" value="" />
                <param name="DialogHeaderTop" value="8" />
                <param name="DialogHeaderId" value="2" />
            </include>
            <control type="image">
                <left>0</left>
                <top>98</top>
                <width>1400</width>
                <height>60</height>
                <colordiffuse>$VAR[BackgroundOverlayColorDialog]</colordiffuse>
                <texture>WhiteBack.png</texture>
            </control>
            <control type="image">
                <left>0</left>
                <top>795</top>
                <width>1400</width>
                <height>60</height>
                <colordiffuse>$VAR[BackgroundOverlayColorDialog]</colordiffuse>
                <texture>WhiteBack.png</texture>
            </control>
			<control type="grouplist" id="3">
				<description>Categories Area</description>
				<centerleft>50%</centerleft>
				<top>106</top>
				<width>1400</width>
				<height>42</height>
				<itemgap>20</itemgap>
				<align>center</align>
				<orientation>horizontal</orientation>
				<onup>9000</onup>
				<ondown>5</ondown>
			</control>
			<control type="button" id="10">
				<description>Default Category Button</description>
				<include>dialogbutton</include>
			</control>
			<control type="grouplist" id="5">
				<description>control area</description>
				<centerleft>50%</centerleft>
				<top>188</top>
				<width>1200</width>
				<height>570</height>
				<onleft>3</onleft>
				<onright>3</onright>
				<onup>3</onup>
				<ondown>9000</ondown>
			</control>
			<control type="button" id="7">
				<description>Default Button</description>
				<align>left</align>
				<texturenofocus/>
			</control>
			<control type="radiobutton" id="8">
				<description>Default RadioButton</description>
				<align>left</align>
				<texturenofocus/>
			</control>
			<control type="spincontrolex" id="9">
				<description>Default SpinControlex</description>
				<align>left</align>
				<texturenofocus/>
			</control>
			<control type="image" id="11">
				<description>separator image</description>
				<align>left</align>
				<height>2</height>
				<texture colordiffuse="fanartdiffuse" border="1">Separator1.png</texture>
			</control>
			<control type="edit" id="12">
				<align>left</align>
				<texturenofocus/>
			</control>
			<control type="sliderex" id="13">
				<description>Default Slider</description>
				<align>left</align>
				<texturenofocus/>
			</control>
			<control type="label" id="14">
				<description>Default Label</description>
				<align>left</align>
				<texturenofocus/>
			</control>
			<control type="grouplist" id="9000">
				<centerleft>50%</centerleft>
				<top>804</top>
				<width>1400</width>
				<height>42</height>
				<itemgap>20</itemgap>
				<onup>5</onup>
				<ondown>3</ondown>
				<align>center</align>
				<orientation>horizontal</orientation>
				<control type="button" id="28">
					<include>dialogbutton</include>
				</control>
				<control type="button" id="29">
					<include>dialogbutton</include>
				</control>
				<control type="button" id="30">
					<include>dialogbutton</include>
				</control>
			</control>
		</control>
	</controls>
</window>
