<?xml version="1.0" encoding="UTF-8"?>
<window>
    <defaultcontrol>1000</defaultcontrol>
    <include>openclose</include>
    <include>openclosebox</include>
    <controls>
        <include>BlackBack</include>
        <control type="grouplist" id="9000">
            <left>705</left>
            <top>300</top>
            <width>510</width>
            <height max="780">auto</height>
            <onleft></onleft>
            <onright></onright>
            <onup></onup>
            <ondown></ondown>
            <itemgap>-1</itemgap>
            <control type="group">
                <width>510</width>
                <height>45</height>
                <control type="image">
                    <description>background top image</description>
                    <left>0</left>
                    <top>28</top>
                    <width>510</width>
                    <height>16</height>
                    <texture border="2">buttons/ShutdownMenuTop.png</texture>
                </control>
            </control>
            <control type="grouplist" id="996">
                <description>grouplist for context buttons</description>
                <left>45</left>
                <top>0</top>
                <width>510</width>
                <height max="780">auto</height>
                <itemgap>0</itemgap>
                <control type="button" id="1000">
                    <description>Buttons</description>
                    <width>510</width>
                    <textwidth>450</textwidth>
                    <focusedcolor>black</focusedcolor>
                    <shadowcolor/>
                    <texturefocus border="2">buttons/ShutdownButtonFO.png</texturefocus>
                    <texturenofocus border="2">buttons/ShutdownButtonNF.png</texturenofocus>
                </control>
                <control type="button" id="30001">
                    <description>Buttons</description>
                    <width>510</width>
                    <textwidth>450</textwidth>
                    <focusedcolor>black</focusedcolor>
                    <shadowcolor/>
                    <texturefocus border="2">buttons/ShutdownButtonFO.png</texturefocus>
                    <texturenofocus border="2">buttons/ShutdownButtonNF.png</texturenofocus>
                    <label>$LOCALIZE[51483] $LOCALIZE[51481]</label>
                    <visible>System.HasAddon(service.kn.switchtimer) + Window.IsVisible(tvguide) + Integer.IsGreater(Window(Home).Property(SwitchTimerActiveItems),0)</visible>
                    <onclick>ActivateWindow(4111)</onclick>
                </control>
                
                <control type="button" id="2012">
                    <description>Library editor</description>
                    <width>510</width>
                    <focusedcolor>black</focusedcolor>
                    <shadowcolor/>
                    <label>$VAR[LibraryEditorLabel]</label>
                    <texturefocus border="2">buttons/ShutdownButtonFO.png</texturefocus>
                    <texturenofocus border="2">buttons/ShutdownButtonNF.png</texturenofocus>
                    <onclick>RunScript(script.libraryeditor,DBID=$INFO[ListItem.DBID])</onclick>
                    <visible>Skin.HasSetting(context_editor)</visible>
                    <visible>[Container.Content(movies)|Container.Content(tvshows)|Container.Content(seasons)|Container.Content(episodes)|Container.Content(musicvideos)|Container.Content(artists)|Container.Content(albums)|Container.Content(songs)] + System.HasAddon(script.libraryeditor) + Control.IsVisible(1006)</visible>
                </control>
                <control type="button" id="2013">
                    <description>Global Search</description>
                    <width>510</width>
                    <label>$LOCALIZE[137] (globalsearch)</label>
                    <texturefocus border="2">buttons/ShutdownButtonFO.png</texturefocus>
                    <texturenofocus border="2">buttons/ShutdownButtonNF.png</texturenofocus>
                    <onclick>RunScript(script.globalsearch)</onclick>
                    <visible>System.HasAddon(script.globalsearch)+Skin.HasSetting(context_globalsearch)</visible>
                    <visible>!Window.IsVisible(locksettings)+!Window.IsVisible(profiles)</visible>
                </control>
                <control type="button" id="2014">
                    <description>Commands</description>
                    <width>510</width>
                    <label>Commands</label>
                    <onclick>RunPlugin(plugin://script.commands)</onclick>
                    <texturefocus border="2">buttons/ShutdownButtonFO.png</texturefocus>
                    <texturenofocus border="2">buttons/ShutdownButtonNF.png</texturenofocus>
                    <visible>System.HasAddon(script.commands)+Skin.HasSetting(context_commands)</visible>
                </control>
            </control>
            <control type="image">
                <description>background bottom image</description>
                <left>0</left>
                <width>510</width>
                <height>16</height>
                <texture border="2">buttons/ShutdownMenuBottom.png</texture>
            </control>
            <control type="image">
                <description>mirror bottom image</description>
                <width>510</width>
                <height>82</height>
                <colordiffuse>fanartdiffuse</colordiffuse>
                <texture flipy="true">Shadow.png</texture>
            </control>
        </control>
    </controls>
</window>
