<?xml version="1.0" encoding="UTF-8"?>
<window type="dialog">
    <controls>
        <control type="group" id="250">
            <animation effect="slide" start="0,0" end="1350,0" time="500" tween="quadratic" easing="out">WindowClose</animation>
            <animation type="Conditional" condition="Control.HasFocus(150) | Control.HasFocus(160)" reversible="true">
                <effect type="slide" end="-375,0" time="400" />
            </animation>
            <control type="image">
                <description>media info background image</description>
                <left>0</left>
                <top>0</top>
                <width>1725</width>
                <height>1080</height>
                <texture background="true">BlackBack.png</texture>
            </control>
            <control type="image">
                <description>media info background image</description>
                <left>-15</left>
                <top>0</top>
                <width>15</width>
                <height>1083</height>
                <colordiffuse>fanartdiffuse</colordiffuse>
                <texture background="true" flipx="true">Sidefade.png</texture>
            </control>
            <control type="image">
                <description>media info background image</description>
                <left>0</left>
                <top>0</top>
                <width>1</width>
                <height>1080</height>
                <colordiffuse>menudiffuse</colordiffuse>
                <texture background="true">Separator2.png</texture>
            </control>
            <control type="group">
                <control type="label">
                    <description>header label</description>
                    <left>495</left>
                    <top>75</top>
                    <width>825</width>
                    <height>45</height>
                    <label>51178 </label>
                    <align>right</align>
                    <aligny>center</aligny>
                    <textcolor>grey1</textcolor>
                </control>
                <control type="label" id="100">
                    <description>header label</description>
                    <left>495</left>
                    <top>112</top>
                    <width>825</width>
                    <height>45</height>
                    <font>ubuntu-r21b</font>
                    <align>right</align>
                    <aligny>center</aligny>
                    <textcolor>grey1</textcolor>
                </control>
                <control type="label">
                    <description>Video label</description>
                    <left>45</left>
                    <top>158</top>
                    <width>1275</width>
                    <height>45</height>
                    <label>$INFO[Player.Filename]</label>
                    <font>ubuntu-r21b</font>
                    <align>right</align>
                    <aligny>center</aligny>
                    <textcolor>white</textcolor>
                    <shadowcolor>black</shadowcolor>
                </control>
                <control type="image">
                    <left>45</left>
                    <top>210</top>
                    <width>1275</width>
                    <height>3</height>
                    <colordiffuse>fanartdiffuse</colordiffuse>
                    <texture border="1">Separator1.png</texture>
                </control>
                <control type="image" id="110">
                    <description>Service Logo</description>
                    <left>0</left>
                    <top>75</top>
                    <width>375</width>
                    <height>60</height>
                    <aspectratio>keep</aspectratio>
                </control>
                <control type="label" id="140">
                    <description>textarea</description>
                    <left>75</left>
                    <top>210</top>
                    <width>1170</width>
                    <height>60</height>
                    <font>font13</font>
                    <textcolor>description</textcolor>
                    <shadowcolor>black</shadowcolor>
                    <align>center</align>
                    <aligny>center</aligny>
                    <wrapmultiline>true</wrapmultiline>
                </control>
                <control type="image">
                    <left>45</left>
                    <top>264</top>
                    <width>1275</width>
                    <height>3</height>
                    <colordiffuse>fanartdiffuse</colordiffuse>
                    <texture border="1">Separator1.png</texture>
                </control>
            </control>
            <control type="group">
                <control type="list" id="120">
                    <left>75</left>
                    <top>309</top>
                    <width>1200</width>
                    <height>651</height>
                    <onleft>121</onleft>
                    <onright>150</onright>
                    <onup>120</onup>
                    <ondown>120</ondown>
                    <viewtype label="535">list</viewtype>
                    <pagecontrol>121</pagecontrol>
                    <scrolltime>200</scrolltime>
                    <itemlayout width="1200" height="54">
                        <control type="image">
                            <left>8</left>
                            <top>12</top>
                            <width>39</width>
                            <height>39</height>
                            <texture>resource://resource.images.languageflags.colour/$INFO[ListItem.Thumb].png</texture>
                        </control>
                        <control type="label">
                            <left>60</left>
                            <top>0</top>
                            <width>135</width>
                            <height>57</height>
                            <aligny>center</aligny>
                            <textcolor>white</textcolor>
                            <align>left</align>
                            <info>ListItem.Label</info>
                        </control>
                        <control type="image">
                            <left>202</left>
                            <top>20</top>
                            <width>30</width>
                            <height>18</height>
                            <texture>Subtitles/icon_close_caption.png</texture>
                            <visible>ListItem.property(hearing_imp)</visible>
                        </control>
                        <control type="image">
                            <left>240</left>
                            <top>20</top>
                            <width>60</width>
                            <height>18</height>
                            <texture>Subtitles/icon_sync.png</texture>
                            <visible>ListItem.property(sync)</visible>
                        </control>
                        <control type="label">
                            <left>308</left>
                            <top>0</top>
                            <width>742</width>
                            <height>57</height>
                            <aligny>center</aligny>
                            <textcolor>white</textcolor>
                            <align>left</align>
                            <info>ListItem.Label2</info>
                        </control>
                        <control type="image">
                            <left>1065</left>
                            <top>16</top>
                            <width>135</width>
                            <height>26</height>
                            <texture>LeftRating/rating$INFO[ListItem.ActualIcon].png</texture>
                        </control>
                    </itemlayout>
                    <focusedlayout width="1200" height="54">
                        <control type="group">
                            <include>focuseffect</include>
                            <control type="image">
                                <left>0</left>
                                <top>0</top>
                                <width>1170</width>
                                <height>57</height>
                                <colordiffuse>grey2</colordiffuse>
                                <texture border="4">buttons/ButtonFOlightGlow.png</texture>
                                <visible>!Control.HasFocus(120)</visible>
                            </control>
                            <control type="image">
                                <left>0</left>
                                <top>0</top>
                                <width>1170</width>
                                <height>57</height>
                                <colordiffuse>grey1</colordiffuse>
                                <texture border="4">buttons/ButtonFOlightGlow.png</texture>
                                <visible>Control.HasFocus(120)</visible>
                            </control>
                            <control type="image">
                                <left>8</left>
                                <top>12</top>
                                <width>39</width>
                                <height>39</height>
                                <texture>resource://resource.images.languageflags.colour/$INFO[ListItem.Thumb].png</texture>
                            </control>
                            <control type="label">
                                <left>60</left>
                                <top>0</top>
                                <width>135</width>
                                <height>57</height>
                                <aligny>center</aligny>
                                <textcolor>white</textcolor>
                                <align>left</align>
                                <info>ListItem.Label</info>
                            </control>
                            <control type="image">
                                <left>202</left>
                                <top>20</top>
                                <width>30</width>
                                <height>18</height>
                                <texture>Subtitles/icon_close_caption.png</texture>
                                <visible>ListItem.property(hearing_imp)</visible>
                            </control>
                            <control type="image">
                                <left>240</left>
                                <top>20</top>
                                <width>60</width>
                                <height>18</height>
                                <texture>Subtitles/icon_sync.png</texture>
                                <visible>ListItem.property(sync)</visible>
                            </control>
                            <control type="label">
                                <left>308</left>
                                <top>0</top>
                                <width>742</width>
                                <height>57</height>
                                <aligny>center</aligny>
                                <textcolor>white</textcolor>
                                <align>left</align>
                                <info>ListItem.Label2</info>
                            </control>
                            <control type="image">
                                <left>1065</left>
                                <top>16</top>
                                <width>135</width>
                                <height>26</height>
                                <texture>LeftRating/rating$INFO[ListItem.ActualIcon].png</texture>
                            </control>
                        </control>
                    </focusedlayout>
                </control>
                <control type="spincontrol" id="121">
                    <description>Next page button</description>
                    <left>1212</left>
                    <top>996</top>
                    <width>30</width>
                    <height>30</height>
                    <font>ubuntu-r13b</font>
                    <align>right</align>
                    <aligny>center</aligny>
                    <subtype>page</subtype>
                    <textcolor>white</textcolor>
                    <onleft>120</onleft>
                    <onright>120</onright>
                    <ondown>120</ondown>
                    <onup>120</onup>
                    <textoffsetx>15</textoffsetx>
                    <showonepage>false</showonepage>
                    <visible>Control.IsVisible(120)</visible>
                </control>
                <control type="group" id="130">
                    <control type="grouplist">
                        <left>75</left>
                        <top>988</top>
                        <width>908</width>
                        <height>45</height>
                        <orientation>horizontal</orientation>
                        <itemgap>8</itemgap>
                        <control type="image">
                            <width>45</width>
                            <height>45</height>
                            <texture>DefaultIconInfo.png</texture>
                        </control>
                        <control type="label">
                            <description>notification</description>
                            <width min="15" max="840">auto</width>
                            <height>45</height>
                            <font>font13</font>
                            <textcolor>white</textcolor>
                            <label>$LOCALIZE[31413]</label>
                            <aligny>center</aligny>
                        </control>
                    </control>
                </control>
                <control type="image">
                    <left>1299</left>
                    <top>522</top>
                    <width>36</width>
                    <height>36</height>
                    <texture>Subtitles/scroll-right-focus.png</texture>
                </control>
            </control>
            <control type="group">
                <control type="image">
                    <description>Separator</description>
                    <left>813</left>
                    <top>540</top>
                    <width>1080</width>
                    <height>1</height>
                    <colordiffuse>menudiffuse</colordiffuse>
                    <texture border="1">Separator2.png</texture>
                    <animation effect="rotate" start="0" end="90" center="auto" time="0" condition="true">Conditional</animation>
                </control>
                <control type="label">
                    <left>1358</left>
                    <top>225</top>
                    <width>360</width>
                    <height>39</height>
                    <label>[B]$LOCALIZE[24018][/B]</label>
                    <font>font13</font>
                    <align>center</align>
                    <aligny>top</aligny>
                    <textcolor>description</textcolor>
                    <shadowcolor>black</shadowcolor>
                    <wrapmultiline>true</wrapmultiline>
                </control>
                <control type="image">
                    <description>Separator</description>
                    <left>1380</left>
                    <top>264</top>
                    <width>315</width>
                    <height>3</height>
                    <colordiffuse>fanartdiffuse</colordiffuse>
                    <texture border="1">Separator1.png</texture>
                </control>
                <control type="list" id="150">
                    <left>1380</left>
                    <top>309</top>
                    <width>375</width>
                    <height>598</height>
                    <onleft>120</onleft>
                    <onright>120</onright>
                    <onup>160</onup>
                    <ondown>160</ondown>
                    <viewtype label="535">list</viewtype>
                    <scrolltime>200</scrolltime>
                    <itemlayout width="600" height="54">
                        <control type="label">
                            <left>60</left>
                            <top>0</top>
                            <width>345</width>
                            <height>57</height>
                            <font>font16</font>
                            <aligny>center</aligny>
                            <textcolor>white</textcolor>
                            <align>left</align>
                            <info>ListItem.Label</info>
                        </control>
                    </itemlayout>
                    <focusedlayout width="600" height="54">
                        <control type="image">
                            <left>0</left>
                            <top>0</top>
                            <width>300</width>
                            <height>57</height>
                            <texture>buttons/ButtonNF.png</texture>
                            <visible>Control.HasFocus(150)</visible>
                        </control>
                        <control type="label">
                            <left>60</left>
                            <top>0</top>
                            <width>300</width>
                            <height>57</height>
                            <font>font16</font>
                            <aligny>center</aligny>
                            <textcolor>white</textcolor>
                            <align>left</align>
                            <info>ListItem.Label</info>
                        </control>
                    </focusedlayout>
                </control>
                <control type="button" id="160">
                    <description>Manual search button</description>
                    <left>1388</left>
                    <top>960</top>
                    <width>300</width>
                    <height>60</height>
                    <onleft>120</onleft>
                    <onright>120</onright>
                    <onup>150</onup>
                    <ondown>150</ondown>
                    <font>font16</font>
                    <label>$LOCALIZE[24120]</label>
                    <texturefocus>buttons/ButtonNF.png</texturefocus>
                    <texturenofocus/>
                    <textcolor>white</textcolor>
                    <focusedcolor>white</focusedcolor>
                    <align>center</align>
                </control>
            </control>
        </control>
    </controls>
</window>
