<?xml version="1.0" encoding="UTF-8"?>
<window id="112">
    <defaultcontrol always="true">401</defaultcontrol>
    <include>openclose</include>
    <include>openclosebox</include>
    <controls>
        <control type="group">
            <left>1290</left>
            <top>30</top>
            <control type="image">
                <description>background image</description>
                <left>0</left>
                <top>0</top>
                <width>600</width>
                <height>195</height>
                <texture border="20">OverlayDialogBackground.png</texture>
            </control>
            <control type="label" id="401">
                <description>heading</description>
                <left>30</left>
                <top>30</top>
                <width>540</width>
                <height>48</height>
                <label/>
            </control>
            <control type="label" id="402">
                <description>Current Directory Label</description>
                <left>30</left>
                <top>78</top>
                <width>540</width>
                <height>48</height>
                <label/>
            </control>
            <control type="progress" id="403">
                <description>progress control</description>
                <left>30</left>
                <top>135</top>
                <width>540</width>
                <height>27</height>
            </control>
        </control>
    </controls>
</window>
