<?xml version="1.0" encoding="UTF-8"?>
<window>
	<defaultcontrol always="true">5550</defaultcontrol>
	<include>openclosevisible</include>
	<include>openclose</include>
	<controls>
		<control type="group">
			<top>48</top>
			<control type="image">
				<left>-10</left>
				<top>2</top>
				<width>1940</width>
				<height>260</height>
				<colordiffuse>red</colordiffuse>
				<texture>WhiteBack.png</texture>
			</control>
			<control type="image">
				<left>-10</left>
				<top>0</top>
				<width>1940</width>
				<height>1</height>
				<texture border="1">Separator2.png</texture>
			</control>
			<control type="grouplist">
				<left>52</left>
				<top>20</top>
				<visible>Control.HasFocus(5551)</visible>
				<control type="label">
					<width>1200</width>
					<height>30</height>
					<aligny>bottom</aligny>
					<label>$INFO[PVR.ActStreamServiceName,[COLOR description]$LOCALIZE[19099]:[/COLOR] ]</label>
					<shadowcolor>black</shadowcolor>
				</control>
				<control type="label">
					<width>1200</width>
					<height>30</height>
					<aligny>bottom</aligny>
					<label>$INFO[PVR.ActStreamProviderName,[COLOR description]$LOCALIZE[19101]:[/COLOR] ]</label>
					<shadowcolor>black</shadowcolor>
				</control>
				<control type="label">
					<width>1200</width>
					<height>30</height>
					<aligny>bottom</aligny>
					<label>$INFO[PVR.ActStreamClient,[COLOR description]$LOCALIZE[19012]:[/COLOR] ]</label>
					<shadowcolor>black</shadowcolor>
				</control>
				<control type="label">
					<width>1200</width>
					<height>30</height>
					<aligny>bottom</aligny>
					<label>$INFO[PVR.ActStreamDevice,[COLOR description]$LOCALIZE[19006]:[/COLOR] ]</label>
					<shadowcolor>black</shadowcolor>
				</control>
				<control type="label">
					<width>1200</width>
					<height>30</height>
					<aligny>bottom</aligny>
					<label>$INFO[PVR.ActStreamStatus,[COLOR description]$LOCALIZE[19007]:[/COLOR] ]</label>
					<shadowcolor>black</shadowcolor>
				</control>
				<control type="label">
					<width>1200</width>
					<height>30</height>
					<aligny>bottom</aligny>
					<label>$INFO[PVR.ActStreamEncryptionName,[COLOR description]$LOCALIZE[19015]:[/COLOR] ]</label>
					<shadowcolor>black</shadowcolor>
				</control>
			</control>
			<control type="grouplist">
				<left>1250</left>
				<top>20</top>
				<visible>Control.HasFocus(5551)</visible>
				<usecontrolcoords>true</usecontrolcoords>
				<control type="label">
					<width>600</width>
					<height>30</height>
					<aligny>bottom</aligny>
					<label>$INFO[PVR.ActStreamBer,[COLOR description]$LOCALIZE[19010]:[/COLOR] ]</label>
					<shadowcolor>black</shadowcolor>
				</control>
				<control type="label">
					<width>600</width>
					<height>30</height>
					<aligny>bottom</aligny>
					<label>$INFO[PVR.ActStreamUnc,[COLOR description]$LOCALIZE[19011]:[/COLOR] ]</label>
					<shadowcolor>black</shadowcolor>
				</control>
				<control type="label">
					<width>600</width>
					<height>30</height>
					<aligny>bottom</aligny>
					<label>$INFO[PVR.ActStreamMux,[COLOR description]$LOCALIZE[19100]:[/COLOR] ]</label>
					<shadowcolor>black</shadowcolor>
				</control>
				<control type="label">
					<width>600</width>
					<height>30</height>
					<aligny>bottom</aligny>
					<label>$INFO[PVR.ActStreamSignal,[COLOR description]$LOCALIZE[19008]:[/COLOR] ]</label>
					<shadowcolor>black</shadowcolor>
				</control>
				<control type="progress">
					<top>0</top>
					<width>600</width>
					<height>8</height>
					<info>PVR.ActStreamProgrSignal</info>
				</control>
				<control type="label">
					<top>5</top>
					<width>1600</width>
					<height>30</height>
					<aligny>bottom</aligny>
					<label>$INFO[PVR.ActStreamSNR,[COLOR description]$LOCALIZE[19009]:[/COLOR] ]</label>
					<shadowcolor>black</shadowcolor>
				</control>
				<control type="progress">
					<top>0</top>
					<width>600</width>
					<height>8</height>
					<info>PVR.ActStreamProgrSNR</info>
				</control>
			</control>
			<control type="grouplist">
				<left>20</left>
				<top>20</top>
				<visible>Control.HasFocus(5552)</visible>
				<control type="label">
					<width>1600</width>
					<height>30</height>
					<aligny>bottom</aligny>
					<label>$INFO[Player.Process(videodecoder),[COLOR description]$LOCALIZE[31139]:[/COLOR] ]$VAR[VideoHWDecoder, (,)]</label>
					<shadowcolor>black</shadowcolor>
					<visible>Player.HasVideo</visible>					
				</control>
				<control type="label">
					<width>1600</width>
					<height>30</height>
					<aligny>bottom</aligny>
					<label>$INFO[Player.Process(pixformat),[COLOR description]$LOCALIZE[31140]:[/COLOR] ]</label>
					<shadowcolor>black</shadowcolor>
					<visible>Player.HasVideo</visible>					
				</control>
				<control type="label">
					<width>1600</width>
					<height>30</height>
					<aligny>bottom</aligny>
					<label>$INFO[Player.Process(deintmethod),[COLOR description]$LOCALIZE[16038]:[/COLOR] ]</label>
					<shadowcolor>black</shadowcolor>
					<visible>Player.HasVideo</visible>					
				</control>
				<control type="label">
					<width>1600</width>
					<height>30</height>
					<aligny>bottom</aligny>
					<label>$INFO[Player.Process(videowidth),[COLOR description]$LOCALIZE[38031]:[/COLOR] ,x]$INFO[Player.Process(videoheight),, px]$INFO[Player.Process(videodar),$COMMA , AR]$INFO[Player.Process(videofps),$COMMA , FPS]</label>
					<shadowcolor>black</shadowcolor>
					<visible>Player.HasVideo</visible>					
				</control>
				<control type="label">
					<width>1600</width>
					<height>30</height>
					<aligny>bottom</aligny>
					<label>[COLOR description]$LOCALIZE[460]:[/COLOR] $INFO[Player.Process(audiochannels),,$COMMA ]$INFO[Player.Process(audiodecoder)]$INFO[Player.Process(audiobitspersample),$COMMA , bits]$INFO[Player.Process(audiosamplerate),$COMMA , Hz]</label>
					<shadowcolor>black</shadowcolor>
				</control>
				<control type="label">
					<width>1600</width>
					<height>30</height>
					<aligny>bottom</aligny>
					<label>$INFO[System.Memory(used.percent),[COLOR description]$LOCALIZE[31030]:[/COLOR] ,       ]$INFO[System.CpuUsage,[COLOR description]$LOCALIZE[13271][/COLOR] ]</label>
					<shadowcolor>black</shadowcolor>
				</control>
			</control>
			<control type="grouplist" id="5550">
				<right>20</right>
				<top>270</top>
				<width>1000</width>
				<height>100</height>
				<align>right</align>
				<orientation>horizontal</orientation>
				<itemgap>-10</itemgap>
				<onup>Close</onup>
				<ondown>Close</ondown>
				<usecontrolcoords>true</usecontrolcoords>
				<control type="button" id="5551">
					<width>auto</width>
					<height>40</height>
					<textoffsetx>40</textoffsetx>
					<label>$LOCALIZE[31137]</label>
					<visible>VideoPlayer.Content(livetv)</visible>
				</control>
				<control type="button" id="5552">
					<width>auto</width>
					<height>40</height>
					<textoffsetx>40</textoffsetx>
					<label>$LOCALIZE[31138]</label>
				</control>
			</control>
			<!-- Progress -->
			<control type="group">
				<top>240</top>
				<control type="slider">
					<left>20</left>
					<top>0</top>
					<width>1880</width>
					<height>10</height>
					<onup>8010</onup>
					<ondown>650</ondown>
					<action>seek</action>
					<info>Pvr.EpgEventProgress</info>
					<visible>VideoPlayer.HasEpg</visible>
					<visible>!Control.HasFocus(87)</visible>
				</control>
				<control type="slider">
					<left>20</left>
					<top>0</top>
					<width>1880</width>
					<height>10</height>
					<onup>8010</onup>
					<ondown>650</ondown>
					<action>seek</action>
					<info>Player.Progress</info>
					<visible>!VideoPlayer.HasEpg</visible>
					<visible>!Control.HasFocus(87)</visible>
				</control>
				<control type="progress">
					<animation effect="fade" end="0" time="200">WindowClose</animation>
					<left>20</left>
					<top>0</top>
					<width>1880</width>
					<height>10</height>
					<info>Player.ProgressCache</info>
					<animation effect="fade" start="100" end="80" time="0" condition="true">Conditional</animation>
				</control>
				<control type="progress" id="23">
					<animation effect="fade" end="0" time="200">WindowClose</animation>
					<left>20</left>
					<top>0</top>
					<width>1880</width>
					<height>10</height>
					<info>Pvr.EpgEventProgress</info>
					<visible>VideoPlayer.HasEpg</visible>
				</control>
				<control type="progress" id="23">
					<animation effect="fade" end="0" time="200">WindowClose</animation>
					<left>20</left>
					<top>0</top>
					<width>1880</width>
					<height>10</height>
					<info>Player.Progress</info>
					<visible>!VideoPlayer.HasEpg</visible>
				</control>
				<control type="button" id="87">
					<include>HiddenButton</include>
					<onup condition="Player.Forwarding | Player.Rewinding">PlayerControl(Play)</onup>
					<onup>201</onup>
					<ondown condition="Player.Forwarding | Player.Rewinding">PlayerControl(Play)</ondown>
					<ondown>201</ondown>
					<onright>PlayerControl(Forward)</onright>
					<onleft>PlayerControl(Rewind)</onleft>
					<visible>Player.SeekEnabled</visible>
					<onclick condition="Player.Forwarding | Player.Rewinding">PlayerControl(Play)</onclick>
				</control>
			</control>
		</control>
	</controls>
</window>
