<?xml version="1.0" encoding="UTF-8"?>
<window id="107">
    <include>openclose</include>
    <include>opencloseslideup</include>
    <zorder>2</zorder>
    <controls>
        <control type="group">
            <left>1140</left>
            <top>960</top>
            <control type="image">
                <left>-120</left>
                <top>22</top>
                <description>background image</description>
                <width>1800</width>
                <height>120</height>
                <texture>KaiToastBack.png</texture>
				<include>openclosevisible</include>
                <visible>!Window.IsVisible(151)</visible>
            </control>
            <control type="image">
                <description>Image</description>
                <left>-22</left>
                <top>30</top>
                <width>1</width>
                <height>90</height>
                <colordiffuse>grey3</colordiffuse>
                <texture>Separator3.png</texture>
                <visible>Window.IsVisible(151)</visible>
            </control>
            <control type="image" id="400">
                <description>Image</description>
                <left>0</left>
                <top>45</top>
                <width>60</width>
                <height>60</height>
                <aspectratio>keep</aspectratio>
                <!-- <texture>DefaultFile.png</texture> -->
            </control>
            <control type="label" id="402">
                <description>message</description>
                <left>75</left>
                <top>34</top>
                <width>660</width>
                <height>21</height>
                <label/>
                <aligny>center</aligny>
                <font>ubuntu-r13</font>
                <wrapmultiline>false</wrapmultiline>
                <textcolor>black</textcolor>
                <shadowcolor></shadowcolor>
                <scroll>true</scroll>
            </control>
            <control type="label" id="401">
                <description>heading</description>
                <left>75</left>
                <top>69</top>
                <width>660</width>
                <height>33</height>
                <label/>
                <aligny>center</aligny>
                <font>ubuntu-r16b</font>
                <textcolor>black</textcolor>
                <shadowcolor></shadowcolor>
                <scroll>true</scroll>
            </control>
            <!-- <control type="image" id="403">
				<description>Image</description>
				<left>0</left>
				<top>30</top>
				<width>40</width>
				<height>40</height>
				<aspectratio>keep</aspectratio>
				<visible>false</visible>
				<texture>DefaultIconInfo.png</texture>
			</control>
			<control type="image" id="404">
				<description>Image</description>
				<left>0</left>
				<top>30</top>
				<width>40</width>
				<height>40</height>
				<aspectratio>keep</aspectratio>
				<visible>false</visible>
				<texture>DefaultIconWarning.png</texture>
			</control>
			<control type="image" id="405">
				<description>Image</description>
				<left>0</left>
				<top>30</top>
				<width>40</width>
				<height>40</height>
				<aspectratio>keep</aspectratio>
				<visible>false</visible>
				<texture>DefaultIconError.png</texture>
			</control> -->
        </control>
    </controls>
</window>
