<?xml version="1.0" encoding="UTF-8"?>
<window>
    <defaultcontrol>3</defaultcontrol>
    <include>openclose</include>
    <controls>
        <include>DialogBackgroundSimple</include>
        <control type="group">
            <include>openclosebox</include>
            <left>255</left>
            <top>68</top>
            <include content="DialogInfoBackgroundParam">
                <param name="DialogBackgroundLeft" value="0" />
                <param name="DialogBackgroundTop" value="70" />
                <param name="DialogBackgroundWidth" value="1410" />
                <param name="DialogBackgroundHeight" value="816" />
                <param name="DialogSeparatorTop" value="128" />
                <param name="DialogSeparatorBottom" value="886" />
                <param name="DialogShadowTop" value="888" />
                <param name="DialogHeaderLabel" value="35058" />
                <param name="DialogHeaderTop" value="75" />
                <param name="DialogHeaderId" value="2" />
            </include>
            <control type="image">
                <left>0</left>
                <top>825</top>
                <width>1410</width>
                <height>60</height>
                <colordiffuse>$VAR[BackgroundOverlayColorDialog]</colordiffuse>
                <texture>WhiteBack.png</texture>
            </control>
			<control type="group">
				<left>40</left>
				<top>100</top>
                <control type="label">
                    <description>Controller types heading</description>
                    <top>60</top>
                    <left>15</left>
                    <width>330</width>
                    <height>25</height>
                    <font>impacted16</font>
                    <label>$LOCALIZE[35050]</label>
                    <align>center</align>
                    <aligny>center</aligny>
                    <textcolor>description</textcolor>
                    <shadowcolor>black</shadowcolor>
                </control>
                <control type="grouplist" id="3">
                    <description>Controller types grouplist</description>
                    <left>15</left>
                    <top>130</top>
                    <width>330</width>
                    <height>540</height>
                    <onleft>9001</onleft>
                    <onright>5</onright>
                    <onup>3</onup>
                    <ondown>3</ondown>
                </control>
                <control type="button" id="10">
                    <description>Default controller types button</description>
                    <height>40</height>
                    <width>330</width>
                    <align>center</align>
                    <aligny>center</aligny>
                    <texturenofocus/>
                </control>
                <control type="gamecontroller" id="31">
                    <left>390</left>
                    <top>210</top>
                    <width>547</width>
                    <height>343</height>
                </control>
                <control type="label">
                    <description>Feature types heading</description>
                    <top>60</top>
                    <left>995</left>
                    <width>330</width>
                    <height>25</height>
                    <font>impacted16</font>
                    <label>$LOCALIZE[35059]</label>
                    <align>center</align>
                    <aligny>center</aligny>
                    <textcolor>description</textcolor>
                    <shadowcolor>black</shadowcolor>
                </control>
                <control type="grouplist" id="5">
                    <description>Feature types grouplist</description>
                    <left>995</left>
                    <top>130</top>
                    <width>330</width>
                    <height>540</height>
                    <onleft>3</onleft>
                    <onright>61</onright>
                    <onup>5</onup>
                    <ondown>5</ondown>
                    <pagecontrol>61</pagecontrol>
                </control>
                <control type="scrollbar" id="61">
                    <left>1330</left>
                    <top>130</top>
                    <width>12</width>
                    <height>540</height>
                    <onleft>5</onleft>
                    <onright>9001</onright>
                    <orientation>vertical</orientation>
                </control>
                <control type="button" id="7">
                    <description>Default feature types button</description>
                    <height>40</height>
                    <width>330</width>
                    <align>center</align>
                    <aligny>center</aligny>
                    <texturenofocus/>
                </control>
			</control>
			<control type="grouplist" id="9001">
				<left>0</left>
				<top>832</top>
				<width>1410</width>
				<align>center</align>
				<orientation>horizontal</orientation>
				<control type="button" id="20">
					<left>315</left>
					<top>0</top>
					<width>300</width>
					<align>center</align>
					<aligny>center</aligny>
					<font>impacted21</font>
					<texturenofocus/>
					<label>21452</label>
					<onleft>28</onleft>
					<onright>28</onright>
					<onup>5</onup>
					<ondown>5</ondown>
				</control>
				<control type="button" id="19">
					<left>315</left>
					<top>0</top>
					<width>300</width>
					<align>center</align>
					<aligny>center</aligny>
					<font>impacted21</font>
					<texturenofocus/>
					<label>10035</label>
					<onleft>28</onleft>
					<onright>28</onright>
					<onup>5</onup>
					<ondown>5</ondown>
				</control>
				<control type="button" id="18">
					<left>315</left>
					<top>0</top>
					<width>300</width>
					<align>center</align>
					<aligny>center</aligny>
					<font>impacted21</font>
					<texturenofocus/>
					<label>186</label>
					<onleft>28</onleft>
					<onright>28</onright>
					<onup>5</onup>
					<ondown>5</ondown>
				</control>
				<control type="button" id="17">
					<left>315</left>
					<top>0</top>
					<width>300</width>
					<align>center</align>
					<aligny>center</aligny>
					<font>impacted21</font>
					<texturenofocus/>
					<label>10043</label>
					<onleft>28</onleft>
					<onright>28</onright>
					<onup>5</onup>
					<ondown>5</ondown>
				</control>
			</control>
        </control>
    </controls>
</window>
