<?xml version="1.0" encoding="UTF-8"?>
<window>
    <defaultcontrol>20</defaultcontrol>
	<backgroundcolor>grey3</backgroundcolor>
    <include>openclose</include>
    <controls>
        <include>DialogBackgroundSimple</include>
        <control type="group">
            <left>30</left>
            <top>90</top>
            <control type="group">
                <include>opencloseslideright</include>
                <include content="DialogInfoBackgroundParam">
                    <param name="DialogBackgroundLeft" value="0" />
                    <param name="DialogBackgroundTop" value="0" />
                    <param name="DialogBackgroundWidth" value="900" />
                    <param name="DialogBackgroundHeight" value="915" />
                    <param name="DialogSeparatorTop" value="0" />
                    <param name="DialogSeparatorBottom" value="915" />
                    <param name="DialogShadowTop" value="917" />
                    <param name="DialogHeaderLabel" value="" />
                    <param name="DialogHeaderTop" value="8" />
                    <param name="DialogHeaderId" value="0" />
                </include>
                <control type="image">
                    <left>0</left>
                    <top>1</top>
                    <width>900</width>
                    <height>134</height>
                    <colordiffuse>$VAR[BackgroundOverlayColorDialog]</colordiffuse>
                    <texture>WhiteBack.png</texture>
                </control>
                <control type="group">
                    <left>0</left>
                    <top>8</top>
                    <control type="image">
                        <left>765</left>
                        <top>0</top>
                        <width>120</width>
                        <height>120</height>
                        <aspectratio>keep</aspectratio>
                        <info>Container(20).ListItem.Icon</info>
                        <bordertexture border="5">buttons/ButtonNF.png</bordertexture>
                        <bordersize>3</bordersize>
                    </control>
                    <control type="label">
                        <description>header label</description>
                        <left>45</left>
                        <top>15</top>
                        <width>705</width>
                        <height>45</height>
                        <font>impacted24</font>
                        <label>A</label>
                        <align>left</align>
                        <aligny>center</aligny>
                    </control>
                    <control type="label" id="101">
                        <description>current directory text label</description>
                        <left>45</left>
                        <top>75</top>
                        <width>705</width>
                        <height>45</height>
                        <textcolor>description</textcolor>
                        <scroll>true</scroll>
                        <align>left</align>
                        <aligny>center</aligny>
                    </control>
                    <control type="scrollbar" id="30">
                        <left>15</left>
                        <top>135</top>
                        <height>735</height>
                        <onleft>31</onleft>
                        <onright>20</onright>
                        <ondown>20</ondown>
                        <onup>20</onup>
                        <showonepage>false</showonepage>
                        <orientation>vertical</orientation>
                    </control>
                    <control type="list" id="20">
                        <left>45</left>
                        <top>135</top>
                        <width>810</width>
                        <height>736</height>
                        <onleft>30</onleft>
                        <onright>21</onright>
                        <onup>20</onup>
                        <ondown>20</ondown>
                        <pagecontrol>30</pagecontrol>
                        <scrolltime>200</scrolltime>
                        <itemlayout height="52" width="810">
                            <control type="image">
                                <left>0</left>
                                <top>0</top>
                                <width>810</width>
                                <height>54</height>
                                <texture background="true" border="5">buttons/ButtonNFlight.png</texture>
                            </control>
                            <control type="label">
                                <left>15</left>
                                <top>0</top>
                                <width>720</width>
                                <height>54</height>
                                <aligny>center</aligny>
                                <textcolor>white</textcolor>
                                <align>left</align>
                                <info>ListItem.Label</info>
                            </control>
                            <control type="label">
                                <left>495</left>
                                <top>10</top>
                                <width>300</width>
                                <height>36</height>
                                <aligny>center</aligny>
                                <textcolor>grey</textcolor>
                                <align>right</align>
                                <info>ListItem.Label2</info>
                            </control>
                        </itemlayout>
                        <focusedlayout height="52" width="810">
                            <control type="image">
                                <left>0</left>
                                <top>0</top>
                                <width>810</width>
                                <height>54</height>
                                <visible>!Control.HasFocus(20)</visible>
                                <colordiffuse>fanartdiffuse</colordiffuse>
                                <texture background="true" border="5">buttons/ButtonFO.png</texture>
                            </control>
                            <control type="image">
                                <left>0</left>
                                <top>0</top>
                                <width>810</width>
                                <height>54</height>
                                <visible>Control.HasFocus(20)</visible>
                                <texture background="true" border="5">buttons/ButtonFO.png</texture>
                            </control>
                            <control type="label">
                                <left>15</left>
                                <top>0</top>
                                <width>720</width>
                                <height>54</height>
                                <textcolor>black</textcolor>
                                <aligny>center</aligny>
                                <align>left</align>
                                <info>ListItem.Label</info>
                            </control>
                            <control type="label">
                                <left>495</left>
                                <top>10</top>
                                <width>300</width>
                                <height>36</height>
                                <aligny>center</aligny>
                                <textcolor>black</textcolor>
                                <align>right</align>
                                <info>ListItem.Label2</info>
                            </control>
                        </focusedlayout>
                    </control>
                </control>
            </control>
            <control type="group">
                <include>opencloseslideleft</include>
                <left>960</left>
                <top>0</top>
                <include content="DialogInfoBackgroundParam">
                    <param name="DialogBackgroundLeft" value="0" />
                    <param name="DialogBackgroundTop" value="0" />
                    <param name="DialogBackgroundWidth" value="900" />
                    <param name="DialogBackgroundHeight" value="915" />
                    <param name="DialogSeparatorTop" value="0" />
                    <param name="DialogSeparatorBottom" value="915" />
                    <param name="DialogShadowTop" value="917" />
                    <param name="DialogHeaderLabel" value="" />
                    <param name="DialogHeaderTop" value="8" />
                    <param name="DialogHeaderId" value="0" />
                </include>
                <control type="image">
                    <left>0</left>
                    <top>1</top>
                    <width>900</width>
                    <height>134</height>
                    <colordiffuse>$VAR[BackgroundOverlayColorDialog]</colordiffuse>
                    <texture>WhiteBack.png</texture>
                </control>
                <control type="group">
                    <top>8</top>
                    <control type="image">
                        <left>30</left>
                        <top>0</top>
                        <width>120</width>
                        <height>120</height>
                        <aspectratio>keep</aspectratio>
                        <info>Container(21).ListItem.Icon</info>
                        <bordertexture border="5">buttons/ButtonNF.png</bordertexture>
                        <bordersize>3</bordersize>
                    </control>
                    <control type="label">
                        <description>header label</description>
                        <left>165</left>
                        <top>15</top>
                        <width>705</width>
                        <height>45</height>
                        <font>impacted24</font>
                        <label>B</label>
                        <align>right</align>
                        <aligny>center</aligny>
                    </control>
                    <control type="label" id="102">
                        <description>current directory text label</description>
                        <left>165</left>
                        <top>75</top>
                        <width>705</width>
                        <height>45</height>
                        <textcolor>description</textcolor>
                        <scroll>true</scroll>
                        <align>right</align>
                        <aligny>center</aligny>
                    </control>
                    <control type="scrollbar" id="31">
                        <left>880</left>
                        <top>135</top>
                        <height>735</height>
                        <onleft>21</onleft>
                        <onright>30</onright>
                        <ondown>21</ondown>
                        <onup>21</onup>
                        <showonepage>false</showonepage>
                        <orientation>vertical</orientation>
                    </control>
                    <control type="list" id="21">
                        <left>45</left>
                        <top>135</top>
                        <width>810</width>
                        <height>736</height>
                        <onleft>20</onleft>
                        <onright>31</onright>
                        <onup>21</onup>
                        <ondown>21</ondown>
                        <pagecontrol>31</pagecontrol>
                        <scrolltime>200</scrolltime>
                        <itemlayout height="52">
                            <control type="image">
                                <left>0</left>
                                <top>0</top>
                                <width>810</width>
                                <height>54</height>
                                <texture background="true" border="5">buttons/ButtonNFlight.png</texture>
                            </control>
                            <control type="label">
                                <left>15</left>
                                <top>0</top>
                                <width>750</width>
                                <height>54</height>
                                <aligny>center</aligny>
                                <textcolor>white</textcolor>
                                <align>left</align>
                                <info>ListItem.Label</info>
                            </control>
                            <control type="label">
                                <left>495</left>
                                <top>10</top>
                                <width>300</width>
                                <height>36</height>
                                <aligny>center</aligny>
                                <textcolor>white</textcolor>
                                <align>right</align>
                                <info>ListItem.Label2</info>
                            </control>
                        </itemlayout>
                        <focusedlayout height="52">
                            <control type="image">
                                <left>0</left>
                                <top>0</top>
                                <width>810</width>
                                <height>54</height>
                                <colordiffuse>fanartdiffuse</colordiffuse>
                                <texture background="true" border="5">buttons/ButtonFO.png</texture>
                                <visible>!Control.HasFocus(21)</visible>
                            </control>
                            <control type="image">
                                <left>0</left>
                                <top>0</top>
                                <width>810</width>
                                <height>54</height>
                                <texture background="true" border="5">buttons/ButtonFO.png</texture>
                                <visible>Control.HasFocus(21)</visible>
                            </control>
                            <control type="label">
                                <left>15</left>
                                <top>0</top>
                                <width>750</width>
                                <height>54</height>
                                <aligny>center</aligny>
                                <textcolor>black</textcolor>
                                <align>left</align>
                                <info>ListItem.Label</info>
                            </control>
                            <control type="label">
                                <left>495</left>
                                <top>10</top>
                                <width>300</width>
                                <height>36</height>
                                <aligny>center</aligny>
                                <textcolor>black</textcolor>
                                <align>right</align>
                                <info>ListItem.Label2</info>
                            </control>
                        </focusedlayout>
                    </control>
                </control>
            </control>
            <control type="label">
                <include>opencloseslideright</include>
                <description>number of files/pages in left list text label</description>
                <left>8</left>
                <top>75r</top>
                <width>855</width>
                <align>left</align>
                <scroll>true</scroll>
                <textcolor>grey</textcolor>
                <label>([COLOR=white]$INFO[Container(20).NumItems][/COLOR]) $LOCALIZE[31025] - $LOCALIZE[31024] ([COLOR=white]$INFO[Container(20).CurrentPage]/$INFO[Container(20).NumPages][/COLOR])</label>
            </control>
            <control type="label">
                <include>opencloseslideleft</include>
                <description>number of files/pages in left list text label</description>
                <left>990</left>
                <top>75r</top>
                <width>855</width>
                <align>right</align>
                <scroll>true</scroll>
                <textcolor>grey</textcolor>
                <label>([COLOR=white]$INFO[Container(21).NumItems][/COLOR]) $LOCALIZE[31025] - $LOCALIZE[31024] ([COLOR=white]$INFO[Container(21).CurrentPage]/$INFO[Container(21).NumPages][/COLOR])</label>
            </control>
        </control>
        <include>Clock</include>
        <include>NavInfo</include>
    </controls>
</window>
