<?xml version="1.0" encoding="UTF-8"?>
<includes>
    <include name="InfoListLeft">
        <control type="group">
            <left>0</left>
            <top>90</top>
            <width>1050</width>
            <height>1050</height>
            <control type="image">
                <left>36</left>
                <top>20</top>
                <width>994</width>
                <height>892</height>
                <texture>InlayDark.png</texture>
            </control>
            <control type="image">
                <left>82</left>
                <top>63</top>
                <width>22</width>
                <height>22</height>
                <texture background="true">Pin.png</texture>
            </control>
            <control type="image">
                <left>963</left>
                <top>63</top>
                <width>22</width>
                <height>22</height>
                <texture background="true">Pin.png</texture>
            </control>
            <control type="image">
                <left>82</left>
                <top>850</top>
                <width>22</width>
                <height>22</height>
                <texture background="true">Pin.png</texture>
            </control>
            <control type="image">
                <left>963</left>
                <top>850</top>
                <width>22</width>
                <height>22</height>
                <texture background="true">Pin.png</texture>
            </control>
            <control type="image">
                <left>42</left>
                <top>900</top>
                <width>984</width>
                <height>75</height>
                <texture border="16">ContentPanelMirror.png</texture>
            </control>
        </control>
    </include>
    <include name="InfoListRight">
        <control type="group">
            <left>990</left>
            <top>90</top>
            <control type="image">
                <left>36</left>
                <top>20</top>
                <width>844</width>
                <height>892</height>
                <texture>InlayDark.png</texture>
            </control>
            <control type="image">
                <left>82</left>
                <top>63</top>
                <width>22</width>
                <height>22</height>
                <texture background="true">Pin.png</texture>
            </control>
            <control type="image">
                <left>813</left>
                <top>63</top>
                <width>22</width>
                <height>22</height>
                <texture background="true">Pin.png</texture>
            </control>
            <control type="image">
                <left>82</left>
                <top>850</top>
                <width>22</width>
                <height>22</height>
                <texture background="true">Pin.png</texture>
            </control>
            <control type="image">
                <left>813</left>
                <top>850</top>
                <width>22</width>
                <height>22</height>
                <texture background="true">Pin.png</texture>
            </control>
            <control type="image">
                <left>42</left>
                <top>900</top>
                <width>834</width>
                <height>75</height>
                <texture border="16">ContentPanelMirror.png</texture>
            </control>
        </control>
    </include>
    <include name="DialogInfoWide">
        <control type="image">
            <left>-3</left>
            <top>150</top>
            <width>1926</width>
            <height>780</height>
            <texture>ContentPanel_Wide.png</texture>
        </control>
    </include>
    <include name="MediaOverlay">
        <control type="image">
            <include>openclosevisible</include>
            <left>-30</left>
            <top>-30</top>
            <width>1950</width>
            <height>1110</height>
            <texture background="true">special://skin/backgrounds/media-overlay.jpg</texture>
        </control>
    </include>
    <include name="DialogInfoBackgroundParam">
        <control type="group">
            <include>openclosevisible</include>
            <control type="image">
                <left>$PARAM[DialogBackgroundLeft]</left>
                <top>$PARAM[DialogBackgroundTop]</top>
				<centerleft>$PARAM[DialogBackgroundCenterleft]</centerleft>
                <width>$PARAM[DialogBackgroundWidth]</width>
                <height>$PARAM[DialogBackgroundHeight]</height>
                <!-- <colordiffuse>$VAR[BackgroundOverlayColorDialog]</colordiffuse> -->
                <texture border="5">$VAR[SelectBack2]</texture>
            </control>
            <control type="label" id="$PARAM[DialogHeaderId]">
                <description>header label</description>
                <left>$PARAM[DialogBackgroundLeft]</left>
                <top>$PARAM[DialogHeaderTop]</top>
                <width>$PARAM[DialogBackgroundWidth]</width>
                <height>45</height>
                <font>impacted26</font>
                <label>$PARAM[DialogHeaderLabel]</label>
                <align>center</align>
                <aligny>center</aligny>
            </control>
            <control type="image">
                <left>$PARAM[DialogBackgroundLeft]</left>
                <top>$PARAM[DialogBackgroundTop]</top>
                <width>$PARAM[DialogBackgroundWidth]</width>
                <height>1</height>
                <texture>Separator2.png</texture>
            </control>
            <control type="image">
                <description>Dialog Header Separator image</description>
                <left>$PARAM[DialogBackgroundLeft]</left>
                <top>$PARAM[DialogSeparatorTop]</top>
                <width>$PARAM[DialogBackgroundWidth]</width>
                <height>1</height>
                <texture>Separator2.png</texture>
            </control>
            <control type="image">
                <left>$PARAM[DialogBackgroundLeft]</left>
                <top>$PARAM[DialogSeparatorBottom]</top>
                <width>$PARAM[DialogBackgroundWidth]</width>
                <height>1</height>
                <texture>Separator2.png</texture>
            </control>
            <control type="image">
                <description>mirror bottom image</description>
                <left>$PARAM[DialogBackgroundLeft]</left>
                <top>$PARAM[DialogShadowTop]</top>
                <width>$PARAM[DialogBackgroundWidth]</width>
                <height>82</height>
                <colordiffuse>fanartdiffuse</colordiffuse>
                <texture background="true" flipy="true" border="4">Shadow.png</texture>
            </control>
        </control>
    </include>
</includes>
