<?xml version="1.0" encoding="UTF-8"?>
<includes>
    <!-- 10,11,50,57,58,500,302,401,402,503,505,506,509,510,512,513,514,515,516,541,550,551,562,570,721,722,742,740,741 -->
    <include name="ViewidAudio">
        <views>50,58,505,506,509,512,513,515,550,551,562,570,722,741</views>
    </include>
    <include name="ViewsAudio">
        <control type="group" id="777">
            <visible>!Window.IsVisible(selectdialog)</visible>
            <include>View_50_List</include>
            <!-- id 50 -->
            <include>BannerView_Music</include>
            <!-- id 58 -->
            <include>WideIconView</include>
            <!-- id 505 -->
            <include>MusicInfoListView</include>
            <!-- id 506 -->
            <include>MusicFanart</include>
            <!-- id 509 -->
            <include>ArtistMediaListView</include>
            <!-- id 512 -->
            <include>AlbumInfoListView</include>
            <!-- id 513 -->
            <include>Viewtype_Episode</include>
            <!-- id 515 -->
            <include>AddonInfoListView1</include>
            <!-- id 550 -->
            <include>AddonInfoThumbView1</include>
            <!-- id 551 -->
            <include>Showcase</include>
            <!-- id 562 -->
            <include>DiscFlow_Music</include>
            <!-- id 570 -->
            <include>RightList_Addons</include>
            <!-- id 722 -->
            <include>CoverWallMusic</include>
            <!-- id 741 -->
        </control>
    </include>
    <include name="ViewidVideo">
        <views>50,57,500,302,401,402,503,505,515,541,550,551,562,721,722,742,740</views>
    </include>
    <include name="ViewsVideo">
        <control type="group" id="777">
            <visible>!Window.IsVisible(selectdialog)</visible>
            <include>View_50_List</include>
            <!-- id 50 -->
            <include>BannerView_Videos</include>
            <!-- id 57 -->
            <include>ViewMoviePanel</include>
            <!-- id 500 -->
            <include>View_302_3Panel</include>
            <!-- id 302 -->
            <include>Fanart_Movies</include>
            <!-- id 401 -->
            <include>Fanart_Episode</include>
            <!-- id 402 -->
            <include>MediaListView3</include>
            <!-- id 503 -->
            <include>WideIconView</include>
            <!-- id 505 -->
            <include>Viewtype_Episode</include>
            <!-- id 515 -->
            <include>Perspective</include>
            <!-- id 541 -->
            <include>AddonInfoListView1</include>
            <!-- id 550 -->
            <include>AddonInfoThumbView1</include>
            <!-- id 551 -->
            <include>Showcase</include>
            <!-- id 562 -->
            <include>RightList</include>
            <!-- id 721 -->
            <include>RightList_Addons</include>
            <!-- id 722 -->
            <include>CoverWall</include>
            <!-- id 742 -->
            <include>CoverWall_Big</include>
            <!-- id 740 -->
        </control>
    </include>
    <include name="ViewidPictures">
        <views>50,510,514,516,550,551,722</views>
    </include>
    <include name="ViewsPictures">
        <control type="group" id="777">
            <visible>!Window.IsVisible(selectdialog)</visible>
            <include>View_50_List</include>
            <!-- id 50 -->
            <include>PictureWrapView</include>
            <!-- id 510 -->
            <include>PictureThumbView</include>
            <!-- id 514 -->
            <include>PictureWallView</include>
            <!-- id 516 -->
            <include>AddonInfoListView1</include>
            <!-- id 550 -->
            <include>AddonInfoThumbView1</include>
            <!-- id 551 -->
            <include>RightList_Addons</include>
            <!-- id 722 -->
        </control>
    </include>
    <include name="ViewidAddons">
        <views>50,550,551,722</views>
    </include>
    <include name="ViewsAddons">
        <control type="group" id="777">
            <visible>!Window.IsVisible(selectdialog)</visible>
            <include>View_50_List</include>
            <!-- id 50 -->
            <include>AddonInfoListView1</include>
            <!-- id 550 -->
            <include>AddonInfoThumbView1</include>
            <!-- id 551 -->
            <include>RightList_Addons</include>
            <!-- id 722 -->
        </control>
    </include>
    <include name="ViewsidPVR">
        <views>9,14,15</views>
    </include>
    <include name="ViewsPVR">
        <control type="group" id="777">
            <include>LiveTVChannelView_List</include>
            <!-- id 15 -->
            <include>LiveTVChannelView_Panel</include>
            <!-- id 9 -->
            <include>LiveTVChannelView_Icons</include>
            <!-- id 14 -->
        </control>
    </include>
    <include name="ViewsidGuide">
        <views>10,11,12,13</views>
    </include>
    <include name="ViewsGuide">
        <control type="group" id="777">
            <include>PVRGuideViewTimeline</include>
            <!-- id 10 -->
            <include>PVRGuideViewNow</include>
            <!-- id 11 -->
            <include>PVRGuideViewNext</include>
            <!-- id 12 -->
            <include>PVRGuideViewChannel</include>
            <!-- id 13 -->
        </control>
    </include>
    <include name="ViewsidRecordings">
        <views>50</views>
    </include>
    <include name="ViewsRecordings">
        <control type="group" id="777">
            <include>LiveTVRecordingsView</include>
            <!-- id 50 -->
        </control>
    </include>
    <include name="ViewsidTimers">
        <views>50</views>
    </include>
    <include name="ViewsTimers">
        <control type="group" id="777">
            <include>LiveTVTimersView</include>
            <!-- id 50 -->
        </control>
    </include>
    <include name="ViewsidSearch">
        <views>50</views>
    </include>
    <include name="ViewsSearch">
        <control type="group" id="777">
            <include>LiveTVSearchView</include>
            <!-- id 50 -->
        </control>
    </include>
    <include name="ViewTypeList">
        <control type="group">
            <include>SidePanelBackground</include>
            <animation effect="slide" start="0" end="428" time="400" tween="cubic" easing="out" condition="ControlGroup(9001).HasFocus()">Conditional</animation>
            <animation effect="slide" start="0" end="-428" time="200" tween="cubic" easing="out" condition="!ControlGroup(9001).HasFocus()">Conditional</animation>
            <control type="grouplist" id="9001">
                <left>-435</left>
                <top>150</top>
                <width>428</width>
                <height>1113</height>
                <onleft>9000</onleft>
                <onright>777</onright>
                <onup>9001</onup>
                <ondown>9001</ondown>
                <onback>777</onback>
                <itemgap>0</itemgap>
                <scrolltime tween="sine" easing="out">200</scrolltime>
                <control type="button" id="810">
                    <description>View</description>
                    <label>51228</label>
                    <label2>$VAR[ViewIDLabel_List]</label2>
                    <onclick>Container.SetViewMode(50)</onclick>
                    <onclick>Action(down)</onclick>
                    <include>SidePanelButton</include>
					<visible>![Window.IsVisible(MyPVRChannels.xml)|Window.IsVisible(MyPVRGuide.xml)|Window.IsVisible(MyPVRRecordings.xml)|Window.IsVisible(MyPVRTimers.xml)|Window.IsVisible(MyPVRSearch.xml)]</visible>
                </control>
                <control type="button" id="812">
                    <description>View</description>
                    <label>51230</label>
                    <onclick>Container.SetViewMode(550)</onclick>
                    <onclick>Action(down)</onclick>
                    <include>SidePanelButton</include>
                    <visible>Window.IsVisible(AddonBrowser)|Container.Content(Addons)</visible>
                </control>
                <control type="button" id="814">
                    <description>View</description>
                    <label>51232</label>
                    <onclick>Container.SetViewMode(551)</onclick>
                    <onclick>Action(down)</onclick>
                    <include>SidePanelButton</include>
                    <visible>Window.IsVisible(AddonBrowser)|Container.Content(Addons)</visible>
                </control>
                <control type="button" id="815">
                    <description>View</description>
                    <label>51234</label>
                    <onclick>Container.SetViewMode(58)</onclick>
                    <onclick>Action(down)</onclick>
                    <include>SidePanelButton</include>
                    <visible>Container.Content(songs)|Container.Content(artists)|Container.Content(albums)</visible>
                </control>
                <control type="button" id="816">
                    <description>View</description>
                    <label>51236</label>
                    <label2>$VAR[ViewIDLabel_Showcase]</label2>
                    <onclick>Container.SetViewMode(562)</onclick>
                    <onclick>Action(down)</onclick>
                    <include>SidePanelButton</include>
                    <visible>Container.Content(artists)|Container.Content(albums)|Container.Content(Movies)
					|Container.Content(Sets)|Container.Content(Seasons)|Container.Content(tvshows)|Container.Content(musicvideos)
					|[String.StartsWith(Container.FolderPath,plugin://)+Container.Content(Movies)]</visible>
                </control>
                <control type="button" id="817">
                    <description>View</description>
                    <label>51238</label>
                    <onclick>Container.SetViewMode(541)</onclick>
                    <onclick>Action(down)</onclick>
                    <include>SidePanelButton</include>
                    <visible>Window.IsVisible(videos)</visible>
                    <visible>!String.StartsWith(Container.FolderPath,plugin://)+!Container.Content(Addons)</visible>
                </control>
                <control type="button" id="818">
                    <description>View</description>
                    <label>51240</label>
                    <onclick>Container.SetViewMode(570)</onclick>
                    <onclick>Action(down)</onclick>
                    <include>SidePanelButton</include>
                    <visible>Container.Content(songs)|Container.Content(artists)|Container.Content(albums)</visible>
                </control>
                <!-- <control type="button" id="84">
					<description>View</description>
					<label>31032</label>
					<onclick>Container.SetViewMode(556)</onclick>
					<onclick>Action(down)</onclick>
					<include>SidePanelButton</include>
					<visible>Container.Content(artists)|Container.Content(albums)</visible>
				</control> -->
                <control type="button" id="820">
                    <description>View</description>
                    <label>544</label>
                    <onclick>Container.SetViewMode(506)</onclick>
                    <onclick>Action(down)</onclick>
                    <include>SidePanelButton</include>
                    <visible>Window.IsVisible(MusicPlaylist)|Container.Content(Songs)|Container.Content(Albums)</visible>
                </control>
                <control type="button" id="822">
                    <description>View</description>
                    <label>31029</label>
                    <onclick>Container.SetViewMode(509)</onclick>
                    <onclick>Action(down)</onclick>
                    <include>SidePanelButton</include>
                    <visible>Container.Content(artists)|Container.Content(Albums)</visible>
                </control>
                <control type="button" id="826">
                    <description>View</description>
                    <label>544</label>
                    <onclick>Container.SetViewMode(512)</onclick>
                    <onclick>Action(down)</onclick>
                    <include>SidePanelButton</include>
                    <visible>Container.Content(artists)</visible>
                </control>
                <control type="button" id="828">
                    <description>View</description>
                    <label>10523</label>
                    <onclick>Container.SetViewMode(513)</onclick>
                    <onclick>Action(down)</onclick>
                    <include>SidePanelButton</include>
                    <visible>Container.Content(Albums)</visible>
                </control>
                <control type="button" id="830">
                    <description>Movie Poster Wrap</description>
                    <label>51234</label>
                    <onclick>Container.SetViewMode(57)</onclick>
                    <onclick>Action(down)</onclick>
                    <include>SidePanelButton</include>
                    <visible>[Container.Content(Sets)|Container.Content(Movies)|Container.Content(TVShows)|Container.Content(Seasons)|Container.Content(Episodes)|Window.IsVisible(VideoPlaylist)]</visible>
                    <visible>!String.StartsWith(Container.FolderPath,plugin://)+!Container.Content(Addons)</visible>
                </control>
                <control type="button" id="831">
                    <description>Movie Poster Wrap</description>
                    <label>$LOCALIZE[544]</label>
                    <onclick>Container.SetViewMode(503)</onclick>
                    <onclick>Action(down)</onclick>
                    <include>SidePanelButton</include>
                    <visible>Window.IsVisible(videos)</visible>
                    <visible>!String.StartsWith(Container.FolderPath,plugin://)+!Container.Content(Addons)</visible>
                </control>
                <control type="button" id="8311">
                    <description>Movie Poster Wrap</description>
                    <label>Wide</label>
                    <onclick>Container.SetViewMode(505)</onclick>
                    <onclick>Action(down)</onclick>
                    <include>SidePanelButton</include>
                    <!-- <visible>Window.IsVisible(videos)</visible> -->
                    <visible>Container.Content(TVShows)|Container.Content(Sets)|Container.Content(Movies)|Container.Content(episodes)|Container.Content(seasons)|Container.Content(Files)|Container.Content(artists)</visible>
                    <visible>!String.StartsWith(Container.FolderPath,plugin://)+!Container.Content(Addons)</visible>
                </control>
                <control type="button" id="832">
                    <description>Fanart Movies</description>
                    <label>31029</label>
                    <label2>$VAR[ViewIDLabel_Fanart]</label2>
                    <onclick>Container.SetViewMode(401)</onclick>
                    <onclick>Action(down)</onclick>
                    <include>SidePanelButton</include>
                    <visible>Container.Content(Movies)|Container.Content(TVShows)|Container.Content(Seasons)|Container.Content(Sets)</visible>
                </control>
                <control type="button" id="833">
                    <description>Fanart Movies</description>
                    <label>Panel</label>
                    <label2>$VAR[ViewIDLabel_Panel]</label2>
                    <onclick>Container.SetViewMode(500)</onclick>
                    <onclick>Action(down)</onclick>
                    <include>SidePanelButton</include>
                    <visible>Window.IsVisible(videos)</visible>
                    <!-- <visible>!Container.Content(files)</visible> -->
                </control>
                <control type="button" id="834">
                    <description>View</description>
                    <label>3 Panel</label>
                    <label2>$VAR[ViewIDLabel_3Panel]</label2>
                    <onclick>Container.SetViewMode(302)</onclick>
                    <onclick>Action(down)</onclick>
                    <include>SidePanelButton</include>
                    <visible>Container.Content(Sets)|Container.Content(Musicvideos)|Container.Content(Movies)|Container.Content(TVShows)|Container.Content(Episodes)|Container.Content(Seasons)</visible>
                </control>
                <control type="button" id="835">
                    <description>Fanart Episodes</description>
                    <label>$LOCALIZE[31029]</label>
                    <label2>$VAR[ViewIDLabel_Fanart_Episodes]</label2>
                    <onclick>Container.SetViewMode(402)</onclick>
                    <onclick>Action(down)</onclick>
                    <include>SidePanelButton</include>
                    <visible>Container.Content(Episodes)</visible>
                </control>
                <control type="button" id="836">
                    <description>Episode</description>
                    <label>20359</label>
                    <label2>$VAR[ViewIDLabel_Episode]</label2>
                    <onclick>Container.SetViewMode(515)</onclick>
                    <onclick>Action(down)</onclick>
                    <include>SidePanelButton</include>
                    <visible>Window.IsVisible(videos)|Container.Content(artists)|Container.Content(Albums)|Container.Content(songs)</visible>
                    <visible>!Container.Content(files)+!Container.Content(Addons)</visible>
                </control>
                <control type="button" id="838">
                    <description>Movie Rightlist</description>
                    <label>51242</label>
                    <label2>$VAR[ViewIDLabel_Rightlist]</label2>
                    <onclick>Container.SetViewMode(721)</onclick>
                    <onclick>Action(down)</onclick>
                    <include>SidePanelButton</include>
                    <visible>Container.Content(Sets)|Container.Content(Musicvideos)|Container.Content(Movies)|Container.Content(TVShows)|Container.Content(Episodes)|Container.Content(Seasons)</visible>
                </control>
                <control type="button" id="840">
                    <description>non Movie Rightlist</description>
                    <label>51242</label>
                    <label2>$VAR[ViewIDLabel_Rightlist2]</label2>
                    <onclick>Container.SetViewMode(722)</onclick>
                    <onclick>Action(down)</onclick>
                    <include>SidePanelButton</include>
                    <visible>![Container.Content(Sets)|Container.Content(Musicvideos)|Container.Content(Movies)|Container.Content(TVShows)|Container.Content(Episodes)|Container.Content(Seasons)]</visible>
					<visible>![Window.IsVisible(MyPVRChannels.xml)|Window.IsVisible(MyPVRGuide.xml)|Window.IsVisible(MyPVRRecordings.xml)|Window.IsVisible(MyPVRTimers.xml)|Window.IsVisible(MyPVRSearch.xml)]</visible>
                </control>
                <control type="button" id="842">
                    <description>View</description>
                    <label>Wall</label>
                    <label2>$VAR[ViewIDLabel_Wall]</label2>
                    <onclick>Container.SetViewMode(742)</onclick>
                    <onclick>Action(down)</onclick>
                    <include>SidePanelButton</include>
                    <visible>Container.Content(Musicvideos)|Container.Content(Sets)|Container.Content(Movies)|Container.Content(TVShows)|Container.Content(Seasons)</visible>
                </control>
                <control type="button" id="843">
                    <description>View</description>
                    <label>51243</label>
                    <label2>$VAR[ViewIDLabel_BigWall]</label2>
                    <onclick>Container.SetViewMode(740)</onclick>
                    <onclick>Action(down)</onclick>
                    <include>SidePanelButton</include>
                    <visible>Container.Content(Musicvideos)|Container.Content(Sets)|Container.Content(Movies)|Container.Content(TVShows)|Container.Content(Seasons)</visible>
                </control>
                <control type="button" id="844">
                    <description>View</description>
                    <label>51244</label>
                    <label2>$VAR[ViewIDLabel_MusicWall]</label2>
                    <onclick>Container.SetViewMode(741)</onclick>
                    <onclick>Action(down)</onclick>
                    <include>SidePanelButton</include>
                    <visible>Container.Content(artists)|Container.Content(Albums)</visible>
                </control>
                <control type="button" id="846">
                    <description>View</description>
                    <label>31032</label>
                    <onclick>Container.SetViewMode(510)</onclick>
                    <onclick>Action(down)</onclick>
                    <include>SidePanelButton</include>
                    <visible>Window.IsVisible(Pictures)</visible>
                    <visible>!Container.Content(Addons)</visible>
                </control>
                <control type="button" id="848">
                    <description>View</description>
                    <label>31031</label>
                    <onclick>Container.SetViewMode(514)</onclick>
                    <onclick>Action(down)</onclick>
                    <include>SidePanelButton</include>
                    <visible>Window.IsVisible(Pictures)</visible>
                    <visible>!Container.Content(Addons)</visible>
                </control>
                <control type="button" id="850">
                    <description>View</description>
                    <label>51246</label>
                    <onclick>Container.SetViewMode(516)</onclick>
                    <onclick>Action(down)</onclick>
                    <include>SidePanelButton</include>
                    <visible>Window.IsVisible(Pictures)</visible>
                    <visible>!Container.Content(Addons)</visible>
                </control>
                <control type="button" id="852">
                    <description>View</description>
                    <label>PVR Panel</label>
                    <onclick>Container.SetViewMode(11)</onclick>
                    <onclick>Action(down)</onclick>
                    <include>SidePanelButton</include>
					<visible>Window.IsVisible(MyPVRChannels.xml)|Window.IsVisible(MyPVRGuide.xml)|Window.IsVisible(MyPVRRecordings.xml)|Window.IsVisible(MyPVRTimers.xml)|Window.IsVisible(MyPVRSearch.xml)</visible>
                </control>
                <control type="button" id="854">
                    <description>View</description>
                    <label>PVR List</label>
                    <onclick>Container.SetViewMode(10)</onclick>
                    <onclick>Action(down)</onclick>
                    <include>SidePanelButton</include>
					<visible>Window.IsVisible(MyPVRChannels.xml)|Window.IsVisible(MyPVRGuide.xml)|Window.IsVisible(MyPVRRecordings.xml)|Window.IsVisible(MyPVRTimers.xml)|Window.IsVisible(MyPVRSearch.xml)</visible>
                </control>
            </control>
            <include>SidePanelNavigation</include>
        </control>
    </include>
</includes>
