<?xml version="1.0" encoding="UTF-8"?>
<includes>
    <include name="MusicExtendedInfoStripe">
        <control type="group">
            <left>0</left>
            <top>0</top>
            <include>openclosemedium</include>
            <visible>System.HasAddon(script.skin.info.service)</visible>
            <visible>Skin.HasSetting(extendedinfo_music)+Container.Content(artists)</visible>
            <visible>!ListItem.IsParentFolder</visible>
            <control type="list" id="2001">
                <!-- extended info list -->
                <visible>!String.IsEmpty(Window(home).Property(Artist.Album.1.Thumb))</visible>
                <left>22</left>
                <top>45</top>
                <width>870</width>
                <height>315</height>
                <onup>Action(FirstPage)</onup>
                <ondown>Action(FirstPage)</ondown>
                <onup condition="Control.IsVisible(401)">9000</onup>
                <ondown condition="Control.IsVisible(401)">777</ondown>
                <onup condition="Control.IsVisible(562)">60</onup>
                <ondown condition="Control.IsVisible(562)">732</ondown>
                <onup condition="Control.IsVisible(509)">9000</onup>
                <ondown condition="Control.IsVisible(509)">509</ondown>
                <onleft>2001</onleft>
                <onright>2001</onright>
                <focusposition>0</focusposition>
                <scrolltime tween="cubic" easing="in">400</scrolltime>
                <orientation>horizontal</orientation>
                <itemgap>0</itemgap>
                <preloaditems>4</preloaditems>
                <autoscroll time="3000" delay="5000" repeat="5000">!Control.HasFocus(2001)+!String.IsEmpty(Window(home).Property(Artist.Album.5.Thumb))</autoscroll>
                <itemlayout width="218" height="210">
                    <control type="group">
                        <visible>!String.IsEqual(ListItem.Icon,Empty.png)</visible>
                        <control type="image">
                            <width>210</width>
                            <height>210</height>
                            <aspectratio>stretch</aspectratio>
                            <texture diffuse="masks/mask.png">$INFO[ListItem.Icon]</texture>
                        </control>
                        <control type="image">
                            <left>0</left>
                            <top>60</top>
                            <width>210</width>
                            <height>150</height>
                            <colordiffuse>menudiffuse</colordiffuse>
                            <texture diffuse="masks/mask.png">Shadow.png</texture>
                            <visible>!String.IsEmpty(ListItem.Label)</visible>
                        </control>
                        <control type="image">
                            <width>210</width>
                            <height>210</height>
                            <aspectratio>stretch</aspectratio>
                            <texture>masks/Default.png</texture>
                            <visible>!String.IsEqual(ListItem.Icon,Empty.png)</visible>
                        </control>
                        <control type="label">
                            <left>15</left>
                            <top>172</top>
                            <width>60</width>
                            <height>30</height>
                            <label>$INFO[ListItem.Label]</label>
                        </control>
                        <control type="label">
                            <left>22</left>
                            <top>172</top>
                            <width>172</width>
                            <height>30</height>
                            <align>right</align>
                            <label>$INFO[ListItem.Label2]</label>
                        </control>
                    </control>
                </itemlayout>
                <focusedlayout width="218" height="210">
                    <control type="group">
                        <visible>!String.IsEqual(ListItem.Icon,Empty.png)</visible>
                        <include>focuseffect</include>
                        <control type="image">
                            <width>210</width>
                            <height>210</height>
                            <aspectratio>stretch</aspectratio>
                            <texture diffuse="masks/mask.png">$INFO[ListItem.Icon]</texture>
                        </control>
                        <control type="image">
                            <left>0</left>
                            <top>60</top>
                            <width>210</width>
                            <height>150</height>
                            <colordiffuse>menudiffuse</colordiffuse>
                            <texture diffuse="masks/mask.png">Shadow.png</texture>
                            <visible>!String.IsEmpty(ListItem.Icon)</visible>
                        </control>
                        <control type="image">
                            <width>210</width>
                            <height>210</height>
                            <aspectratio>stretch</aspectratio>
                            <texture>masks/Default.png</texture>
                        </control>
                        <control type="label">
                            <left>15</left>
                            <top>172</top>
                            <width>60</width>
                            <height>30</height>
                            <label>$INFO[ListItem.Label]</label>
                        </control>
                        <control type="label">
                            <left>22</left>
                            <top>172</top>
                            <width>172</width>
                            <height>30</height>
                            <align>right</align>
                            <label>$INFO[ListItem.Label2]</label>
                        </control>
                    </control>
                </focusedlayout>
                <content>
                    <include>MusicCoverItems_Extended_1</include>
                    <include>MusicCoverItems_Extended_2</include>
                </content>
            </control>
            <control type="label">
                <left>0</left>
                <top>202</top>
                <width>870</width>
                <height>300</height>
                <align>center</align>
                <font>font16</font>
                <label>$INFO[Window(home).Property(Artist.Album.1.Year),• [COLOR=grey]Year: [/COLOR], • ]$INFO[Window(home).Property(Artist.Album.1.Duration),[COLOR=grey]Duration: [/COLOR], • ]$INFO[Window(home).Property(Artist.Album.1.ID),[COLOR=grey]ID: [/COLOR], • ]$INFO[Window(home).Property(Artist.Albums.Newest),[COLOR=grey]Newest: [/COLOR], • ]$INFO[Window(home).Property(Artist.Albums.Oldest),[COLOR=grey]Oldest: [/COLOR], • ]$INFO[Window(home).Property(Artist.Albums.Count),[COLOR=grey]Count: [/COLOR], • ]$INFO[Window(home).Property(Artist.Albums.Playcount),[COLOR=grey]Playcount: [/COLOR], •]</label>
            </control>
        </control>
    </include>
    <include name="MusicExtendedInfoStripe_vertical">
        <control type="group">
            <!-- extended info -->
            <left>0</left>
            <top>45</top>
            <visible>System.HasAddon(script.skin.info.service)</visible>
            <visible>Skin.HasSetting(extendedinfo_music)+Container.Content(artists)</visible>
            <visible>!ListItem.IsParentFolder</visible>
            <control type="list" id="2001">
                <!-- extended info list -->
                <left>22</left>
                <top>45</top>
                <width>315</width>
                <height>870</height>
                <onup>Action(FirstPage)</onup>
                <ondown>Action(FirstPage)</ondown>
                <onup condition="Control.IsVisible(401)">9000</onup>
                <ondown condition="Control.IsVisible(401)">777</ondown>
                <onup condition="Control.IsVisible(562)">60</onup>
                <ondown condition="Control.IsVisible(562)">732</ondown>
                <onleft>2001</onleft>
                <onright>2001</onright>
                <focusposition>0</focusposition>
                <scrolltime tween="cubic" easing="in">400</scrolltime>
                <orientation>vertical</orientation>
                <itemgap>0</itemgap>
                <preloaditems>4</preloaditems>
                <autoscroll time="3000" delay="5000" repeat="5000">!Control.HasFocus(2001)+!String.IsEmpty(Window(home).Property(Artist.Album.5.Thumb))</autoscroll>
                <itemlayout width="218" height="218">
                    <control type="group">
                        <visible>!String.IsEqual(ListItem.Icon,Empty.png)</visible>
                        <control type="image">
                            <width>210</width>
                            <height>210</height>
                            <aspectratio>scale</aspectratio>
                            <texture diffuse="masks/mask.png">$INFO[ListItem.Icon]</texture>
                        </control>
                        <control type="image">
                            <left>0</left>
                            <top>60</top>
                            <width>210</width>
                            <height>150</height>
                            <colordiffuse>menudiffuse</colordiffuse>
                            <texture diffuse="masks/mask.png">Shadow.png</texture>
                            <visible>!String.IsEmpty(ListItem.Label)</visible>
                        </control>
                        <control type="image">
                            <width>210</width>
                            <height>210</height>
                            <aspectratio>stretch</aspectratio>
                            <texture>masks/Default.png</texture>
                            <visible>!String.IsEqual(ListItem.Icon,Empty.png)</visible>
                        </control>
                        <control type="label">
                            <left>15</left>
                            <top>172</top>
                            <width>60</width>
                            <height>30</height>
                            <label>$INFO[ListItem.Label]</label>
                        </control>
                        <control type="label">
                            <left>195</left>
                            <top>172</top>
                            <width>90</width>
                            <height>30</height>
                            <align>right</align>
                            <label>$INFO[ListItem.Label2]</label>
                        </control>
                    </control>
                </itemlayout>
                <focusedlayout width="218" height="218">
                    <control type="group">
                        <visible>!String.IsEqual(ListItem.Icon,Empty.png)</visible>
                        <include>focuseffect</include>
                        <control type="image">
                            <width>210</width>
                            <height>210</height>
                            <aspectratio>scale</aspectratio>
                            <texture diffuse="masks/mask.png">$INFO[ListItem.Icon]</texture>
                        </control>
                        <control type="image">
                            <left>0</left>
                            <top>60</top>
                            <width>210</width>
                            <height>150</height>
                            <colordiffuse>menudiffuse</colordiffuse>
                            <texture diffuse="masks/mask.png">Shadow.png</texture>
                            <visible>!String.IsEmpty(ListItem.Icon)</visible>
                        </control>
                        <control type="image">
                            <width>210</width>
                            <height>210</height>
                            <aspectratio>stretch</aspectratio>
                            <texture>masks/Default.png</texture>
                        </control>
                        <control type="label">
                            <left>15</left>
                            <top>172</top>
                            <width>60</width>
                            <height>30</height>
                            <label>$INFO[ListItem.Label]</label>
                        </control>
                        <control type="label">
                            <left>195</left>
                            <top>172</top>
                            <width>90</width>
                            <height>30</height>
                            <align>right</align>
                            <label>$INFO[ListItem.Label2]</label>
                        </control>
                    </control>
                </focusedlayout>
                <content>
                    <include>MusicCoverItems_Extended_1</include>
                    <include>MusicCoverItems_Extended_2</include>
                </content>
            </control>
        </control>
    </include>
    <include name="MusicCoverItems_Extended_1">
        <item id="1">
            <label>1.</label>
            <label2>$INFO[Window(home).Property(Artist.Album.1.Year)]</label2>
            <icon fallback="Empty.png">$INFO[Window(home).Property(Artist.Album.1.Thumb)]</icon>
            <onclick/>
            <visible>!String.IsEmpty(Window(home).Property(Artist.Album.1.Thumb))</visible>
        </item>
        <item id="2">
            <label>2.</label>
            <label2>$INFO[Window(home).Property(Artist.Album.2.Year)]</label2>
            <icon fallback="Empty.png">$INFO[Window(home).Property(Artist.Album.2.Thumb)]</icon>
            <onclick/>
            <visible>!String.IsEmpty(Window(home).Property(Artist.Album.2.Thumb))</visible>
        </item>
        <item id="3">
            <label>3.</label>
            <label2>$INFO[Window(home).Property(Artist.Album.3.Year)]</label2>
            <icon fallback="Empty.png">$INFO[Window(home).Property(Artist.Album.3.Thumb)]</icon>
            <onclick/>
            <visible>!String.IsEmpty(Window(home).Property(Artist.Album.3.Thumb))</visible>
        </item>
        <item id="4">
            <label>4.</label>
            <label2>$INFO[Window(home).Property(Artist.Album.4.Year)]</label2>
            <icon fallback="Empty.png">$INFO[Window(home).Property(Artist.Album.4.Thumb)]</icon>
            <onclick/>
            <visible>!String.IsEmpty(Window(home).Property(Artist.Album.4.Thumb))</visible>
        </item>
        <item id="5">
            <label>5.</label>
            <label2>$INFO[Window(home).Property(Artist.Album.5.Year)]</label2>
            <icon fallback="Empty.png">$INFO[Window(home).Property(Artist.Album.5.Thumb)]</icon>
            <onclick/>
            <visible>!String.IsEmpty(Window(home).Property(Artist.Album.5.Thumb))</visible>
        </item>
    </include>
    <include name="MusicCoverItems_Extended_2">
        <item id="6">
            <label>6.</label>
            <label2>$INFO[Window(home).Property(Artist.Album.6.Year)]</label2>
            <icon fallback="Empty.png">$INFO[Window(home).Property(Artist.Album.6.Thumb)]</icon>
            <onclick/>
            <visible>!String.IsEmpty(Window(home).Property(Artist.Album.6.Thumb))</visible>
        </item>
        <item id="7">
            <label>7.</label>
            <label7>$INFO[Window(home).Property(Artist.Album.7.Year)]</label7>
            <icon fallback="Empty.png">$INFO[Window(home).Property(Artist.Album.7.Thumb)]</icon>
            <onclick/>
            <visible>!String.IsEmpty(Window(home).Property(Artist.Album.7.Thumb))</visible>
        </item>
        <item id="8">
            <label>8.</label>
            <label2>$INFO[Window(home).Property(Artist.Album.8.Year)]</label2>
            <icon fallback="Empty.png">$INFO[Window(home).Property(Artist.Album.8.Thumb)]</icon>
            <onclick/>
            <visible>!String.IsEmpty(Window(home).Property(Artist.Album.8.Thumb))</visible>
        </item>
        <item id="9">
            <label>9.</label>
            <label2>$INFO[Window(home).Property(Artist.Album.9.Year)]</label2>
            <icon fallback="Empty.png">$INFO[Window(home).Property(Artist.Album.9.Thumb)]</icon>
            <onclick/>
            <visible>!String.IsEmpty(Window(home).Property(Artist.Album.9.Thumb))</visible>
        </item>
        <item id="10">
            <label>10.</label>
            <label2>$INFO[Window(home).Property(Artist.Album.10.Year)]</label2>
            <icon fallback="Empty.png">$INFO[Window(home).Property(Artist.Album.10.Thumb)]</icon>
            <onclick/>
            <visible>!String.IsEmpty(Window(home).Property(Artist.Album.10.Thumb))</visible>
        </item>
    </include>
    <include name="MusicArtitsEvents">
        <control type="group">
            <include>openclosemedium</include>
            <visible>Skin.HasSetting(extendedinfo_music)+Container.Content(artists)</visible>
            <visible>!ListItem.IsParentFolder</visible>
            <control type="image">
                <left>30</left>
                <top>30</top>
                <width>900</width>
                <height>300</height>
                <aspectratio>keep</aspectratio>
                <texture>$INFO[ListItem.Art(clearlogo)]</texture>
                <visible>Skin.HasSetting(EnableExtendedArt)</visible>
                <include>opencloseslideup</include>
                <animation effect="fade" start="100" end="30" time="200" condition="Integer.IsGreater(Window(Home).Property(ArtistEvents.Count),0)+Skin.HasSetting(extendedinfo_music_concerts)">Conditional</animation>
            </control>
            <control type="group">
                <visible>Integer.IsGreater(Window(Home).Property(ArtistEvents.Count),0)+Skin.HasSetting(extendedinfo_music_concerts)</visible>
                <control type="label">
                    <left>30</left>
                    <top>322</top>
                    <width>870</width>
                    <height>90</height>
                    <align>center</align>
                    <scroll>true</scroll>
                    <textcolor>grey</textcolor>
                    <wrapmultiline>true</wrapmultiline>
                    <label>51188</label>
                </control>
                <control type="panel" id="8010">
                    <left>30</left>
                    <top>30</top>
                    <width>1200</width>
                    <height>450</height>
                    <orientation>vertical</orientation>
                    <focusposition>0</focusposition>
                    <scrolltime tween="cubic" easing="inout">400</scrolltime>
                    <preloaditems>2</preloaditems>
                    <itemlayout height="30" width="1200">
                        <control type="label">
                            <left>0</left>
                            <top>0</top>
                            <width>300</width>
                            <height>38</height>
                            <align>right</align>
                            <font>font16</font>
                            <textcolor>grey</textcolor>
                            <shadowcolor>black</shadowcolor>
                            <label>$INFO[ListItem.Property(City),,: ]</label>
                        </control>
                        <control type="label">
                            <left>300</left>
                            <top>0</top>
                            <width>900</width>
                            <height>38</height>
                            <align>left</align>
                            <font>font16</font>
                            <shadowcolor>black</shadowcolor>
                            <label>$INFO[ListItem.Property(Name)][COLOR=selected]$INFO[ListItem.Label2, (,)][/COLOR]</label>
                        </control>
                    </itemlayout>
                    <focusedlayout height="30" width="1200">
                        <control type="label">
                            <left>0</left>
                            <top>0</top>
                            <width>300</width>
                            <height>38</height>
                            <align>right</align>
                            <font>font16</font>
                            <textcolor>grey</textcolor>
                            <shadowcolor>black</shadowcolor>
                            <label>$INFO[ListItem.Property(City),,: ]</label>
                        </control>
                        <control type="label">
                            <left>300</left>
                            <top>0</top>
                            <width>900</width>
                            <height>38</height>
                            <align>left</align>
                            <font>font16</font>
                            <shadowcolor>black</shadowcolor>
                            <label>$INFO[ListItem.Property(Name)][COLOR=selected]$INFO[ListItem.Label2, (,)][/COLOR]</label>
                        </control>
                    </focusedlayout>
                    <content>
                        <item id="1">
                            <label>$INFO[Window(Home).Property(ArtistEvents.1.Artists)]</label>
                            <label2>$INFO[Window(Home).Property(ArtistEvents.1.Date)]</label2>
                            <property name="City">$INFO[Window(Home).Property(ArtistEvents.1.City)]</property>
                            <property name="Name">$INFO[Window(Home).Property(ArtistEvents.1.Name)]</property>
                            <onclick/>
                        </item>
                        <item id="2">
                            <label>$INFO[Window(Home).Property(ArtistEvents.2.Artists)]</label>
                            <label2>$INFO[Window(Home).Property(ArtistEvents.2.Date)]</label2>
                            <property name="City">$INFO[Window(Home).Property(ArtistEvents.2.City)]</property>
                            <property name="Name">$INFO[Window(Home).Property(ArtistEvents.2.Name)]</property>
                            <onclick/>
                        </item>
                        <item id="3">
                            <label>$INFO[Window(Home).Property(ArtistEvents.3.Artists)]</label>
                            <label2>$INFO[Window(Home).Property(ArtistEvents.3.Date)]</label2>
                            <property name="City">$INFO[Window(Home).Property(ArtistEvents.3.City)]</property>
                            <property name="Name">$INFO[Window(Home).Property(ArtistEvents.3.Name)]</property>
                            <onclick/>
                        </item>
                        <item id="4">
                            <label>$INFO[Window(Home).Property(ArtistEvents.4.Artists)]</label>
                            <label2>$INFO[Window(Home).Property(ArtistEvents.4.Date)]</label2>
                            <property name="City">$INFO[Window(Home).Property(ArtistEvents.4.City)]</property>
                            <property name="Name">$INFO[Window(Home).Property(ArtistEvents.4.Name)]</property>
                            <onclick/>
                        </item>
                        <item id="5">
                            <label>$INFO[Window(Home).Property(ArtistEvents.5.Artists)]</label>
                            <label2>$INFO[Window(Home).Property(ArtistEvents.5.Date)]</label2>
                            <property name="City">$INFO[Window(Home).Property(ArtistEvents.5.City)]</property>
                            <property name="Name">$INFO[Window(Home).Property(ArtistEvents.5.Name)]</property>
                            <onclick/>
                        </item>
                        <item id="6">
                            <label>$INFO[Window(Home).Property(ArtistEvents.6.Artists)]</label>
                            <label2>$INFO[Window(Home).Property(ArtistEvents.6.Date)]</label2>
                            <property name="City">$INFO[Window(Home).Property(ArtistEvents.6.City)]</property>
                            <property name="Name">$INFO[Window(Home).Property(ArtistEvents.6.Name)]</property>
                            <onclick/>
                        </item>
                        <item id="7">
                            <label>$INFO[Window(Home).Property(ArtistEvents.7.Artists)]</label>
                            <label2>$INFO[Window(Home).Property(ArtistEvents.7.Date)]</label2>
                            <property name="City">$INFO[Window(Home).Property(ArtistEvents.7.City)]</property>
                            <property name="Name">$INFO[Window(Home).Property(ArtistEvents.7.Name)]</property>
                            <onclick/>
                        </item>
                        <item id="8">
                            <label>$INFO[Window(Home).Property(ArtistEvents.8.Artists)]</label>
                            <label2>$INFO[Window(Home).Property(ArtistEvents.8.Date)]</label2>
                            <property name="City">$INFO[Window(Home).Property(ArtistEvents.8.City)]</property>
                            <property name="Name">$INFO[Window(Home).Property(ArtistEvents.8.Name)]</property>
                            <onclick/>
                        </item>
                        <item id="9">
                            <label>$INFO[Window(Home).Property(ArtistEvents.9.Artists)]</label>
                            <label2>$INFO[Window(Home).Property(ArtistEvents.9.Date)]</label2>
                            <property name="City">$INFO[Window(Home).Property(ArtistEvents.9.City)]</property>
                            <property name="Name">$INFO[Window(Home).Property(ArtistEvents.9.Name)]</property>
                            <onclick/>
                        </item>
                        <item id="10">
                            <label>$INFO[Window(Home).Property(ArtistEvents.10.Artists)]</label>
                            <label2>$INFO[Window(Home).Property(ArtistEvents.10.Date)]</label2>
                            <property name="City">$INFO[Window(Home).Property(ArtistEvents.10.City)]</property>
                            <property name="Name">$INFO[Window(Home).Property(ArtistEvents.10.Name)]</property>
                            <onclick/>
                        </item>
                    </content>
                </control>
            </control>
        </control>
    </include>
</includes>
