<?xml version="1.0" encoding="UTF-8"?>
<window>
    <defaultcontrol/>
	<backgroundcolor>grey3</backgroundcolor>
    <onload condition="Skin.HasSetting(fanart)+System.HasAddon(script.artistslideshow)+!Visualisation.Enabled">RunScript(script.artistslideshow)</onload>
    <include>openclose</include>
    <controls>
        <control type="group">
            <include>GlobalBackground</include>
            <control type="group">
                <visible>![Window.IsVisible(AddonSettings)|Window.IsVisible(SelectDialog)|Window.IsVisible(VisualisationPresetList)]</visible>
                <include>openclosevisibledelay</include>
                <control type="group">
                    <control type="group" id="3000">
                        <!-- Info Panels -->
                        <top>45</top>
                        <visible>!Window.IsVisible(script-XBMC_Lyrics-main.xml)+!Window.IsVisible(script-cu-lrclyrics-main.xml)+!Window.IsVisible(musicosd)</visible>
                        <visible>Skin.HasSetting(VizPanel)</visible>
                        <visible>Control.IsVisible(999)|Control.IsVisible(997)</visible>
                        <include>opencloseslidedown</include>
                        <control type="group">
                            <!-- SysteminfoPanel -->
                            <left>0</left>
                            <top>45</top>
                            <include>opencloseslidedown</include>
                            <control type="image">
                                <left>32</left>
                                <top>32</top>
                                <width>375</width>
                                <height>345</height>
                                <colordiffuse>menudiffuse</colordiffuse>
                                <texture background="true">BlackBack.png</texture>
                            </control>
                            <control type="grouplist">
                                <visible>Player.IsInternetStream|Pvr.IsPlayingRadio</visible>
                                <left>52</left>
                                <top>45</top>
                                <width>352</width>
                                <height>300</height>
                                <itemgap>-8</itemgap>
                                <control type="label">
                                    <description>XBMC XBE BUILD Version</description>
                                    <width>345</width>
                                    <align>left</align>
                                    <font>ubuntu-r13b</font>
                                    <textcolor>grey</textcolor>
                                    <shadowcolor>black</shadowcolor>
                                    <label>$INFO[System.BuildVersion]</label>
                                </control>
                                <control type="label">
                                    <description>Kernel</description>
                                    <width>345</width>
                                    <align>left</align>
                                    <font>ubuntu-r13b</font>
                                    <textcolor>grey</textcolor>
                                    <shadowcolor>black</shadowcolor>
                                    <label>$INFO[System.KernelVersion]</label>
                                </control>
                                <control type="label">
                                    <description>Screen</description>
                                    <width>345</width>
                                    <align>left</align>
                                    <font>ubuntu-r13b</font>
                                    <textcolor>grey</textcolor>
                                    <shadowcolor>black</shadowcolor>
                                    <label>$INFO[System.ScreenMode]</label>
                                </control>
                                <control type="label">
                                    <description>Network</description>
                                    <width>345</width>
                                    <align>left</align>
                                    <font>ubuntu-r13b</font>
                                    <textcolor>grey</textcolor>
                                    <shadowcolor>black</shadowcolor>
                                    <label>$INFO[Network.IPAddress]00$INFO[Network.MacAddress,|,]</label>
                                </control>
                                <control type="label">
                                    <description>FPS</description>
                                    <width>345</width>
                                    <font>ubuntu-r13b</font>
                                    <textcolor>grey</textcolor>
                                    <shadowcolor>black</shadowcolor>
                                    <label>FPS: $INFO[System.FPS]</label>
                                </control>
                                <control type="label">
                                    <description>CpuFrequency</description>
                                    <width>345</width>
                                    <font>ubuntu-r13b</font>
                                    <textcolor>grey</textcolor>
                                    <shadowcolor>black</shadowcolor>
                                    <label>CPU: $INFO[System.CpuFrequency]</label>
                                </control>
                                <control type="label">
                                    <description>CPU Text</description>
                                    <width>345</width>
                                    <font>ubuntu-r13b</font>
                                    <textcolor>grey</textcolor>
                                    <shadowcolor>black</shadowcolor>
                                    <label>$LOCALIZE[13271] $INFO[System.CPUUsage]</label>
                                </control>
                                <control type="label">
                                    <description>Memory Text</description>
                                    <width>345</width>
                                    <font>ubuntu-r13b</font>
                                    <textcolor>grey</textcolor>
                                    <shadowcolor>black</shadowcolor>
                                    <label>$LOCALIZE[31309] $INFO[system.memory(used.percent)]</label>
                                </control>
                            </control>
                            <control type="image">
                                <visible>!Player.IsInternetStream+!Pvr.IsPlayingRadio</visible>
                                <left>38</left>
                                <top>38</top>
                                <width>363</width>
                                <height>333</height>
                                <aspectratio>keep</aspectratio>
                                <texture fallback="center/Center_Fav.png">$INFO[Player.Art(clearlogo)]</texture>
                            </control>
                            <control type="image">
                                <left>30</left>
                                <top>30</top>
                                <width>378</width>
                                <height>348</height>
                                <texture border="5" background="true">masks/Default.png</texture>
                            </control>
                        </control>
                        <control type="group">
                            <!-- Nexttrackplaylist / Weather -->
                            <left>423</left>
                            <top>52</top>
                            <include>opencloseslidedown</include>
                            <control type="image">
                                <left>62</left>
                                <top>4</top>
                                <width>957</width>
                                <height>342</height>
                                <colordiffuse>menudiffuse</colordiffuse>
                                <texture background="true">BlackBack.png</texture>
                            </control>
                            <control type="group">
                                <visible>Player.IsInternetStream|Pvr.IsPlayingRadio</visible>
                                <control type="grouplist">
                                    <description>Control Area</description>
                                    <left>60</left>
                                    <top>0</top>
                                    <width>957</width>
                                    <height>345</height>
                                    <itemgap>1</itemgap>
                                    <orientation>vertical</orientation>
                                    <control type="multiimage">
                                        <description>current weather icon</description>
                                        <width>420</width>
                                        <height>345</height>
                                        <imagepath>$VAR[WeatherIconVar]$INFO[Window(Weather).Property(Day0.FanartCode)]$VAR[WeatherIconFolderVar]</imagepath>
                                        <timeperimage>100</timeperimage>
                                        <randomize>false</randomize>
                                        <fadetime>10</fadetime>
                                        <aspectratio>keep</aspectratio>
                                    </control>
                                </control>
                                <control type="image">
                                    <left>75</left>
                                    <top>246</top>
                                    <width>150</width>
                                    <height>90</height>
                                    <aspectratio align="left" aligny="bottom">keep</aspectratio>
                                    <texture background="true">$INFO[Window(Weather).Property(WeatherProviderLogo)]</texture>
                                </control>
                                <control type="grouplist">
                                    <description>Control Area</description>
                                    <left>75</left>
                                    <top>60</top>
                                    <width>900</width>
                                    <height>345</height>
                                    <itemgap>3</itemgap>
                                    <orientation>vertical</orientation>
                                    <control type="label">
                                        <width>900</width>
                                        <height>30</height>
                                        <font>ubuntu-r16b</font>
                                        <textcolor>selected</textcolor>
                                        <shadowcolor>black</shadowcolor>
                                        <align>right</align>
                                        <aligny>center</aligny>
                                        <label>[COLOR=grey]$LOCALIZE[35500]: [/COLOR]$INFO[Window(Weather).Property(Location)]</label>
                                    </control>
                                    <control type="label">
                                        <width>900</width>
                                        <height>30</height>
                                        <font>ubuntu-r16b</font>
                                        <textcolor>selected</textcolor>
                                        <shadowcolor>black</shadowcolor>
                                        <align>right</align>
                                        <aligny>center</aligny>
                                        <label>[COLOR=grey]$LOCALIZE[33020]: [/COLOR]$INFO[Window(Weather).Property(Current.Condition)]</label>
                                    </control>
                                    <control type="label">
                                        <width>900</width>
                                        <height>30</height>
                                        <font>ubuntu-r16b</font>
                                        <textcolor>selected</textcolor>
                                        <shadowcolor>black</shadowcolor>
                                        <align>right</align>
                                        <aligny>center</aligny>
                                        <label>[COLOR=grey]$LOCALIZE[143] [/COLOR]$INFO[Window(Weather).Property(Current.Temperature),,°]</label>
                                    </control>
                                    <control type="label">
                                        <width>900</width>
                                        <height>30</height>
                                        <font>ubuntu-r16b</font>
                                        <textcolor>selected</textcolor>
                                        <shadowcolor>black</shadowcolor>
                                        <align>right</align>
                                        <aligny>center</aligny>
                                        <label>[COLOR=grey]$LOCALIZE[376]: [/COLOR]$INFO[Window(Weather).Property(Daily.1.Precipitation),,]</label>
                                    </control>
                                    <control type="label">
                                        <width>900</width>
                                        <height>30</height>
                                        <font>ubuntu-r16b</font>
                                        <textcolor>selected</textcolor>
                                        <shadowcolor>black</shadowcolor>
                                        <align>right</align>
                                        <aligny>center</aligny>
                                        <label>[COLOR=grey]$LOCALIZE[33027]: [/COLOR]$INFO[Window(Weather).Property(Today.Sunrise),,]</label>
                                    </control>
                                    <control type="label">
                                        <width>900</width>
                                        <height>30</height>
                                        <font>ubuntu-r16b</font>
                                        <textcolor>selected</textcolor>
                                        <shadowcolor>black</shadowcolor>
                                        <align>right</align>
                                        <aligny>center</aligny>
                                        <label>[COLOR=grey]$LOCALIZE[33028]: [/COLOR]$INFO[Window(Weather).Property(Today.Sunset),,]</label>
                                    </control>
                                    <control type="label">
                                        <description>update label</description>
                                        <width>900</width>
                                        <height>30</height>
                                        <font>ubuntu-r16b</font>
                                        <textcolor>selected</textcolor>
                                        <shadowcolor>black</shadowcolor>
                                        <align>right</align>
                                        <aligny>center</aligny>
                                        <label>[COLOR=grey]$LOCALIZE[31301]: [/COLOR]$INFO[Window(Weather).Property(Updated),,]</label>
                                    </control>
                                </control>
                            </control>
                            <control type="group">
                                <visible>!Player.IsInternetStream+!Pvr.IsPlayingRadio</visible>
                                <control type="grouplist" id="555">
                                    <left>75</left>
                                    <top>15</top>
                                    <width>750</width>
                                    <height>1080</height>
                                    <align>left</align>
                                    <itemgap>0</itemgap>
                                    <orientation>vertical</orientation>
                                    <include>NextTracksPlaylist_Content</include>
                                </control>
                                <control type="label">
                                    <description>Partymode Header label</description>
                                    <animation effect="rotate" start="0" end="90" center="auto" time="0" condition="true">Conditional</animation>
                                    <left>825</left>
                                    <top>150</top>
                                    <width>345</width>
                                    <height>45</height>
                                    <font>font16</font>
                                    <align>center</align>
                                    <textcolor>grey</textcolor>
                                    <shadowcolor>black</shadowcolor>
                                    <label>($LOCALIZE[589] [COLOR=selected]$LOCALIZE[16041][/COLOR])</label>
                                    <visible>MusicPartyMode.Enabled</visible>
                                </control>
                            </control>
                            <control type="image">
                                <left>60</left>
                                <top>3</top>
                                <width>960</width>
                                <height>345</height>
                                <texture border="5" background="true">masks/Default.png</texture>
                            </control>
                        </control>
                        <control type="group">
                            <!-- Artistinfos / extrafanarts -->
                            <control type="group">
                                <left>405r</left>
                                <top>45</top>
                                <include>opencloseslidedown</include>
                                <control type="image">
                                    <left>1</left>
                                    <top>32</top>
                                    <width>375</width>
                                    <height>345</height>
                                    <colordiffuse>menudiffuse</colordiffuse>
                                    <texture background="true">BlackBack.png</texture>
                                </control>
                                <control type="grouplist">
                                    <description>Control Area</description>
                                    <left>15</left>
                                    <top>45</top>
                                    <width>345</width>
                                    <height>345</height>
                                    <itemgap>1</itemgap>
                                    <aligny>center</aligny>
                                    <orientation>vertical</orientation>
                                    <visible>!Player.IsInternetStream+!Pvr.IsPlayingRadio</visible>
                                    <control type="label">
                                        <width>345</width>
                                        <height>30</height>
                                        <font>font16</font>
                                        <textcolor>selected</textcolor>
                                        <shadowcolor>black</shadowcolor>
                                        <align>right</align>
                                        <aligny>center</aligny>
                                        <label>[COLOR=grey]$LOCALIZE[35500]: [/COLOR]$INFO[Window(Weather).Property(Location)]</label>
                                    </control>
                                    <control type="label">
                                        <width>345</width>
                                        <height>30</height>
                                        <font>font16</font>
                                        <textcolor>selected</textcolor>
                                        <shadowcolor>black</shadowcolor>
                                        <align>right</align>
                                        <aligny>center</aligny>
                                        <label>[COLOR=grey]$LOCALIZE[33020]: [/COLOR]$INFO[Window(Weather).Property(Current.Condition)]</label>
                                    </control>
                                    <control type="label">
                                        <width>345</width>
                                        <height>30</height>
                                        <font>font16</font>
                                        <textcolor>selected</textcolor>
                                        <shadowcolor>black</shadowcolor>
                                        <align>right</align>
                                        <aligny>center</aligny>
                                        <label>[COLOR=grey]$LOCALIZE[143] [/COLOR]$INFO[Window(Weather).Property(Current.Temperature),,°]</label>
                                    </control>
                                    <control type="label">
                                        <width>345</width>
                                        <height>30</height>
                                        <font>font16</font>
                                        <textcolor>selected</textcolor>
                                        <shadowcolor>black</shadowcolor>
                                        <align>right</align>
                                        <aligny>center</aligny>
                                        <label>[COLOR=grey]$LOCALIZE[376]: [/COLOR]$INFO[Window(Weather).Property(Daily.1.Precipitation),,]</label>
                                    </control>
                                    <control type="label">
                                        <width>345</width>
                                        <height>30</height>
                                        <font>font16</font>
                                        <textcolor>selected</textcolor>
                                        <shadowcolor>black</shadowcolor>
                                        <align>right</align>
                                        <aligny>center</aligny>
                                        <label>[COLOR=grey]$LOCALIZE[33027]: [/COLOR]$INFO[Window(Weather).Property(Today.Sunrise),,]</label>
                                    </control>
                                    <control type="label">
                                        <width>345</width>
                                        <height>30</height>
                                        <font>font16</font>
                                        <textcolor>selected</textcolor>
                                        <shadowcolor>black</shadowcolor>
                                        <align>right</align>
                                        <aligny>center</aligny>
                                        <label>[COLOR=grey]$LOCALIZE[33028]: [/COLOR]$INFO[Window(Weather).Property(Today.Sunset),,]</label>
                                    </control>
                                    <control type="label">
                                        <description>update label</description>
                                        <width>345</width>
                                        <height>30</height>
                                        <font>font16</font>
                                        <textcolor>selected</textcolor>
                                        <shadowcolor>black</shadowcolor>
                                        <align>right</align>
                                        <aligny>center</aligny>
                                        <label>[COLOR=grey]$LOCALIZE[31301]: [/COLOR]$INFO[Window(Weather).Property(Updated),,]</label>
                                    </control>
                                </control>
                                <control type="image">
                                    <left>8</left>
                                    <top>38</top>
                                    <width>363</width>
                                    <height>333</height>
                                    <aspectratio>scale</aspectratio>
                                    <texture background="true" fallback="center/Center_Fav.png">$INFO[MusicPlayer.Cover]</texture>
                                    <visible>Pvr.IsPlayingRadio</visible>
                                </control>
                                <control type="image">
                                    <visible>Player.IsInternetStream</visible>
                                    <left>0</left>
                                    <top>30</top>
                                    <width>378</width>
                                    <height>348</height>
                                    <aspectratio>keep</aspectratio>
                                    <texture background="true">DefaultStream.png</texture>
                                </control>
                                <control type="image">
                                    <left>0</left>
                                    <top>30</top>
                                    <width>378</width>
                                    <height>348</height>
                                    <texture border="5" background="true">masks/Default.png</texture>
                                </control>
                            </control>
                        </control>
                    </control>
                    <control type="group">
                        <visible>!Control.IsVisible(997)+!Control.IsVisible(3000)</visible>
                        <visible>Skin.HasSetting(playlist)</visible>
                        <include>opencloseslideup</include>
                        <include>NextTracksPlaylist</include>
                    </control>
                    <control type="group">
                        <visible>!Window.IsVisible(script-XBMC_Lyrics-main.xml)+!Window.IsVisible(script-cu-lrclyrics-main.xml)</visible>
                        <include>NavInfo</include>
                        <control type="group">
                            <animation effect="slide" end="0,30" condition="system.getbool(lookandfeel.enablerssfeeds)">Conditional</animation>
                            <visible>!Skin.HasSetting(VizPanel)</visible>
                            <include>BandLogo</include>
                        </control>
                        <control type="group">
                            <animation effect="fade" time="200">VisibleChange</animation>
                            <visible>![Window.IsVisible(AddonSettings) | Window.IsVisible(SelectDialog) | Window.IsVisible(VisualisationPresetList)]</visible>
                            <include>openclosevisible</include>
                            <control type="group" id="999">
                                <!-- standart Nowplaying @ Fullscreen -->
                                <visible>!Skin.HasSetting(onlyradioviz)+!Skin.HasSetting(altnowplaying)+[!Player.IsInternetStream|Skin.HasSetting(noradioviz)]</visible>
                                <visible>Player.ShowInfo | Window.IsActive(MusicOSD)|Player.Paused|Player.Forwarding|Player.Rewinding</visible>
                                <include>opencloseslideup</include>
                                <control type="group">
                                    <control type="image">
                                        <left>-15</left>
                                        <top>825</top>
                                        <width>1950</width>
                                        <height>270</height>
                                        <texture background="true">Shadow.png</texture>
                                        <visible>!Skin.HasSetting(playlist)|String.IsEmpty(MusicPlayer.Offset(1).Title)</visible>
                                        <include>opencloseslideup</include>
                                    </control>
                                    <control type="group">
                                        <!-- cdart @ standart NowPlaying -->
                                        <animation effect="slide" start="-150" end="0" time="900" tween="cubic" easing="out" delay="1500">WindowOpen</animation>
                                        <animation effect="slide" start="-150" end="0" time="900" tween="cubic" easing="out" delay="1500">Visible</animation>
                                        <animation type="WindowClose">
                                            <effect type="slide" start="0" end="-1500" time="100" tween="cubic" easing="in" delay="0" />
                                            <effect type="fade" start="100" end="0" time="50" />
                                            <condition type="!Player.Playing" />
                                        </animation>
                                        <left>291</left>
                                        <top>615</top>
                                        <include>cdart_player</include>
                                        <visible>Skin.HasSetting(EnableExtendedArt)</visible>
                                        <visible>!Player.IsInternetStream</visible>
                                        <animation effect="fade" time="200">VisibleChange</animation>
                                    </control>
                                    <control type="group">
                                        <description>NowPlaying</description>
                                        <left>8</left>
                                        <top>465</top>
                                        <animation effect="fade" time="200">VisibleChange</animation>
                                        <control type="image">
                                            <left>124</left>
                                            <top>144</top>
                                            <width>278</width>
                                            <height>278</height>
                                            <aspectratio scalediffuse="false">scale</aspectratio>
                                            <fadetime>400</fadetime>
                                            <texture background="true" diffuse="masks/CdCoverMask.png" fallback="DefaultAlbumCover.png">$INFO[MusicPlayer.Cover]</texture>
                                        </control>
                                        <control type="image">
                                            <left>0</left>
                                            <top>0</top>
                                            <height>540</height>
                                            <width>900</width>
                                            <texture background="true">masks/NowPlayingHome.png</texture>
                                        </control>
                                        <control type="image">
                                            <left>12</left>
                                            <top>406</top>
                                            <width>120</width>
                                            <height>120</height>
                                            <texture background="true">$VAR[OSDTexture]</texture>
                                        </control>
                                        <control type="label">
                                            <left>188</left>
                                            <top>470</top>
                                            <width>600</width>
                                            <height>30</height>
                                            <font>impacted21</font>
                                            <shadowcolor/>
                                            <label>$VAR[HomeOSDTitle]</label>
                                        </control>
                                        <control type="label">
                                            <left>188</left>
                                            <top>504</top>
                                            <width>630</width>
                                            <height>30</height>
                                            <font>impacted21</font>
                                            <shadowcolor/>
                                            <label>$VAR[HomeOSDLabel]</label>
                                        </control>
                                        <control type="progress">
                                            <description>Progressbar</description>
                                            <left>186</left>
                                            <top>438</top>
                                            <width>483</width>
                                            <height>15</height>
                                            <info>Pvr.EpgEventProgress</info>
											<visible>VideoPlayer.HasEpg</visible>
                                        </control>
                                        <control type="progress">
                                            <description>Progressbar</description>
                                            <left>186</left>
                                            <top>438</top>
                                            <width>483</width>
                                            <height>15</height>
                                            <info>Player.Progress</info>
											<visible>!VideoPlayer.HasEpg</visible>
                                        </control>
                                        <control type="label">
                                            <left>-2</left>
                                            <top>240</top>
                                            <width>225</width>
                                            <height>45</height>
                                            <align>left</align>
                                            <aligny>bottom</aligny>
                                            <font>impacted18</font>
                                            <shadowcolor/>
                                            <textcolor>white</textcolor>
                                            <label>$INFO[MusicPlayer.Album]</label>
                                            <animation effect="rotate" center="auto" end="90" time="0" condition="true">Conditional</animation>
                                        </control>
                                        <control type="image">
                                            <left>-150</left>
                                            <top>538</top>
                                            <width>1230</width>
                                            <height>1</height>
                                            <texture background="true">Separator2.png</texture>
                                        </control>
                                    </control>
                                    <control type="group">
                                        <left>0</left>
                                        <top>660</top>
                                        <animation effect="fade" time="200">VisibleChange</animation>
                                        <control type="group">
                                            <left>15</left>
                                            <top>360</top>
                                            <control type="image">
                                                <description>Audio Codec Image</description>
                                                <left>0</left>
                                                <top>0</top>
                                                <width>120</width>
                                                <height>52</height>
                                                <aspectratio align="right">keep</aspectratio>
                                                <texture background="true">$INFO[MusicPlayer.Channels,flagging/audio/,.png]</texture>
                                            </control>
                                            <control type="image">
                                                <description>Audio Codec Image</description>
                                                <left>135</left>
                                                <top>0</top>
                                                <width>120</width>
                                                <height>52</height>
                                                <aspectratio align="right">keep</aspectratio>
                                                <texture background="true">$INFO[MusicPlayer.Codec,flagging/audio/,.png]</texture>
                                            </control>
                                            <control type="label">
                                                <description>Audio Codec Image</description>
                                                <left>270</left>
                                                <top>0</top>
                                                <width>135</width>
                                                <height>52</height>
                                                <label>$INFO[MusicPlayer.BitRate,, kbit/s]</label>
                                                <visible>!String.IsEmpty(MusicPlayer.BitRate)</visible>
                                            </control>
                                            <control type="label">
                                                <description>Audio Codec Image</description>
                                                <left>420</left>
                                                <top>0</top>
                                                <width>120</width>
                                                <height>52</height>
                                                <label>$INFO[MusicPlayer.SampleRate,,kHz]</label>
                                                <visible>!String.IsEmpty(MusicPlayer.SampleRate)</visible>
                                            </control>
                                            <control type="image">
                                                <description>Rating</description>
                                                <left>540</left>
                                                <top>0</top>
                                                <width>165</width>
                                                <height>52</height>
                                                <aspectratio align="center">keep</aspectratio>
                                                <texture fallback="LeftRating/rating0.png">$INFO[Player.StarRating,LeftRating/]</texture>
                                                <visible>!Player.IsInternetStream</visible>
                                            </control>
                                        </control>
                                        <control type="label">
                                            <left>750r</left>
                                            <top>351</top>
                                            <width>720</width>
                                            <height>30</height>
                                            <align>right</align>
                                            <font>impacted54</font>
                                            <textcolor>white</textcolor>
                                            <shadowcolor/>
                                            <label>$VAR[SeekTimeLabelVar]$VAR[SeekDurationLabelVar,/,]</label>
                                            <visible>!String.IsEmpty(Player.TimeRemaining)</visible>
                                        </control>
                                    </control>
                                </control>
                            </control>
                            <control type="group" id="998">
                                <!-- alternative Nowplaying @ Fullscreen -->
                                <visible>!Skin.HasSetting(onlyradioviz)+Skin.HasSetting(altnowplaying)+[!Player.IsInternetStream|Skin.HasSetting(noradioviz)]</visible>
                                <visible>Player.ShowInfo|Window.IsActive(MusicOSD)|Player.Paused|Player.Forwarding|Player.Rewinding</visible>
                                <include>openclosevisible</include>
                                <control type="group">
                                    <include>openclosebox</include>
                                    <control type="image">
                                        <left>0</left>
                                        <top>0</top>
                                        <width>1920</width>
                                        <height>1080</height>
                                        <colordiffuse>fanartdiffuse</colordiffuse>
                                        <texture background="true">extras/backgrounds/03.jpg</texture>
                                        <visible>!Skin.HasSetting(playlist)|String.IsEmpty(MusicPlayer.Offset(1).Title)</visible>
                                    </control>
                                    <control type="image">
                                        <left>-15</left>
                                        <top>795</top>
                                        <width>1950</width>
                                        <height>300</height>
                                        <texture background="true">Shadow.png</texture>
                                        <include>opencloseslideup</include>
                                    </control>
                                    <control type="group">
                                        <animation effect="slide" end="-300" time="200" condition="Skin.HasSetting(playlist)+!String.IsEmpty(MusicPlayer.Offset(1).Title)">Conditional</animation>
                                        <control type="group">
                                            <left>810</left>
                                            <top>540</top>
                                            <control type="group">
                                                <visible>!String.IsEmpty(Player.TimeRemaining)</visible>
                                                <control type="image">
                                                    <left>465</left>
                                                    <top>165</top>
                                                    <width>162</width>
                                                    <height>162</height>
                                                    <texture background="true">cdart/circledisplay.png</texture>
                                                </control>
                                                <control type="label">
                                                    <left>492</left>
                                                    <top>224</top>
                                                    <width>105</width>
                                                    <height>45</height>
                                                    <align>center</align>
                                                    <font>impacted26</font>
                                                    <textcolor>grey3</textcolor>
                                                    <shadowcolor/>
                                                    <label>$VAR[SeekTimeRemainingLabelVar]</label>
                                                </control>
                                                <control type="group">
                                                    <include>openclosevisible</include>
                                                    <visible>Player.Forwarding|Player.Rewinding</visible>
                                                    <control type="label">
                                                        <left>525</left>
                                                        <top>180</top>
                                                        <width>45</width>
                                                        <height>45</height>
                                                        <align>center</align>
                                                        <font>impacted18</font>
                                                        <textcolor>grey3</textcolor>
                                                        <shadowcolor/>
                                                        <label>$VAR[OSDText]</label>
                                                    </control>
                                                    <control type="label">
                                                        <visible>Player.Forwarding</visible>
                                                        <visible>![Player.Forwarding16x|Player.Forwarding32x]</visible>
                                                        <left>540</left>
                                                        <top>262</top>
                                                        <width>105</width>
                                                        <height>45</height>
                                                        <align>left</align>
                                                        <font>impacted21</font>
                                                        <textcolor>grey3</textcolor>
                                                        <shadowcolor/>
                                                        <label>&gt;</label>
                                                    </control>
                                                    <control type="label">
                                                        <visible>Player.Forwarding16x|Player.Forwarding32x</visible>
                                                        <left>532</left>
                                                        <top>262</top>
                                                        <width>105</width>
                                                        <height>45</height>
                                                        <align>left</align>
                                                        <font>impacted21</font>
                                                        <textcolor>grey3</textcolor>
                                                        <shadowcolor/>
                                                        <label>&gt;&gt;</label>
                                                    </control>
                                                    <control type="label">
                                                        <visible>Player.Rewinding</visible>
                                                        <visible>![Player.Rewinding16x|Player.Rewinding32x]</visible>
                                                        <left>537</left>
                                                        <top>262</top>
                                                        <width>105</width>
                                                        <height>45</height>
                                                        <align>left</align>
                                                        <font>impacted21</font>
                                                        <textcolor>grey3</textcolor>
                                                        <shadowcolor/>
                                                        <label>$LOCALIZE[51459]</label>
                                                    </control>
                                                    <control type="label">
                                                        <visible>Player.Rewinding16x|Player.Rewinding32x</visible>
                                                        <left>528</left>
                                                        <top>262</top>
                                                        <width>105</width>
                                                        <height>45</height>
                                                        <align>left</align>
                                                        <font>impacted21</font>
                                                        <textcolor>grey3</textcolor>
                                                        <shadowcolor/>
                                                        <label>$LOCALIZE[51461]</label>
                                                    </control>
                                                </control>
                                                <control type="label">
                                                    <include>openclosevisible</include>
                                                    <visible>Player.Paused</visible>
                                                    <left>537</left>
                                                    <top>262</top>
                                                    <width>105</width>
                                                    <height>45</height>
                                                    <align>left</align>
                                                    <font>impacted21</font>
                                                    <textcolor>grey3</textcolor>
                                                    <shadowcolor/>
                                                    <label>II</label>
                                                </control>
                                            </control>
                                        </control>
                                        <control type="image">
                                            <left>594</left>
                                            <top>174</top>
                                            <width>732</width>
                                            <height>732</height>
                                            <texture background="true">cdart/circle.png</texture>
                                        </control>
                                        <control type="image">
                                            <description>Cd Disc</description>
                                            <left>832</left>
                                            <top>412</top>
                                            <width>255</width>
                                            <height>255</height>
                                            <texture colordiffuse="grey1" diffuse="masks/cdart_mask.png">White.png</texture>
                                            <visible>String.Contains(Control.GetLabel(80),Empty.png)|Player.IsInternetStream</visible>
                                        </control>
                                        <control type="group">
                                            <visible>Control.IsVisible(998)</visible>
                                            <control type="group">
                                                <visible>Player.HasAudio</visible>
                                                <left>608</left>
                                                <top>188</top>
                                                <width>708</width>
                                                <height>708</height>
                                                <animation effect="rotate" end="-360" center="auto" time="8000" loop="true" reversible="true" condition="!Player.Paused">Conditional</animation>
                                                <control type="image">
                                                    <description>Cd Disc</description>
                                                    <left>225</left>
                                                    <top>225</top>
                                                    <width>255</width>
                                                    <height>255</height>
                                                    <texture>Black.png</texture>
                                                </control>
                                                <control type="image" id="80">
                                                    <description>Cd Disc</description>
                                                    <left>225</left>
                                                    <top>225</top>
                                                    <width>255</width>
                                                    <height>255</height>
                                                    <texture fallback="Empty.png" background="true" diffuse="masks/cdart_mask.png">$INFO[Player.Art(discart)]</texture>
                                                    <visible>Skin.HasSetting(EnableExtendedArt)</visible>
                                                </control>
                                                <control type="image">
                                                    <left>0</left>
                                                    <top>0</top>
                                                    <width>708</width>
                                                    <height>708</height>
                                                    <texture background="true">cdart/default_vinyl.png</texture>
                                                </control>
                                                <control type="image" id="80">
                                                    <description>Cd Disc</description>
                                                    <left>225</left>
                                                    <top>225</top>
                                                    <width>255</width>
                                                    <height>255</height>
                                                    <texture background="true" diffuse="masks/cdart_mask.png">$INFO[MusicPlayer.Cover]</texture>
                                                    <visible>String.Contains(Control.GetLabel(80),Empty.png)|!Skin.HasSetting(EnableExtendedArt)</visible>
                                                </control>
                                                <control type="group">
                                                    <visible>!Player.IsInternetStream</visible>
                                                    <control type="label">
                                                        <left>270</left>
                                                        <top>255</top>
                                                        <width>186</width>
                                                        <height>186</height>
                                                        <font>aaaiight14</font>
                                                        <textcolor>white</textcolor>
                                                        <shadowcolor/>
                                                        <align>center</align>
                                                        <aligny>top</aligny>
                                                        <wrapmultiline>true</wrapmultiline>
                                                        <label>$INFO[MusicPlayer.Artist]</label>
                                                        <visible>String.Contains(Control.GetLabel(80),black.png)|!Skin.HasSetting(EnableExtendedArt)</visible>
                                                    </control>
                                                    <control type="label">
                                                        <left>255</left>
                                                        <top>258</top>
                                                        <animation effect="rotate" end="-180" center="auto" time="0" condition="true">Conditional</animation>
                                                        <width>186</width>
                                                        <height>186</height>
                                                        <font>aaaiight14</font>
                                                        <textcolor>white</textcolor>
                                                        <shadowcolor/>
                                                        <align>center</align>
                                                        <aligny>top</aligny>
                                                        <wrapmultiline>true</wrapmultiline>
                                                        <label>$INFO[MusicPlayer.Album]</label>
                                                        <visible>String.Contains(Control.GetLabel(80),black.png)|!Skin.HasSetting(EnableExtendedArt)</visible>
                                                    </control>
                                                </control>
                                            </control>
                                        </control>
                                        <control type="image">
                                            <left>382</left>
                                            <top>285</top>
                                            <width>357</width>
                                            <height>660</height>
                                            <texture background="true" flipy="true" flipx="true">cdart/arm.png</texture>
                                            <animation effect="rotate" end="-6" center="auto" time="0" condition="true">Conditional</animation>
                                        </control>
                                        <control type="image">
                                            <left>360</left>
                                            <top>1005</top>
                                            <width>1200</width>
                                            <height>1</height>
                                            <colordiffuse>menudiffuse</colordiffuse>
                                            <texture background="true">Separator2.png</texture>
                                            <include>opencloseslideup</include>
                                        </control>
                                        <control type="label">
                                            <left>360</left>
                                            <top>952</top>
                                            <width>1200</width>
                                            <height>45</height>
                                            <align>center</align>
                                            <font>ubuntu-r26b</font>
                                            <label>$INFO[MusicPlayer.Title]</label>
                                            <include>opencloseslideup</include>
                                        </control>
                                        <control type="label">
                                            <left>360</left>
                                            <top>1005</top>
                                            <width>1200</width>
                                            <height>45</height>
                                            <align>center</align>
                                            <font>ubuntu-r19b</font>
                                            <textcolor>grey</textcolor>
                                            <label>$VAR[HomeOSDTitle]</label>
                                            <include>opencloseslideup</include>
                                        </control>
                                    </control>
                                </control>
                                <control type="grouplist">
                                    <include>openclosemedium</include>
                                    <left>600</left>
                                    <top>105</top>
                                    <width>750</width>
                                    <height>300</height>
                                    <itemgap>3</itemgap>
                                    <align>center</align>
                                    <orientation>horizontal</orientation>
                                    <control type="image">
                                        <description>Rating</description>
                                        <left>540</left>
                                        <top>0</top>
                                        <width>165</width>
                                        <height>52</height>
                                        <aspectratio align="center">keep</aspectratio>
                                        <texture fallback="LeftRating/rating0.png">$INFO[Player.StarRating,LeftRating/]</texture>
                                        <visible>!Player.IsInternetStream</visible>
                                    </control>
                                    <control type="image">
                                        <description>Audio Channels Image</description>
                                        <left>0</left>
                                        <top>0</top>
                                        <width>120</width>
                                        <height>52</height>
                                        <aspectratio align="right">keep</aspectratio>
                                        <texture background="true">$INFO[MusicPlayer.Channels,flagging/audio/,.png]</texture>
                                    </control>
                                    <control type="image">
                                        <description>Audio Codec Image</description>
                                        <left>135</left>
                                        <top>0</top>
                                        <width>120</width>
                                        <height>52</height>
                                        <aspectratio align="right">keep</aspectratio>
                                        <texture background="true">$INFO[MusicPlayer.Codec,flagging/audio/,.png]</texture>
                                    </control>
                                    <control type="label">
                                        <description>Audio BitRate Image</description>
                                        <left>270</left>
                                        <top>0</top>
                                        <width>135</width>
                                        <height>52</height>
                                        <label>$INFO[MusicPlayer.BitRate,, kbit/s]</label>
                                        <visible>!String.IsEmpty(MusicPlayer.BitRate)</visible>
                                    </control>
                                    <control type="label">
                                        <description>Audio SampleRate Image</description>
                                        <left>405</left>
                                        <top>0</top>
                                        <width>120</width>
                                        <height>52</height>
                                        <label>$INFO[MusicPlayer.SampleRate,,kHz]</label>
                                        <visible>!String.IsEmpty(MusicPlayer.SampleRate)</visible>
                                    </control>
                                </control>
                            </control>
                            <control type="group" id="997">
                                <!-- Onlinestream / Radioview @ Fullscreen -->
                                <visible>[Player.IsInternetStream|Skin.HasSetting(onlyradioviz)]+[Player.ShowInfo|Window.IsActive(MusicOSD)|Player.Paused|Player.Forwarding|Player.Rewinding]</visible>
                                <visible>!Skin.HasSetting(noradioviz)</visible>
                                <left>0</left>
                                <top>0</top>
                                <control type="group">
                                    <include>openclose</include>
                                    <include>opencloseslideup</include>
                                    <animation effect="fade" start="100" end="50" time="200" condition="ControlGroup(9000).HasFocus()|ControlGroup(90000).HasFocus()|Control.HasFocus(9001)">Conditional</animation>
                                    <animation effect="fade" start="100" end="95" time="200" condition="Window.IsVisible(visualisation)">Conditional</animation>
                                    <control type="image">
                                        <left>-15</left>
                                        <top>878</top>
                                        <width>1950</width>
                                        <height>15</height>
                                        <colordiffuse>fanartdiffuse</colordiffuse>
                                        <texture background="true">Shadow.png</texture>
                                    </control>
                                    <control type="image">
                                        <left>-15</left>
                                        <top>891</top>
                                        <width>1950</width>
                                        <height>285</height>
                                        <colordiffuse>selectedhome</colordiffuse>
                                        <texture background="true">BackSilver.png</texture>
                                    </control>
                                    <control type="image">
                                        <left>-15</left>
                                        <top>891</top>
                                        <width>2250</width>
                                        <height>285</height>
                                        <texture background="true">Shadow.png</texture>
                                    </control>
                                </control>
                                <include>openclose</include>
                                <include>opencloseslideup</include>
                                <control type="group">
                                    <!-- Speaker -->
                                    <left>-165</left>
                                    <top>510</top>
                                    <control type="image">
                                        <include>opencloseslideright</include>
                                        <left>0</left>
                                        <top>0</top>
                                        <width>300</width>
                                        <height>450</height>
                                        <aspectratio align="left">keep</aspectratio>
                                        <texture border="8" background="true">masks/Speaker.png</texture>
                                    </control>
                                    <control type="image">
                                        <include>opencloseslideright</include>
                                        <left>8</left>
                                        <top>420</top>
                                        <width>300</width>
                                        <height>105</height>
                                        <colordiffuse>fanartdiffuse</colordiffuse>
                                        <texture border="8">ContentPanelMirror.png</texture>
                                    </control>
                                    <control type="image">
                                        <include>opencloseslideleft</include>
                                        <left>135r</left>
                                        <top>0</top>
                                        <width>300</width>
                                        <height>450</height>
                                        <aspectratio align="left">keep</aspectratio>
                                        <texture background="true" border="8" flipx="true">masks/Speaker.png</texture>
                                    </control>
                                    <control type="image">
                                        <include>opencloseslideleft</include>
                                        <left>142r</left>
                                        <top>420</top>
                                        <width>300</width>
                                        <height>105</height>
                                        <colordiffuse>fanartdiffuse</colordiffuse>
                                        <texture border="8">ContentPanelMirror.png</texture>
                                    </control>
                                </control>
                                <control type="group">
                                    <description>NowPlaying</description>
                                    <include>opencloseslideup</include>
                                    <left>392</left>
                                    <top>660</top>
                                    <control type="group">
                                        <left>60</left>
                                        <control type="image">
                                            <left>30</left>
                                            <top>306</top>
                                            <width>957</width>
                                            <height>120</height>
                                            <texture flipy="true" border="8" background="true">Shadow.png</texture>
                                        </control>
                                        <control type="image">
                                            <left>15</left>
                                            <top>351</top>
                                            <width>988</width>
                                            <height>264</height>
                                            <colordiffuse>fanartdiffuse</colordiffuse>
                                            <aspectratio>stretch</aspectratio>
                                            <texture flipy="true" border="15" background="true" diffuse="ContentPanelMirror3.png">masks/Radio.png</texture>
                                        </control>
                                        <control type="image">
                                            <left>15</left>
                                            <top>90</top>
                                            <width>987</width>
                                            <height>264</height>
                                            <aspectratio>stretch</aspectratio>
                                            <texture border="10" background="true">masks/Radio.png</texture>
                                        </control>
                                    </control>
                                    <control type="group">
                                        <left>15</left>
                                        <animation effect="slide" start="0" end="60" time="0" reversible="true" condition="!Skin.HasSetting(animation)">Conditional</animation>
                                        <control type="image">
                                            <left>0</left>
                                            <top>90</top>
                                            <width>987</width>
                                            <height>264</height>
                                            <aspectratio>stretch</aspectratio>
                                            <colordiffuse>description</colordiffuse>
                                            <texture border="5" background="true">masks/Radiodisplay.png</texture>
                                        </control>
                                        <control type="image">
                                            <left>546</left>
                                            <top>162</top>
                                            <width>3</width>
                                            <height>102</height>
                                            <colordiffuse>menudiffuse</colordiffuse>
                                            <texture border="1" background="true">Separator4.png</texture>
                                        </control>
                                        <control type="image">
                                            <left>723</left>
                                            <top>162</top>
                                            <width>3</width>
                                            <height>102</height>
                                            <colordiffuse>menudiffuse</colordiffuse>
                                            <texture border="1" background="true">Separator4.png</texture>
                                        </control>
                                        <control type="image">
                                            <left>734</left>
                                            <top>159</top>
                                            <width>105</width>
                                            <height>105</height>
                                            <aspectratio>keep</aspectratio>
                                            <texture diffuse="masks/mask.png" background="true">$INFO[MusicPlayer.Cover]</texture>
                                        </control>
                                        <control type="image">
                                            <left>136</left>
                                            <top>150</top>
                                            <width>711</width>
                                            <height>122</height>
                                            <texture border="1" background="true">GlassOverlay.png</texture>
                                        </control>
                                        <control type="group">
                                            <visible>!player.passthrough+Skin.HasSetting(animation)</visible>
                                            <left>864</left>
                                            <top>135</top>
                                            <control type="image">
                                                <description>Lite Volume Logo</description>
                                                <left>0</left>
                                                <top>0</top>
                                                <width>150</width>
                                                <height>150</height>
                                                <aspectratio>stretch</aspectratio>
                                                <texture background="true">VolumeButtonScala.png</texture>
                                            </control>
                                            <control type="image">
                                                <description>Lite Volume Logo</description>
                                                <include>PlayerVolume</include>
                                                <left>0</left>
                                                <top>0</top>
                                                <width>150</width>
                                                <height>150</height>
                                                <aspectratio>stretch</aspectratio>
                                                <texture background="true">VolumeButton.png</texture>
                                            </control>
                                        </control>
                                        <control type="group">
                                            <!-- StreamInfos OnlineStream -->
                                            <visible>Player.IsInternetStream</visible>
                                            <left>45</left>
                                            <top>156</top>
                                            <control type="group">
                                                <control type="label">
                                                    <left>516</left>
                                                    <top>3</top>
                                                    <width>150</width>
                                                    <height>30</height>
                                                    <align>right</align>
                                                    <font>lcd14</font>
                                                    <textcolor>grey3</textcolor>
                                                    <label>$INFO[MusicPlayer.PlaylistPosition]$INFO[MusicPlayer.PlaylistLength,[COLOR=grey2]/[/COLOR],]</label>
                                                </control>
                                                <control type="label">
                                                    <description>QualiInfo</description>
                                                    <left>516</left>
                                                    <top>27</top>
                                                    <width>150</width>
                                                    <height>30</height>
                                                    <align>right</align>
                                                    <label>$INFO[MusicPlayer.Codec]</label>
                                                    <font>lcd14</font>
                                                    <textcolor>grey3</textcolor>
                                                    <textoffsetx>0</textoffsetx>
                                                </control>
                                                <control type="label">
                                                    <description>QualiInfo</description>
                                                    <left>516</left>
                                                    <top>54</top>
                                                    <width>150</width>
                                                    <height>30</height>
                                                    <align>right</align>
                                                    <label>$INFO[MusicPlayer.BitRate, , kbit/s]</label>
                                                    <font>lcd14</font>
                                                    <textcolor>grey3</textcolor>
                                                    <textoffsetx>0</textoffsetx>
                                                </control>
                                                <control type="label">
                                                    <description>QualiInfo</description>
                                                    <left>516</left>
                                                    <top>81</top>
                                                    <width>150</width>
                                                    <height>30</height>
                                                    <align>right</align>
                                                    <label>$INFO[MusicPlayer.SampleRate,, KHz]$INFO[MusicPlayer.Channels, , CH]</label>
                                                    <font>lcd14</font>
                                                    <textcolor>grey3</textcolor>
                                                    <textoffsetx>0</textoffsetx>
                                                </control>
                                            </control>
                                            <control type="label">
                                                <description>Artist</description>
                                                <left>96</left>
                                                <top>0</top>
                                                <width>399</width>
                                                <height>45</height>
                                                <scroll>true</scroll>
                                                <align>center</align>
                                                <font>lcd21</font>
                                                <label>$VAR[HomeOSDTitle]</label>
                                            </control>
                                            <control type="label">
                                                <description>Artist</description>
                                                <left>96</left>
                                                <top>39</top>
                                                <width>399</width>
                                                <height>45</height>
                                                <scroll>true</scroll>
                                                <align>center</align>
                                                <font>lcd21</font>
                                                <label>$VAR[HomeOSDLabel]</label>
                                            </control>
                                            <control type="fadelabel">
                                                <description>GenreInfo</description>
                                                <left>96</left>
                                                <top>81</top>
                                                <width>399</width>
                                                <height>30</height>
                                                <align>center</align>
                                                <scroll>true</scroll>
                                                <scrollout>true</scrollout>
                                                <pauseatend>2000</pauseatend>
                                                <label></label>
                                                <info>MusicPlayer.Genre</info>
                                                <font>lcd14</font>
                                                <textcolor>grey3</textcolor>
                                                <textoffsetx>0</textoffsetx>
                                            </control>
                                        </control>
                                        <control type="group">
                                            <!-- StreamInfos non OnlineStream -->
                                            <visible>!Player.IsInternetStream</visible>
                                            <left>45</left>
                                            <top>156</top>
                                            <control type="group">
                                                <control type="label">
                                                    <left>516</left>
                                                    <top>3</top>
                                                    <width>150</width>
                                                    <height>30</height>
                                                    <align>right</align>
                                                    <font>lcd14</font>
                                                    <textcolor>grey3</textcolor>
                                                    <label>$INFO[MusicPlayer.PlaylistPosition]$INFO[MusicPlayer.PlaylistLength,[COLOR=grey2]/[/COLOR],]</label>
                                                </control>
                                                <control type="label" id="5">
                                                    <description>QualiInfo</description>
                                                    <left>516</left>
                                                    <top>27</top>
                                                    <width>150</width>
                                                    <height>30</height>
                                                    <align>right</align>
                                                    <label>$INFO[MusicPlayer.Codec]</label>
                                                    <font>lcd14</font>
                                                    <textcolor>grey3</textcolor>
                                                    <textoffsetx>0</textoffsetx>
                                                </control>
                                                <control type="label" id="7">
                                                    <description>QualiInfo</description>
                                                    <left>516</left>
                                                    <top>54</top>
                                                    <width>150</width>
                                                    <height>30</height>
                                                    <align>right</align>
                                                    <label>$INFO[MusicPlayer.BitRate, , kbit/s]</label>
                                                    <font>lcd14</font>
                                                    <textcolor>grey3</textcolor>
                                                    <textoffsetx>0</textoffsetx>
                                                </control>
                                                <control type="label" id="8">
                                                    <description>QualiInfo</description>
                                                    <left>516</left>
                                                    <top>81</top>
                                                    <width>150</width>
                                                    <height>30</height>
                                                    <align>right</align>
                                                    <label>$INFO[MusicPlayer.SampleRate,, KHz]$INFO[MusicPlayer.Channels, , CH]</label>
                                                    <font>lcd14</font>
                                                    <textcolor>grey3</textcolor>
                                                    <textoffsetx>0</textoffsetx>
                                                </control>
                                            </control>
                                            <control type="fadelabel" id="4">
                                                <description>GenreInfo</description>
                                                <left>96</left>
                                                <top>81</top>
                                                <width>399</width>
                                                <height>30</height>
                                                <align>center</align>
                                                <scroll>true</scroll>
                                                <scrollout>true</scrollout>
                                                <pauseatend>2000</pauseatend>
                                                <info>MusicPlayer.Genre</info>
                                                <font>lcd14</font>
                                                <textcolor>grey3</textcolor>
                                                <textoffsetx>0</textoffsetx>
                                            </control>
                                            <control type="label" id="3">
                                                <description>Artist</description>
                                                <left>96</left>
                                                <top>-3</top>
                                                <width>399</width>
                                                <height>45</height>
                                                <scroll>true</scroll>
                                                <align>center</align>
                                                <font>lcd21</font>
                                                <label>$VAR[HomeOSDTitle]</label>
                                                <visible>!Player.IsInternetStream</visible>
                                            </control>
                                            <control type="label" id="2">
                                                <description>Titel</description>
                                                <left>96</left>
                                                <top>33</top>
                                                <width>399</width>
                                                <height>45</height>
                                                <scroll>true</scroll>
                                                <align>center</align>
                                                <font>lcd21</font>
                                                <label>$VAR[HomeOSDLabel]</label>
                                            </control>
                                        </control>
                                    </control>
                                    <control type="label">
                                        <left>390</left>
                                        <top>360</top>
                                        <width>338</width>
                                        <height>45</height>
                                        <align>center</align>
                                        <font>lcd28</font>
                                        <textcolor>grey</textcolor>
                                        <label>$VAR[SeekTimeLabelVar,,]$VAR[SeekDurationLabelVar, / ,]</label>
                                        <visible>!String.IsEmpty(Player.TimeRemaining)</visible>
                                    </control>
                                </control>
                            </control>
                        </control>
                    </control>
                    <control type="group">
                        <!-- musicoverlay -->
                        <visible>Skin.HasSetting(musicoverlay_stream)</visible>
                        <visible>![Player.ShowInfo|Window.IsActive(MusicOSD)|Player.Paused|Player.Forwarding|Player.Rewinding]</visible>
                        <visible>!Window.IsVisible(script-XBMC_Lyrics-main.xml)+!Window.IsVisible(script-cu-lrclyrics-main.xml)</visible>
                        <include>opencloseslideup</include>
                        <control type="group">
                            <left>0</left>
                            <top>-22r</top>
                            <control type="group">
                                <control type="image">
                                    <left>30</left>
                                    <top>240r</top>
                                    <width>195</width>
                                    <height>195</height>
                                    <aspectratio>stretch</aspectratio>
                                    <texture background="true" diffuse="masks/Mask.png">$INFO[MusicPlayer.Cover]</texture>
                                </control>
                                <control type="image">
                                    <left>30</left>
                                    <top>240r</top>
                                    <width>195</width>
                                    <height>195</height>
                                    <aspectratio>stretch</aspectratio>
                                    <colordiffuse>menudiffuse</colordiffuse>
                                    <texture background="true" border="4">masks/Default.png</texture>
                                </control>
                                <control type="group">
                                    <top>-180</top>
                                    <control type="label">
                                        <description>Duration</description>
                                        <left>240</left>
                                        <top>15</top>
                                        <width>450</width>
                                        <scroll>true</scroll>
                                        <align>left</align>
                                        <label>$INFO[$VAR[SeekTimeRemainingLabelVar]]</label>
                                        <font>ubuntu-r21</font>
                                        <shadowcolor>grey3</shadowcolor>
                                        <visible>!String.IsEmpty(Player.TimeRemaining)</visible>
                                    </control>
                                    <control type="group">
                                        <left>210</left>
                                        <top>52</top>
                                        <control type="label">
                                            <description>Artist</description>
                                            <left>30</left>
                                            <top>0</top>
                                            <width>855</width>
                                            <scroll>true</scroll>
                                            <align>left</align>
                                            <label>$VAR[HomeOSDTitle]</label>
                                            <font>ubuntu-r21</font>
                                            <shadowcolor>grey3</shadowcolor>
                                        </control>
                                        <control type="label">
                                            <description>Titel</description>
                                            <left>30</left>
                                            <top>38</top>
                                            <width>855</width>
                                            <scroll>true</scroll>
                                            <align>left</align>
                                            <label>$VAR[HomeOSDLabel]</label>
                                            <font>ubuntu-r21</font>
                                            <shadowcolor>grey3</shadowcolor>
                                        </control>
                                    </control>
                                </control>
                            </control>
                        </control>
                    </control>
                    <control type="group">
                        <!-- rss -->
                        <left>-30</left>
                        <top>45</top>
                        <visible>!Window.IsActive(MusicOSD)</visible>
                        <visible>!Window.IsVisible(script-XBMC_Lyrics-main.xml)+!Window.IsVisible(script-cu-lrclyrics-main.xml)</visible>
                        <animation effect="slide" start="0" end="0,-45" time="200" condition="!Player.ShowInfo">Conditional</animation>
                        <include>RSS</include>
                    </control>
                    <control type="group">
                        <visible>!Window.IsVisible(script-XBMC_Lyrics-main.xml)+!Window.IsVisible(script-cu-lrclyrics-main.xml)</visible>
                        <include>opencloseslidedown</include>
                        <visible>Player.ShowInfo+!Window.IsActive(MusicOSD)</visible>
                        <include>Clock</include>
                    </control>
                </control>
            </control>
            <control type="group">
                <visible>!Control.IsVisible(999)+!Control.IsVisible(998)</visible>
                <include>OSDTexture</include>
            </control>
            <control type="image">
                <description>background</description>
                <include>openclosefanart</include>
                <include>openclosevisible</include>
                <left>-15</left>
                <top>-15</top>
                <width>1950</width>
                <height>840</height>
                <colordiffuse>grey2</colordiffuse>
                <texture background="true" flipy="true">ShadowWhite.png</texture>
                <visible>Window.IsVisible(musicosd)</visible>
            </control>
        </control>
    </controls>
</window>
