<?xml version="1.0" encoding="UTF-8"?>
<window>
	<defaultcontrol always="true">50</defaultcontrol>
	<backgroundcolor>grey3</backgroundcolor>
	<background>grey</background>
	<views>50</views>
    <controls>
        <include>BackgroundMyNavs</include>
        <control type="group" id="777">
			<include>View_50_List</include>
		</control>
        <control type="group">
            <visible>!Skin.HasSetting(KioskMode)</visible>
            <include>SidePanelAnimation</include>
            <include>SidePanelBackground</include>
            <control type="grouplist" id="9000">
                <include>SidePanelProperty</include>
                <!-- <control type="button" id="1">
                    <description>View</description>
                    <label>31006</label>
                    <include>SidePanelButton</include>
                    <onclick>Control.SetFocus(9001)</onclick>
                    <visible>!Container.Content(files)</visible>
                </control> -->
                <control type="radiobutton" id="20">
                    <description>Shuffle button</description>
                    <include>SidePanelButton</include>
                    <label>191</label>
                </control>
                <control type="button" id="26">
                    <description>Repeat button</description>
                    <textwidth>352</textwidth>
                    <include>SidePanelButton</include>
                    <label/>
                </control>
                <control type="button" id="21">
                    <description>Save button</description>
                    <label>190</label>
                    <textwidth>352</textwidth>
                    <include>SidePanelButton</include>
                </control>
                <control type="button" id="22">
                    <description>Clear button</description>
                    <label>192</label>
                    <onclick>ReplaceWindow(music)</onclick>
                    <textwidth>352</textwidth>
                    <include>SidePanelButton</include>
                </control>
            </control>
            <include>SidePanelNavigation</include>
        </control>
        <include>SidePanelShortcuts</include>
        <include>ViewTypeList</include>
        <include>custom_settings_rightpanel</include>
        <include>Clock</include>
        <include>NavInfo</include>
        <include>BehindDialogFadeOut</include>
        <include>TouchButtons</include>
    </controls>
</window>
