<?xml version="1.0" encoding="UTF-8"?>
<window>
    <defaultcontrol always="true">777</defaultcontrol>
	<backgroundcolor>grey3</backgroundcolor>
    <menucontrol>9000</menucontrol>
    <include>ViewidVideo</include>
    <onload condition="!Skin.HasSetting(firstrun1_horizonzv)">ActivateWindow(1140)</onload>
    <controls>
        <include>fakebutton_visible_bkg</include>
        <include>BackgroundMyNavs</include>
        <include>ViewsVideo</include>
        <control type="group">
            <visible>!Skin.HasSetting(KioskMode)</visible>
            <include>SidePanelAnimation</include>
            <include>SidePanelBackground</include>
            <control type="grouplist" id="9000">
                <include>SidePanelProperty</include>
                <control type="button" id="1">
                    <description>View</description>
                    <label>31006</label>
                    <include>SidePanelButton</include>
                    <onclick>Control.SetFocus(9001)</onclick>
                </control>
                <!-- <control type="button" id="2">
					<description>Sort by button</description>
					<include>SidePanelButton</include>
					<label>Views</label>
				</control> -->
                <control type="button" id="3">
                    <description>Sort by button</description>
                    <include>SidePanelButton</include>
                    <label>103</label>
                </control>
                <control type="togglebutton" id="4">
                    <description>Sort asc</description>
                    <include>SidePanelToggleButton</include>
                    <label>31051</label>
                    <altlabel>31050</altlabel>
                    <usealttexture>Container.SortDirection(Ascending)</usealttexture>
                </control>
                <control type="edit" id="19">
                    <visible>Container.CanFilter + !Container.CanFilterAdvanced</visible>
                    <description>Filter</description>
                    <textwidth>345</textwidth>
                    <include>SidePanelButton</include>
                    <label>587</label>
                </control>
                <control type="radiobutton" id="98">
                    <visible>Container.CanFilterAdvanced</visible>
                    <description>Filter</description>
                    <include>SidePanelToggleButton</include>
                    <label>587</label>
                    <selected>Container.Filtered</selected>
                    <onclick>right</onclick>
                    <onclick>Filter</onclick>
                </control>
                <control type="radiobutton" id="99">
                    <description>Show Info Toggle</description>
                    <include>SidePanelToggleButton</include>
                    <label>31005</label>
                    <onclick>Skin.ToggleSetting(View508HideInfo)</onclick>
                    <selected>Skin.HasSetting(View508HideInfo)</selected>
                    <visible>Control.IsVisible(508)</visible>
                </control>
                <!-- <control type="radiobutton" id="14">
                    <description>Watched Toggle</description>
                    <include>SidePanelToggleButton</include>
                    <label>20367</label>
                </control> -->
				<control type="button" id="10">
                    <description>Watched Toggle</description>
                    <include>SidePanelToggleButton</include>
					<label2>$INFO[Container.NumItems]</label2>
				</control>
                <control type="button" id="8">
                    <description>Search</description>
                    <include>SidePanelButton</include>
                    <label>137</label>
                </control>
                <control type="radiobutton" id="16">
                    <description>PartyMode</description>
                    <label>589</label>
                    <include>SidePanelToggleButton</include>
                    <visible>Container.Content(MusicVideos)</visible>
                </control>
                <control type="radiobutton" id="11">
                    <description>Unlock Shares</description>
                    <include>SidePanelToggleButton</include>
                    <label>20336</label>
                    <onclick>mastermode</onclick>
                    <selected>system.ismaster</selected>
                    <visible>system.haslocks</visible>
                </control>
                <control type="togglebutton" id="20">
                    <description>Update library</description>
                    <include>SidePanelToggleButton</include>
                    <label>653</label>
                    <altlabel>13353</altlabel>
                    <usealttexture>library.isscanningvideo</usealttexture>
                </control>
                <control type="button" id="210">
                    <description>Select genre icons</description>
                    <include>SidePanelButton</include>
                    <label>51465</label>
                    <onclick>RunScript(script.image.resource.select,property=moviegenreicons&amp;type=resource.images.moviegenreicons)</onclick>
                    <visible>System.HasAddon(script.image.resource.select)+Container.Content(genres)</visible>
                </control>
                <control type="button" id="212">
                    <description>Select Studio icons</description>
                    <include>SidePanelButton</include>
                    <label>51463</label>
                    <onclick>RunScript(script.image.resource.select,property=studiologos&amp;type=resource.images.studios)</onclick>
                    <visible>System.HasAddon(script.image.resource.select)+[Control.IsVisible(9898)|Container.Content(studios)]</visible>
                </control>
            </control>
            <include>SidePanelNavigation</include>
        </control>
        <include>SidePanelShortcuts</include>
        <include>ViewTypeList</include>
        <include>custom_settings_rightpanel</include>
        <include>Clock</include>
        <control type="group">
            <include>NavInfo</include>
            <visible>!Control.IsVisible(740)</visible>
        </control>
        <include>BehindDialogFadeOut</include>
        <include>TouchButtons</include>
    </controls>
</window>
