<?xml version="1.0" encoding="UTF-8"?>
<window>
    <defaultcontrol>3</defaultcontrol>
	<backgroundcolor>grey3</backgroundcolor>
    <menucontrol>9000</menucontrol>
    <include>openclose</include>
    <controls>
        <include>Multiimage</include>
        <control type="group">
            <include>BlackBack</include>
            <visible>!Skin.HasSetting(animation)+!Skin.HasSetting(background_dim_1)+!Skin.HasSetting(background_dim_2)+!Skin.HasSetting(background_dim_3)</visible>
        </control>
		<control type="group">
			<left></left>
			<top>-255</top>
			<control type="group"> <!-- Design -->
				<include>opencloseslidedown</include>
				<control type="group">
					<control type="image">
						<left>-15</left>
						<top>480</top>
						<width>1950</width>
						<height>70</height>
						<colordiffuse>$VAR[BackgroundOverlayColorDialog]</colordiffuse>
						<texture>White.png</texture>
					</control>
					<control type="image">
						<left>-15</left>
						<top>393</top>
						<width>1950</width>
						<height>96</height>
						<texture background="true">MenuStripe.png</texture>
					</control>
					<control type="group">
						<control type="image">
							<description>Arrow</description>
							<left>18</left>
							<top>428</top>
							<width>24</width>
							<height>27</height>
							<texture background="true">ArrowBig.png</texture>
						</control>
						<control type="label">
							<left>51</left>
							<top>418</top>
							<height>45</height>
							<width>525</width>
							<align>left</align>
							<textcolor>description</textcolor>
							<shadowcolor>grey3</shadowcolor>
							<font>impacted21</font>
							<label>SP</label>
						</control>
						<control type="label">
							<left>150</left>
							<top>418</top>
							<height>45</height>
							<width>675</width>
							<align>right</align>
							<textcolor>description</textcolor>
							<shadowcolor>grey3</shadowcolor>
							<font>impacted21</font>
							<label>Level: $INFO[Control.GetLabel(20)]</label>
						</control>
						<control type="button">
							<left>525</left>
							<top>418</top>
							<height>45</height>
							<width>300</width>
							<label/>
							<texturenofocus/>
							<texturefocus/>
							<onclick>SettingsLevelChange</onclick>
							<onup>3</onup>
							<ondown>3</ondown>
							<onleft>3</onleft>
							<onright>3</onright>
						</control>
					</control>
				</control>
				<control type="group">
					<left>855</left>
					<top>300</top>
					<control type="image">
						<left>12</left>
						<top>69</top>
						<width>510</width>
						<height>112</height>
						<texture>Black.png</texture>
					</control>
					<control type="image">
						<left>0</left>
						<top>57</top>
						<width>532</width>
						<height>141</height>
						<texture border="6">buttons/MenuButton.png</texture>
					</control>
					<control type="image">
						<left>0</left>
						<top>57</top>
						<width>532</width>
						<height>141</height>
						<colordiffuse>EFFFFFFF</colordiffuse>
						<texture background="true">buttons/MenuButton.png</texture>
					</control>
					<control type="label">
						<left>0</left>
						<top>30</top>
						<height>102</height>
						<width>525</width>
						<align>center</align>
						<aligny>center</aligny>
						<textcolor>white</textcolor>
						<font>lcd14</font>
						<label>$LOCALIZE[31112]</label>
					</control>
					<control type="label">
						<left>30</left>
						<top>87</top>
						<height>102</height>
						<width>480</width>
						<align>center</align>
						<aligny>center</aligny>
						<textcolor>white</textcolor>
						<shadowcolor>grey3</shadowcolor>
						<font>impacted36</font>
						<label>$INFO[Control.GetLabel(2)]</label>
					</control>
				</control>
			</control>
			<control type="group">
				<include>opencloseslidedown</include>
				<control type="group">
					<left>-10</left>
					<top>506</top>
					<include>openclosevisible</include>
					<visible>ControlGroup(3).HasFocus()</visible>
					<control type="image">
						<include>openclosevisible</include>
						<description>Arrow for List 50</description>
						<left>20</left>
						<top>0</top>
						<width>18</width>
						<height>27</height>
						<texture background="true">ArrowBig.png</texture>
						<visible>Container(3).HasPrevious</visible>
					</control>
					<control type="image">
						<include>openclosevisible</include>
						<description>Arrow</description>
						<left>1902</left>
						<top>0</top>
						<width>18</width>
						<height>27</height>
						<texture background="true" flipx="true">ArrowBig.png</texture>
						<visible>Container(3).HasNext</visible>
					</control>
				</control>
				<control type="grouplist" id="3">
					<description>button area</description>
					<left>38</left>
					<top>496</top>
					<width>1845</width>
					<height>60</height>
					<itemgap>30</itemgap>
					<orientation>horizontal</orientation>
					<onleft>9000</onleft>
					<onright>3</onright>
					<onup>5</onup>
					<ondown>5</ondown>
					<align>center</align>
				</control>
				<control type="grouplist" id="5">
					<description>control area</description>
					<left>135</left>
					<top>585</top>
					<width>1650</width>
					<height>585</height>
					<onup>5</onup>
					<ondown>5</ondown>
					<onleft>3</onleft>
					<onright>3</onright>
				</control>
				<control type="textbox" id="6">
					<description>description area</description>
					<left>48</left>
					<top>1185</top>
					<width>1860</width>
					<height>158</height>
					<align>left</align>
					<font>font13</font>
					<textcolor>description</textcolor>
					<shadowcolor>black</shadowcolor>
				</control>
				<control type="button" id="7">
					<description>Default Button</description>
					<left>0</left>
					<top>32</top>
					<width>1734</width>
					<height>45</height>
					<texturenofocus colordiffuse="menudiffuse" border="2">buttons/ButtonNFlight.png</texturenofocus>
					<pulseonselect>false</pulseonselect>
					<align>left</align>
					<aligny>center</aligny>
				</control>
				<control type="radiobutton" id="8">
					<description>Default RadioButton</description>
					<left>0</left>
					<top>32</top>
					<width>1734</width>
					<height>45</height>
					<texturenofocus colordiffuse="menudiffuse" border="2">buttons/ButtonNFlight.png</texturenofocus>
					<pulseonselect>false</pulseonselect>
					<align>left</align>
					<aligny>center</aligny>
				</control>
				<control type="spincontrolex" id="9">
					<description>Default SpinControlex</description>
					<left>0</left>
					<top>32</top>
					<width>1734</width>
					<height>45</height>
					<disabledcolor>60d0d0d0</disabledcolor>
					<texturenofocus colordiffuse="menudiffuse" border="2">buttons/ButtonNFlight.png</texturenofocus>
					<aligny>center</aligny>
					<reverse>yes</reverse>
				</control>
				<control type="button" id="10">
					<description>Default Category Button</description>
					<include>dialogbutton</include>
				</control>
				<control type="sliderex" id="13">
					<description>Default Slider</description>
					<left>0</left>
					<top>0</top>
					<height>45</height>
					<aligny>center</aligny>
					<texturenofocus colordiffuse="menudiffuse" border="2">buttons/ButtonNFlight.png</texturenofocus>
				</control>
				<control type="label" id="14">
					<description>Default Label</description>
					<left>0</left>
					<top>0</top>
					<width>1734</width>
					<height>45</height>
					<align>left</align>
					<font>font13</font>
					<label/>
					<textcolor>description</textcolor>
					<shadowcolor>black</shadowcolor>
				</control>
				<control type="image">
					<left>0</left>
					<top>-98r</top>
					<width>1920</width>
					<height>3</height>
					<colordiffuse>fanartdiffuse</colordiffuse>
					<texture background="true" border="1">Separator1.png</texture>
				</control>
			</control>
		</control>
        <include>Clock</include>
        <include>NavInfo</include>
        <control type="group"> <!-- Sidepanel -->
            <include>SidePanelAnimation</include>
            <include>SidePanelBackground</include>
            <control type="grouplist" id="9000">
                <left>-434</left>
                <top>150</top>
                <width>426</width>
                <height>1095</height>
                <onleft>9002</onleft>
                <onright>3</onright>
                <onup>9000</onup>
                <ondown>9000</ondown>
                <itemgap>3</itemgap>
                <orientation>vertical</orientation>
                <control type="label" id="200">
					<textcolor>focused</textcolor>
					<width>428</width>
					<height>42</height>
					<textoffsetx>22</textoffsetx>
					<align>center</align>
					<font>bebas19</font>
                    <label>10507</label>
                </control>
                <control type="button" id="20">
                    <description>Setting level button</description>
                    <include>SidePanelButton</include>
                    <label>10037</label>
                    <onclick>SettingsLevelChange</onclick>
                </control>
                <control type="button" id="21">
                    <description>Reset button</description>
                    <include>SidePanelButton</include>
                    <label>10035</label>
                    <onclick>SettingsReset</onclick>
                </control>
            </control>
        </control>
        <include>BehindDialogFadeOut</include>
        <include>TouchButtons</include>
		<control type="label" id="2">
			<description>breadcrumbs label</description>
			<visible>False</visible>
		</control>
    </controls>
</window>
