<?xml version="1.0" encoding="UTF-8"?>
<includes>
<!-- Homemenu Items -->
	<!-- Music -->
    <variable name="Home_Music_Category">
        <value condition="Skin.HasSetting(Home_Music_Custom_Category_Music)">$LOCALIZE[2]</value>
        <value condition="Skin.HasSetting(Home_Music_Custom_Category_Video)">$LOCALIZE[36912]</value>
        <value condition="Skin.HasSetting(Home_Music_Custom_Category_Pictures)">$LOCALIZE[1]</value>
        <value condition="Skin.HasSetting(Home_Music_Custom_Category_File)">$LOCALIZE[559]</value>
        <value condition="Skin.HasSetting(Home_Music_Custom_Category_Games)">$LOCALIZE[10821]</value>
    </variable>
    <variable name="Home_Music_SubCategory">
        <value condition="[Skin.HasSetting(Home_Music_Custom_Category_File)+Skin.HasSetting(Home_Music_Custom_SubCategory_Video)]|Skin.HasSetting(Home_Music_Custom_Category_Video)">videos</value>
        <value condition="[Skin.HasSetting(Home_Music_Custom_Category_File)+Skin.HasSetting(Home_Music_Custom_SubCategory_Music)]|Skin.HasSetting(Home_Music_Custom_Category_Music)">music</value>
        <value condition="Skin.HasSetting(Home_Music_Custom_Category_Pictures)">pictures</value>
        <value condition="Skin.HasSetting(Home_Music_Custom_Category_Games)">games</value>
    </variable>
    <variable name="Home_Music_SubCategory_Label">
        <value condition="Skin.HasSetting(Home_Music_Custom_SubCategory_Video)">$LOCALIZE[36912]</value>
        <value condition="Skin.HasSetting(Home_Music_Custom_SubCategory_Music)">$LOCALIZE[2]</value>
        <value condition="Skin.HasSetting(Home_Music_Custom_SubCategory_Pictures)">$LOCALIZE[1]</value>
        <value condition="Skin.HasSetting(Home_Music_Custom_SubCategory_Games)">$LOCALIZE[10821]</value>
    </variable>
    <variable name="Home_Music_Currentpath">
        <value condition="Skin.HasSetting(Home_Music_Custom_Category_Video)">Skin.SetPath(Home_Music_Custom_Path,library://video/)</value>
        <value condition="Skin.HasSetting(Home_Music_Custom_Category_Music)">Skin.SetPath(Home_Music_Custom_Path,library://music/)</value>
        <value condition="Skin.HasSetting(Home_Music_Custom_Category_Pictures)">Skin.SetPath(Home_Music_Custom_Path,)</value>
        <value condition="Skin.HasSetting(Home_Music_Custom_Category_File)">Skin.SetFile(Home_Music_Custom_Path,,special://profile/playlists/)</value>
        <value condition="Skin.HasSetting(Home_Music_Custom_Category_Games)">Skin.SetPath(Home_Music_Custom_Path,addons://sources/game/)</value>
    </variable>
    <variable name="Home_Music_Label">
        <value condition="Skin.HasSetting(Home_Music_Button)">$INFO[Skin.String(Home_Music_Custom_Label)]</value>
		<value>$LOCALIZE[2]</value>
    </variable>
	<!-- Video -->
    <variable name="Home_Video_Category">
        <value condition="Skin.HasSetting(Home_Video_Custom_Category_Video)">$LOCALIZE[36912]</value>
        <value condition="Skin.HasSetting(Home_Video_Custom_Category_Music)">$LOCALIZE[2]</value>
        <value condition="Skin.HasSetting(Home_Video_Custom_Category_Pictures)">$LOCALIZE[1]</value>
        <value condition="Skin.HasSetting(Home_Video_Custom_Category_File)">$LOCALIZE[559]</value>
        <value condition="Skin.HasSetting(Home_Video_Custom_Category_Games)">$LOCALIZE[10821]</value>
    </variable>
    <variable name="Home_Video_SubCategory">
        <value condition="[Skin.HasSetting(Home_Video_Custom_Category_File)+Skin.HasSetting(Home_Video_Custom_SubCategory_Video)]|Skin.HasSetting(Home_Video_Custom_Category_Video)">videos</value>
        <value condition="[Skin.HasSetting(Home_Video_Custom_Category_File)+Skin.HasSetting(Home_Video_Custom_SubCategory_Music)]|Skin.HasSetting(Home_Video_Custom_Category_Music)">music</value>
        <value condition="Skin.HasSetting(Home_Video_Custom_Category_Pictures)">pictures</value>
        <value condition="Skin.HasSetting(Home_Video_Custom_Category_Games)">games</value>
    </variable>
    <variable name="Home_Video_SubCategory_Label">
        <value condition="Skin.HasSetting(Home_Video_Custom_SubCategory_Video)">$LOCALIZE[36912]</value>
        <value condition="Skin.HasSetting(Home_Video_Custom_SubCategory_Music)">$LOCALIZE[2]</value>
        <value condition="Skin.HasSetting(Home_Video_Custom_SubCategory_Pictures)">$LOCALIZE[1]</value>
        <value condition="Skin.HasSetting(Home_Video_Custom_SubCategory_Games)">$LOCALIZE[10821]</value>
    </variable>
    <variable name="Home_Video_Currentpath">
        <value condition="Skin.HasSetting(Home_Video_Custom_Category_Video)">Skin.SetPath(Home_Video_Custom_Path,library://video/)</value>
        <value condition="Skin.HasSetting(Home_Video_Custom_Category_Music)">Skin.SetPath(Home_Video_Custom_Path,library://music/)</value>
        <value condition="Skin.HasSetting(Home_Video_Custom_Category_Pictures)">Skin.SetPath(Home_Video_Custom_Path,)</value>
        <value condition="Skin.HasSetting(Home_Video_Custom_Category_File)">Skin.SetFile(Home_Video_Custom_Path,,special://profile/playlists/)</value>
        <value condition="Skin.HasSetting(Home_Video_Custom_Category_Games)">Skin.SetPath(Home_Video_Custom_Path,addons://sources/game/)</value>
    </variable>
    <variable name="Home_Video_Label">
        <value condition="Skin.HasSetting(Home_Video_Button)">$INFO[Skin.String(Home_Video_Custom_Label)]</value>
		<value>$LOCALIZE[3]</value>
    </variable>
	<!-- Movies -->
    <variable name="Home_Movie_Category">
        <value condition="Skin.HasSetting(Home_Movie_Custom_Category_Video)">$LOCALIZE[36912]</value>
        <value condition="Skin.HasSetting(Home_Movie_Custom_Category_Music)">$LOCALIZE[2]</value>
        <value condition="Skin.HasSetting(Home_Movie_Custom_Category_Pictures)">$LOCALIZE[1]</value>
        <value condition="Skin.HasSetting(Home_Movie_Custom_Category_File)">$LOCALIZE[559]</value>
        <value condition="Skin.HasSetting(Home_Movie_Custom_Category_Games)">$LOCALIZE[10821]</value>
    </variable>
    <variable name="Home_Movie_SubCategory">
        <value condition="[Skin.HasSetting(Home_Movie_Custom_Category_File)+Skin.HasSetting(Home_Movie_Custom_SubCategory_Video)]|Skin.HasSetting(Home_Movie_Custom_Category_Video)">videos</value>
        <value condition="[Skin.HasSetting(Home_Movie_Custom_Category_File)+Skin.HasSetting(Home_Movie_Custom_SubCategory_Music)]|Skin.HasSetting(Home_Movie_Custom_Category_Music)">music</value>
        <value condition="Skin.HasSetting(Home_Movie_Custom_Category_Pictures)">pictures</value>
        <value condition="Skin.HasSetting(Home_Movie_Custom_Category_Games)">games</value>
    </variable>
    <variable name="Home_Movie_SubCategory_Label">
        <value condition="Skin.HasSetting(Home_Movie_Custom_SubCategory_Video)">$LOCALIZE[36912]</value>
        <value condition="Skin.HasSetting(Home_Movie_Custom_SubCategory_Music)">$LOCALIZE[2]</value>
        <value condition="Skin.HasSetting(Home_Movie_Custom_SubCategory_Pictures)">$LOCALIZE[1]</value>
        <value condition="Skin.HasSetting(Home_Movie_Custom_SubCategory_Games)">$LOCALIZE[10821]</value>
    </variable>
    <variable name="Home_Movie_Currentpath">
        <value condition="Skin.HasSetting(Home_Movie_Custom_Category_Video)">Skin.SetPath(Home_Movie_Custom_Path,library://video/)</value>
        <value condition="Skin.HasSetting(Home_Movie_Custom_Category_Music)">Skin.SetPath(Home_Movie_Custom_Path,library://music/)</value>
        <value condition="Skin.HasSetting(Home_Movie_Custom_Category_Pictures)">Skin.SetPath(Home_Movie_Custom_Path,)</value>
        <value condition="Skin.HasSetting(Home_Movie_Custom_Category_File)">Skin.SetFile(Home_Movie_Custom_Path,,special://profile/playlists/)</value>
        <value condition="Skin.HasSetting(Home_Movie_Custom_Category_Games)">Skin.SetPath(Home_Movie_Custom_Path,addons://sources/game/)</value>
    </variable>
    <variable name="Home_Movie_Label">
        <value condition="Skin.HasSetting(Home_Movie_Button)">$INFO[Skin.String(Home_Movie_Custom_Label)]</value>
		<value>$LOCALIZE[20342]</value>
    </variable>
	<!-- Series -->
    <variable name="Home_TVShow_Category">
        <value condition="Skin.HasSetting(Home_TVShow_Custom_Category_Video)">$LOCALIZE[36912]</value>
        <value condition="Skin.HasSetting(Home_TVShow_Custom_Category_Music)">$LOCALIZE[2]</value>
        <value condition="Skin.HasSetting(Home_TVShow_Custom_Category_Pictures)">$LOCALIZE[1]</value>
        <value condition="Skin.HasSetting(Home_TVShow_Custom_Category_File)">$LOCALIZE[559]</value>
        <value condition="Skin.HasSetting(Home_TVShow_Custom_Category_Games)">$LOCALIZE[10821]</value>
    </variable>
    <variable name="Home_TVShow_SubCategory">
        <value condition="[Skin.HasSetting(Home_TVShow_Custom_Category_File)+Skin.HasSetting(Home_TVShow_Custom_SubCategory_Video)]|Skin.HasSetting(Home_TVShow_Custom_Category_Video)">videos</value>
        <value condition="[Skin.HasSetting(Home_TVShow_Custom_Category_File)+Skin.HasSetting(Home_TVShow_Custom_SubCategory_Music)]|Skin.HasSetting(Home_TVShow_Custom_Category_Music)">music</value>
        <value condition="Skin.HasSetting(Home_TVShow_Custom_Category_Pictures)">pictures</value>
        <value condition="Skin.HasSetting(Home_TVShow_Custom_Category_Games)">games</value>
    </variable>
    <variable name="Home_TVShow_SubCategory_Label">
        <value condition="Skin.HasSetting(Home_TVShow_Custom_SubCategory_Video)">$LOCALIZE[36912]</value>
        <value condition="Skin.HasSetting(Home_TVShow_Custom_SubCategory_Music)">$LOCALIZE[2]</value>
        <value condition="Skin.HasSetting(Home_TVShow_Custom_SubCategory_Pictures)">$LOCALIZE[1]</value>
        <value condition="Skin.HasSetting(Home_TVShow_Custom_SubCategory_Games)">$LOCALIZE[10821]</value>
    </variable>
    <variable name="Home_TVShow_Currentpath">
        <value condition="Skin.HasSetting(Home_TVShow_Custom_Category_Video)">Skin.SetPath(Home_TVShow_Custom_Path,library://video/)</value>
        <value condition="Skin.HasSetting(Home_TVShow_Custom_Category_Music)">Skin.SetPath(Home_TVShow_Custom_Path,library://music/)</value>
        <value condition="Skin.HasSetting(Home_TVShow_Custom_Category_Pictures)">Skin.SetPath(Home_TVShow_Custom_Path,)</value>
        <value condition="Skin.HasSetting(Home_TVShow_Custom_Category_File)">Skin.SetFile(Home_TVShow_Custom_Path,,special://profile/playlists/)</value>
        <value condition="Skin.HasSetting(Home_TVShow_Custom_Category_Games)">Skin.SetPath(Home_TVShow_Custom_Path,addons://sources/game/)</value>
    </variable>
    <variable name="Home_TVShow_Label">
        <value condition="Skin.HasSetting(Home_TVShow_Button)">$INFO[Skin.String(Home_TVShow_Custom_Label)]</value>
		<value>$LOCALIZE[20343]</value>
    </variable>
	<!-- MusicVideo -->
    <variable name="Home_MusicVideo_Category">
        <value condition="Skin.HasSetting(Home_MusicVideo_Custom_Category_Video)">$LOCALIZE[36912]</value>
        <value condition="Skin.HasSetting(Home_MusicVideo_Custom_Category_Music)">$LOCALIZE[2]</value>
        <value condition="Skin.HasSetting(Home_MusicVideo_Custom_Category_Pictures)">$LOCALIZE[1]</value>
        <value condition="Skin.HasSetting(Home_MusicVideo_Custom_Category_File)">$LOCALIZE[559]</value>
        <value condition="Skin.HasSetting(Home_MusicVideo_Custom_Category_Games)">$LOCALIZE[10821]</value>
    </variable>
    <variable name="Home_MusicVideo_SubCategory">
        <value condition="[Skin.HasSetting(Home_MusicVideo_Custom_Category_File)+Skin.HasSetting(Home_MusicVideo_Custom_SubCategory_Video)]|Skin.HasSetting(Home_MusicVideo_Custom_Category_Video)">videos</value>
        <value condition="[Skin.HasSetting(Home_MusicVideo_Custom_Category_File)+Skin.HasSetting(Home_MusicVideo_Custom_SubCategory_Music)]|Skin.HasSetting(Home_MusicVideo_Custom_Category_Music)">music</value>
        <value condition="Skin.HasSetting(Home_MusicVideo_Custom_Category_Pictures)">pictures</value>
        <value condition="Skin.HasSetting(Home_MusicVideo_Custom_Category_Games)">games</value>
    </variable>
    <variable name="Home_MusicVideo_SubCategory_Label">
        <value condition="Skin.HasSetting(Home_MusicVideo_Custom_SubCategory_Video)">$LOCALIZE[36912]</value>
        <value condition="Skin.HasSetting(Home_MusicVideo_Custom_SubCategory_Music)">$LOCALIZE[2]</value>
        <value condition="Skin.HasSetting(Home_MusicVideo_Custom_SubCategory_Pictures)">$LOCALIZE[1]</value>
        <value condition="Skin.HasSetting(Home_MusicVideo_Custom_SubCategory_Games)">$LOCALIZE[10821]</value>
    </variable>
    <variable name="Home_MusicVideo_Currentpath">
        <value condition="Skin.HasSetting(Home_MusicVideo_Custom_Category_Video)">Skin.SetPath(Home_MusicVideo_Custom_Path,library://video/)</value>
        <value condition="Skin.HasSetting(Home_MusicVideo_Custom_Category_Music)">Skin.SetPath(Home_MusicVideo_Custom_Path,library://music/)</value>
        <value condition="Skin.HasSetting(Home_MusicVideo_Custom_Category_Pictures)">Skin.SetPath(Home_MusicVideo_Custom_Path,)</value>
        <value condition="Skin.HasSetting(Home_MusicVideo_Custom_Category_File)">Skin.SetFile(Home_MusicVideo_Custom_Path,,special://profile/playlists/)</value>
        <value condition="Skin.HasSetting(Home_MusicVideo_Custom_Category_Games)">Skin.SetPath(Home_MusicVideo_Custom_Path,addons://sources/game/)</value>
    </variable>
    <variable name="Home_MusicVideo_Label">
        <value condition="Skin.HasSetting(Home_MusicVideo_Button)">$INFO[Skin.String(Home_MusicVideo_Custom_Label)]</value>
		<value>$LOCALIZE[20389]</value>
    </variable>
	<!-- Picture -->
    <variable name="Home_Picture_Category">
        <value condition="Skin.HasSetting(Home_Picture_Custom_Category_Video)">$LOCALIZE[36912]</value>
        <value condition="Skin.HasSetting(Home_Picture_Custom_Category_Music)">$LOCALIZE[2]</value>
        <value condition="Skin.HasSetting(Home_Picture_Custom_Category_Pictures)">$LOCALIZE[1]</value>
        <value condition="Skin.HasSetting(Home_Picture_Custom_Category_File)">$LOCALIZE[559]</value>
        <value condition="Skin.HasSetting(Home_Picture_Custom_Category_Games)">$LOCALIZE[10821]</value>
    </variable>
    <variable name="Home_Picture_SubCategory">
        <value condition="[Skin.HasSetting(Home_Picture_Custom_Category_File)+Skin.HasSetting(Home_Picture_Custom_SubCategory_Video)]|Skin.HasSetting(Home_Picture_Custom_Category_Video)">videos</value>
        <value condition="[Skin.HasSetting(Home_Picture_Custom_Category_File)+Skin.HasSetting(Home_Picture_Custom_SubCategory_Music)]|Skin.HasSetting(Home_Picture_Custom_Category_Music)">music</value>
        <value condition="Skin.HasSetting(Home_Picture_Custom_Category_Pictures)">pictures</value>
        <value condition="Skin.HasSetting(Home_Picture_Custom_Category_Games)">games</value>
    </variable>
    <variable name="Home_Picture_SubCategory_Label">
        <value condition="Skin.HasSetting(Home_Picture_Custom_SubCategory_Video)">$LOCALIZE[36912]</value>
        <value condition="Skin.HasSetting(Home_Picture_Custom_SubCategory_Music)">$LOCALIZE[2]</value>
        <value condition="Skin.HasSetting(Home_Picture_Custom_SubCategory_Pictures)">$LOCALIZE[1]</value>
        <value condition="Skin.HasSetting(Home_Picture_Custom_SubCategory_Games)">$LOCALIZE[10821]</value>
    </variable>
    <variable name="Home_Picture_Currentpath">
        <value condition="Skin.HasSetting(Home_Picture_Custom_Category_Video)">Skin.SetPath(Home_Picture_Custom_Path,library://video/)</value>
        <value condition="Skin.HasSetting(Home_Picture_Custom_Category_Music)">Skin.SetPath(Home_Picture_Custom_Path,library://music/)</value>
        <value condition="Skin.HasSetting(Home_Picture_Custom_Category_Pictures)">Skin.SetPath(Home_Picture_Custom_Path,)</value>
        <value condition="Skin.HasSetting(Home_Picture_Custom_Category_File)">Skin.SetFile(Home_Picture_Custom_Path,,special://profile/playlists/)</value>
        <value condition="Skin.HasSetting(Home_Picture_Custom_Category_Games)">Skin.SetPath(Home_Picture_Custom_Path,addons://sources/game/)</value>
    </variable>
    <variable name="Home_Picture_Label">
        <value condition="Skin.HasSetting(Home_Picture_Button)">$INFO[Skin.String(Home_Picture_Custom_Label)]</value>
		<value>$LOCALIZE[1]</value>
    </variable>
	<!-- Custom1_ -->
    <variable name="Home_Custom1_Category">
        <value condition="Skin.HasSetting(Home_Custom1_Custom_Category_Video)">$LOCALIZE[36912]</value>
        <value condition="Skin.HasSetting(Home_Custom1_Custom_Category_Music)">$LOCALIZE[2]</value>
        <value condition="Skin.HasSetting(Home_Custom1_Custom_Category_Pictures)">$LOCALIZE[1]</value>
        <value condition="Skin.HasSetting(Home_Custom1_Custom_Category_File)">$LOCALIZE[559]</value>
        <value condition="Skin.HasSetting(Home_Custom1_Custom_Category_Games)">$LOCALIZE[10821]</value>
    </variable>
    <variable name="Home_Custom1_SubCategory">
        <value condition="[Skin.HasSetting(Home_Custom1_Custom_Category_File)+Skin.HasSetting(Home_Custom1_Custom_SubCategory_Video)]|Skin.HasSetting(Home_Custom1_Custom_Category_Video)">videos</value>
        <value condition="[Skin.HasSetting(Home_Custom1_Custom_Category_File)+Skin.HasSetting(Home_Custom1_Custom_SubCategory_Music)]|Skin.HasSetting(Home_Custom1_Custom_Category_Music)">music</value>
        <value condition="Skin.HasSetting(Home_Custom1_Custom_Category_Pictures)">pictures</value>
        <value condition="Skin.HasSetting(Home_Custom1_Custom_Category_Games)">games</value>
    </variable>
    <variable name="Home_Custom1_SubCategory_Label">
        <value condition="Skin.HasSetting(Home_Custom1_Custom_SubCategory_Video)">$LOCALIZE[36912]</value>
        <value condition="Skin.HasSetting(Home_Custom1_Custom_SubCategory_Music)">$LOCALIZE[2]</value>
        <value condition="Skin.HasSetting(Home_Custom1_Custom_SubCategory_Pictures)">$LOCALIZE[1]</value>
        <value condition="Skin.HasSetting(Home_Custom1_Custom_SubCategory_Games)">$LOCALIZE[10821]</value>
    </variable>
    <variable name="Home_Custom1_Currentpath">
        <value condition="Skin.HasSetting(Home_Custom1_Custom_Category_Video)">Skin.SetPath(Home_Custom1_Custom_Path,library://video/)</value>
        <value condition="Skin.HasSetting(Home_Custom1_Custom_Category_Music)">Skin.SetPath(Home_Custom1_Custom_Path,library://music/)</value>
        <value condition="Skin.HasSetting(Home_Custom1_Custom_Category_Pictures)">Skin.SetPath(Home_Custom1_Custom_Path,)</value>
        <value condition="Skin.HasSetting(Home_Custom1_Custom_Category_File)">Skin.SetFile(Home_Custom1_Custom_Path,,special://profile/playlists/)</value>
        <value condition="Skin.HasSetting(Home_Custom1_Custom_Category_Games)">Skin.SetPath(Home_Custom1_Custom_Path,addons://sources/game/)</value>
    </variable>
    <variable name="Home_Custom1_Label">
        <value condition="Skin.HasSetting(Home_Custom1_Button)">$INFO[Skin.String(Home_Custom1_Custom_Label)]</value>
		<value>$LOCALIZE[636] 1</value>
    </variable>
	<!-- Custom2_ -->
    <variable name="Home_Custom2_Category">
        <value condition="Skin.HasSetting(Home_Custom2_Custom_Category_Video)">$LOCALIZE[36912]</value>
        <value condition="Skin.HasSetting(Home_Custom2_Custom_Category_Music)">$LOCALIZE[2]</value>
        <value condition="Skin.HasSetting(Home_Custom2_Custom_Category_Pictures)">$LOCALIZE[1]</value>
        <value condition="Skin.HasSetting(Home_Custom2_Custom_Category_File)">$LOCALIZE[559]</value>
        <value condition="Skin.HasSetting(Home_Custom2_Custom_Category_Games)">$LOCALIZE[10821]</value>
    </variable>
    <variable name="Home_Custom2_SubCategory">
        <value condition="[Skin.HasSetting(Home_Custom2_Custom_Category_File)+Skin.HasSetting(Home_Custom2_Custom_SubCategory_Video)]|Skin.HasSetting(Home_Custom2_Custom_Category_Video)">videos</value>
        <value condition="[Skin.HasSetting(Home_Custom2_Custom_Category_File)+Skin.HasSetting(Home_Custom2_Custom_SubCategory_Music)]|Skin.HasSetting(Home_Custom2_Custom_Category_Music)">music</value>
        <value condition="Skin.HasSetting(Home_Custom2_Custom_Category_Pictures)">pictures</value>
        <value condition="Skin.HasSetting(Home_Custom2_Custom_Category_Games)">games</value>
    </variable>
    <variable name="Home_Custom2_SubCategory_Label">
        <value condition="Skin.HasSetting(Home_Custom2_Custom_SubCategory_Video)">$LOCALIZE[36912]</value>
        <value condition="Skin.HasSetting(Home_Custom2_Custom_SubCategory_Music)">$LOCALIZE[2]</value>
        <value condition="Skin.HasSetting(Home_Custom2_Custom_SubCategory_Pictures)">$LOCALIZE[1]</value>
        <value condition="Skin.HasSetting(Home_Custom2_Custom_SubCategory_Games)">$LOCALIZE[10821]</value>
    </variable>
    <variable name="Home_Custom2_Currentpath">
        <value condition="Skin.HasSetting(Home_Custom2_Custom_Category_Video)">Skin.SetPath(Home_Custom2_Custom_Path,library://video/)</value>
        <value condition="Skin.HasSetting(Home_Custom2_Custom_Category_Music)">Skin.SetPath(Home_Custom2_Custom_Path,library://music/)</value>
        <value condition="Skin.HasSetting(Home_Custom2_Custom_Category_Pictures)">Skin.SetPath(Home_Custom2_Custom_Path,)</value>
        <value condition="Skin.HasSetting(Home_Custom2_Custom_Category_File)">Skin.SetFile(Home_Custom2_Custom_Path,,special://profile/playlists/)</value>
        <value condition="Skin.HasSetting(Home_Custom2_Custom_Category_Games)">Skin.SetPath(Home_Custom2_Custom_Path,addons://sources/game/)</value>
    </variable>
    <variable name="Home_Custom2_Label">
        <value condition="Skin.HasSetting(Home_Custom2_Button)">$INFO[Skin.String(Home_Custom2_Custom_Label)]</value>
		<value>$LOCALIZE[636] 2</value>
    </variable>
	<!-- Custom3_ -->
    <variable name="Home_Custom3_Category">
        <value condition="Skin.HasSetting(Home_Custom3_Custom_Category_Video)">$LOCALIZE[36912]</value>
        <value condition="Skin.HasSetting(Home_Custom3_Custom_Category_Music)">$LOCALIZE[2]</value>
        <value condition="Skin.HasSetting(Home_Custom3_Custom_Category_Pictures)">$LOCALIZE[1]</value>
        <value condition="Skin.HasSetting(Home_Custom3_Custom_Category_File)">$LOCALIZE[559]</value>
        <value condition="Skin.HasSetting(Home_Custom3_Custom_Category_Games)">$LOCALIZE[10821]</value>
    </variable>
    <variable name="Home_Custom3_SubCategory">
        <value condition="[Skin.HasSetting(Home_Custom3_Custom_Category_File)+Skin.HasSetting(Home_Custom3_Custom_SubCategory_Video)]|Skin.HasSetting(Home_Custom3_Custom_Category_Video)">videos</value>
        <value condition="[Skin.HasSetting(Home_Custom3_Custom_Category_File)+Skin.HasSetting(Home_Custom3_Custom_SubCategory_Music)]|Skin.HasSetting(Home_Custom3_Custom_Category_Music)">music</value>
        <value condition="Skin.HasSetting(Home_Custom3_Custom_Category_Pictures)">pictures</value>
        <value condition="Skin.HasSetting(Home_Custom3_Custom_Category_Games)">games</value>
    </variable>
    <variable name="Home_Custom3_SubCategory_Label">
        <value condition="Skin.HasSetting(Home_Custom3_Custom_SubCategory_Video)">$LOCALIZE[36912]</value>
        <value condition="Skin.HasSetting(Home_Custom3_Custom_SubCategory_Music)">$LOCALIZE[2]</value>
        <value condition="Skin.HasSetting(Home_Custom3_Custom_SubCategory_Pictures)">$LOCALIZE[1]</value>
        <value condition="Skin.HasSetting(Home_Custom3_Custom_SubCategory_Games)">$LOCALIZE[10821]</value>
    </variable>
    <variable name="Home_Custom3_Currentpath">
        <value condition="Skin.HasSetting(Home_Custom3_Custom_Category_Video)">Skin.SetPath(Home_Custom3_Custom_Path,library://video/)</value>
        <value condition="Skin.HasSetting(Home_Custom3_Custom_Category_Music)">Skin.SetPath(Home_Custom3_Custom_Path,library://music/)</value>
        <value condition="Skin.HasSetting(Home_Custom3_Custom_Category_Pictures)">Skin.SetPath(Home_Custom3_Custom_Path,)</value>
        <value condition="Skin.HasSetting(Home_Custom3_Custom_Category_File)">Skin.SetFile(Home_Custom3_Custom_Path,,special://profile/playlists/)</value>
        <value condition="Skin.HasSetting(Home_Custom3_Custom_Category_Games)">Skin.SetPath(Home_Custom3_Custom_Path,addons://sources/game/)</value>
    </variable>
    <variable name="Home_Custom3_Label">
        <value condition="Skin.HasSetting(Home_Custom3_Button)">$INFO[Skin.String(Home_Custom3_Custom_Label)]</value>
		<value>$LOCALIZE[636] 3</value>
    </variable>
	<!-- Custom4_ -->
    <variable name="Home_Custom4_Category">
        <value condition="Skin.HasSetting(Home_Custom4_Custom_Category_Video)">$LOCALIZE[36912]</value>
        <value condition="Skin.HasSetting(Home_Custom4_Custom_Category_Music)">$LOCALIZE[2]</value>
        <value condition="Skin.HasSetting(Home_Custom4_Custom_Category_Pictures)">$LOCALIZE[1]</value>
        <value condition="Skin.HasSetting(Home_Custom4_Custom_Category_File)">$LOCALIZE[559]</value>
        <value condition="Skin.HasSetting(Home_Custom4_Custom_Category_Games)">$LOCALIZE[10821]</value>
    </variable>
    <variable name="Home_Custom4_SubCategory">
        <value condition="[Skin.HasSetting(Home_Custom4_Custom_Category_File)+Skin.HasSetting(Home_Custom4_Custom_SubCategory_Video)]|Skin.HasSetting(Home_Custom4_Custom_Category_Video)">videos</value>
        <value condition="[Skin.HasSetting(Home_Custom4_Custom_Category_File)+Skin.HasSetting(Home_Custom4_Custom_SubCategory_Music)]|Skin.HasSetting(Home_Custom4_Custom_Category_Music)">music</value>
        <value condition="Skin.HasSetting(Home_Custom4_Custom_Category_Pictures)">pictures</value>
        <value condition="Skin.HasSetting(Home_Custom4_Custom_Category_Games)">games</value>
    </variable>
    <variable name="Home_Custom4_SubCategory_Label">
        <value condition="Skin.HasSetting(Home_Custom4_Custom_SubCategory_Video)">$LOCALIZE[36912]</value>
        <value condition="Skin.HasSetting(Home_Custom4_Custom_SubCategory_Music)">$LOCALIZE[2]</value>
        <value condition="Skin.HasSetting(Home_Custom4_Custom_SubCategory_Pictures)">$LOCALIZE[1]</value>
        <value condition="Skin.HasSetting(Home_Custom4_Custom_SubCategory_Games)">$LOCALIZE[10821]</value>
    </variable>
    <variable name="Home_Custom4_Currentpath">
        <value condition="Skin.HasSetting(Home_Custom4_Custom_Category_Video)">Skin.SetPath(Home_Custom4_Custom_Path,library://video/)</value>
        <value condition="Skin.HasSetting(Home_Custom4_Custom_Category_Music)">Skin.SetPath(Home_Custom4_Custom_Path,library://music/)</value>
        <value condition="Skin.HasSetting(Home_Custom4_Custom_Category_Pictures)">Skin.SetPath(Home_Custom4_Custom_Path,)</value>
        <value condition="Skin.HasSetting(Home_Custom4_Custom_Category_File)">Skin.SetFile(Home_Custom4_Custom_Path,,special://profile/playlists/)</value>
        <value condition="Skin.HasSetting(Home_Custom4_Custom_Category_Games)">Skin.SetPath(Home_Custom4_Custom_Path,addons://sources/game/)</value>
    </variable>
    <variable name="Home_Custom4_Label">
        <value condition="Skin.HasSetting(Home_Custom4_Button)">$INFO[Skin.String(Home_Custom4_Custom_Label)]</value>
		<value>$LOCALIZE[636] 4</value>
    </variable>
	<!-- Custom5_ -->
    <variable name="Home_Custom5_Category">
        <value condition="Skin.HasSetting(Home_Custom5_Custom_Category_Video)">$LOCALIZE[36912]</value>
        <value condition="Skin.HasSetting(Home_Custom5_Custom_Category_Music)">$LOCALIZE[2]</value>
        <value condition="Skin.HasSetting(Home_Custom5_Custom_Category_Pictures)">$LOCALIZE[1]</value>
        <value condition="Skin.HasSetting(Home_Custom5_Custom_Category_File)">$LOCALIZE[559]</value>
        <value condition="Skin.HasSetting(Home_Custom5_Custom_Category_Games)">$LOCALIZE[10821]</value>
    </variable>
    <variable name="Home_Custom5_SubCategory">
        <value condition="[Skin.HasSetting(Home_Custom5_Custom_Category_File)+Skin.HasSetting(Home_Custom5_Custom_SubCategory_Video)]|Skin.HasSetting(Home_Custom5_Custom_Category_Video)">videos</value>
        <value condition="[Skin.HasSetting(Home_Custom5_Custom_Category_File)+Skin.HasSetting(Home_Custom5_Custom_SubCategory_Music)]|Skin.HasSetting(Home_Custom5_Custom_Category_Music)">music</value>
        <value condition="Skin.HasSetting(Home_Custom5_Custom_Category_Pictures)">pictures</value>
        <value condition="Skin.HasSetting(Home_Custom5_Custom_Category_Games)">games</value>
    </variable>
    <variable name="Home_Custom5_SubCategory_Label">
        <value condition="Skin.HasSetting(Home_Custom5_Custom_SubCategory_Video)">$LOCALIZE[36912]</value>
        <value condition="Skin.HasSetting(Home_Custom5_Custom_SubCategory_Music)">$LOCALIZE[2]</value>
        <value condition="Skin.HasSetting(Home_Custom5_Custom_SubCategory_Pictures)">$LOCALIZE[1]</value>
        <value condition="Skin.HasSetting(Home_Custom5_Custom_SubCategory_Games)">$LOCALIZE[10821]</value>
    </variable>
    <variable name="Home_Custom5_Currentpath">
        <value condition="Skin.HasSetting(Home_Custom5_Custom_Category_Video)">Skin.SetPath(Home_Custom5_Custom_Path,library://video/)</value>
        <value condition="Skin.HasSetting(Home_Custom5_Custom_Category_Music)">Skin.SetPath(Home_Custom5_Custom_Path,library://music/)</value>
        <value condition="Skin.HasSetting(Home_Custom5_Custom_Category_Pictures)">Skin.SetPath(Home_Custom5_Custom_Path,)</value>
        <value condition="Skin.HasSetting(Home_Custom5_Custom_Category_File)">Skin.SetFile(Home_Custom5_Custom_Path,,special://profile/playlists/)</value>
        <value condition="Skin.HasSetting(Home_Custom5_Custom_Category_Games)">Skin.SetPath(Home_Custom5_Custom_Path,addons://sources/game/)</value>
    </variable>
    <variable name="Home_Custom5_Label">
        <value condition="Skin.HasSetting(Home_Custom5_Button)">$INFO[Skin.String(Home_Custom5_Custom_Label)]</value>
		<value>$LOCALIZE[636] 5</value>
    </variable>
	<!-- Custom6_ -->
    <variable name="Home_Custom6_Category">
        <value condition="Skin.HasSetting(Home_Custom6_Custom_Category_Video)">$LOCALIZE[36912]</value>
        <value condition="Skin.HasSetting(Home_Custom6_Custom_Category_Music)">$LOCALIZE[2]</value>
        <value condition="Skin.HasSetting(Home_Custom6_Custom_Category_Pictures)">$LOCALIZE[1]</value>
        <value condition="Skin.HasSetting(Home_Custom6_Custom_Category_File)">$LOCALIZE[559]</value>
        <value condition="Skin.HasSetting(Home_Custom6_Custom_Category_Games)">$LOCALIZE[10821]</value>
    </variable>
    <variable name="Home_Custom6_SubCategory">
        <value condition="[Skin.HasSetting(Home_Custom6_Custom_Category_File)+Skin.HasSetting(Home_Custom6_Custom_SubCategory_Video)]|Skin.HasSetting(Home_Custom6_Custom_Category_Video)">videos</value>
        <value condition="[Skin.HasSetting(Home_Custom6_Custom_Category_File)+Skin.HasSetting(Home_Custom6_Custom_SubCategory_Music)]|Skin.HasSetting(Home_Custom6_Custom_Category_Music)">music</value>
        <value condition="Skin.HasSetting(Home_Custom6_Custom_Category_Pictures)">pictures</value>
        <value condition="Skin.HasSetting(Home_Custom6_Custom_Category_Games)">games</value>
    </variable>
    <variable name="Home_Custom6_SubCategory_Label">
        <value condition="Skin.HasSetting(Home_Custom6_Custom_SubCategory_Video)">$LOCALIZE[36912]</value>
        <value condition="Skin.HasSetting(Home_Custom6_Custom_SubCategory_Music)">$LOCALIZE[2]</value>
        <value condition="Skin.HasSetting(Home_Custom6_Custom_SubCategory_Pictures)">$LOCALIZE[1]</value>
        <value condition="Skin.HasSetting(Home_Custom6_Custom_SubCategory_Games)">$LOCALIZE[10821]</value>
    </variable>
    <variable name="Home_Custom6_Currentpath">
        <value condition="Skin.HasSetting(Home_Custom6_Custom_Category_Video)">Skin.SetPath(Home_Custom6_Custom_Path,library://video/)</value>
        <value condition="Skin.HasSetting(Home_Custom6_Custom_Category_Music)">Skin.SetPath(Home_Custom6_Custom_Path,library://music/)</value>
        <value condition="Skin.HasSetting(Home_Custom6_Custom_Category_Pictures)">Skin.SetPath(Home_Custom6_Custom_Path,)</value>
        <value condition="Skin.HasSetting(Home_Custom6_Custom_Category_File)">Skin.SetFile(Home_Custom6_Custom_Path,,special://profile/playlists/)</value>
        <value condition="Skin.HasSetting(Home_Custom6_Custom_Category_Games)">Skin.SetPath(Home_Custom6_Custom_Path,addons://sources/game/)</value>
    </variable>
    <variable name="Home_Custom6_Label">
        <value condition="Skin.HasSetting(Home_Custom6_Button)">$INFO[Skin.String(Home_Custom6_Custom_Label)]</value>
		<value>$LOCALIZE[636] 6</value>
    </variable>
	<!-- Custom7_ -->
    <variable name="Home_Custom7_Category">
        <value condition="Skin.HasSetting(Home_Custom7_Custom_Category_Video)">$LOCALIZE[36912]</value>
        <value condition="Skin.HasSetting(Home_Custom7_Custom_Category_Music)">$LOCALIZE[2]</value>
        <value condition="Skin.HasSetting(Home_Custom7_Custom_Category_Pictures)">$LOCALIZE[1]</value>
        <value condition="Skin.HasSetting(Home_Custom7_Custom_Category_File)">$LOCALIZE[559]</value>
        <value condition="Skin.HasSetting(Home_Custom7_Custom_Category_Games)">$LOCALIZE[10821]</value>
    </variable>
    <variable name="Home_Custom7_SubCategory">
        <value condition="[Skin.HasSetting(Home_Custom7_Custom_Category_File)+Skin.HasSetting(Home_Custom7_Custom_SubCategory_Video)]|Skin.HasSetting(Home_Custom7_Custom_Category_Video)">videos</value>
        <value condition="[Skin.HasSetting(Home_Custom7_Custom_Category_File)+Skin.HasSetting(Home_Custom7_Custom_SubCategory_Music)]|Skin.HasSetting(Home_Custom7_Custom_Category_Music)">music</value>
        <value condition="Skin.HasSetting(Home_Custom7_Custom_Category_Pictures)">pictures</value>
        <value condition="Skin.HasSetting(Home_Custom7_Custom_Category_Games)">games</value>
    </variable>
    <variable name="Home_Custom7_SubCategory_Label">
        <value condition="Skin.HasSetting(Home_Custom7_Custom_SubCategory_Video)">$LOCALIZE[36912]</value>
        <value condition="Skin.HasSetting(Home_Custom7_Custom_SubCategory_Music)">$LOCALIZE[2]</value>
        <value condition="Skin.HasSetting(Home_Custom7_Custom_SubCategory_Pictures)">$LOCALIZE[1]</value>
        <value condition="Skin.HasSetting(Home_Custom7_Custom_SubCategory_Games)">$LOCALIZE[10821]</value>
    </variable>
    <variable name="Home_Custom7_Currentpath">
        <value condition="Skin.HasSetting(Home_Custom7_Custom_Category_Video)">Skin.SetPath(Home_Custom7_Custom_Path,library://video/)</value>
        <value condition="Skin.HasSetting(Home_Custom7_Custom_Category_Music)">Skin.SetPath(Home_Custom7_Custom_Path,library://music/)</value>
        <value condition="Skin.HasSetting(Home_Custom7_Custom_Category_Pictures)">Skin.SetPath(Home_Custom7_Custom_Path,)</value>
        <value condition="Skin.HasSetting(Home_Custom7_Custom_Category_File)">Skin.SetFile(Home_Custom7_Custom_Path,,special://profile/playlists/)</value>
        <value condition="Skin.HasSetting(Home_Custom7_Custom_Category_Games)">Skin.SetPath(Home_Custom7_Custom_Path,addons://sources/game/)</value>
    </variable>
    <variable name="Home_Custom7_Label">
        <value condition="Skin.HasSetting(Home_Custom7_Button)">$INFO[Skin.String(Home_Custom7_Custom_Label)]</value>
		<value>$LOCALIZE[636] 7</value>
    </variable>
	<!-- Custom8_ -->
    <variable name="Home_Custom8_Category">
        <value condition="Skin.HasSetting(Home_Custom8_Custom_Category_Video)">$LOCALIZE[36912]</value>
        <value condition="Skin.HasSetting(Home_Custom8_Custom_Category_Music)">$LOCALIZE[2]</value>
        <value condition="Skin.HasSetting(Home_Custom8_Custom_Category_Pictures)">$LOCALIZE[1]</value>
        <value condition="Skin.HasSetting(Home_Custom8_Custom_Category_File)">$LOCALIZE[559]</value>
        <value condition="Skin.HasSetting(Home_Custom8_Custom_Category_Games)">$LOCALIZE[10821]</value>
    </variable>
    <variable name="Home_Custom8_SubCategory">
        <value condition="[Skin.HasSetting(Home_Custom8_Custom_Category_File)+Skin.HasSetting(Home_Custom8_Custom_SubCategory_Video)]|Skin.HasSetting(Home_Custom8_Custom_Category_Video)">videos</value>
        <value condition="[Skin.HasSetting(Home_Custom8_Custom_Category_File)+Skin.HasSetting(Home_Custom8_Custom_SubCategory_Music)]|Skin.HasSetting(Home_Custom8_Custom_Category_Music)">music</value>
        <value condition="Skin.HasSetting(Home_Custom8_Custom_Category_Pictures)">pictures</value>
        <value condition="Skin.HasSetting(Home_Custom8_Custom_Category_Games)">games</value>
    </variable>
    <variable name="Home_Custom8_SubCategory_Label">
        <value condition="Skin.HasSetting(Home_Custom8_Custom_SubCategory_Video)">$LOCALIZE[36912]</value>
        <value condition="Skin.HasSetting(Home_Custom8_Custom_SubCategory_Music)">$LOCALIZE[2]</value>
        <value condition="Skin.HasSetting(Home_Custom8_Custom_SubCategory_Pictures)">$LOCALIZE[1]</value>
        <value condition="Skin.HasSetting(Home_Custom8_Custom_SubCategory_Games)">$LOCALIZE[10821]</value>
    </variable>
    <variable name="Home_Custom8_Currentpath">
        <value condition="Skin.HasSetting(Home_Custom8_Custom_Category_Video)">Skin.SetPath(Home_Custom8_Custom_Path,library://video/)</value>
        <value condition="Skin.HasSetting(Home_Custom8_Custom_Category_Music)">Skin.SetPath(Home_Custom8_Custom_Path,library://music/)</value>
        <value condition="Skin.HasSetting(Home_Custom8_Custom_Category_Pictures)">Skin.SetPath(Home_Custom8_Custom_Path,)</value>
        <value condition="Skin.HasSetting(Home_Custom8_Custom_Category_File)">Skin.SetFile(Home_Custom8_Custom_Path,,special://profile/playlists/)</value>
        <value condition="Skin.HasSetting(Home_Custom8_Custom_Category_Games)">Skin.SetPath(Home_Custom8_Custom_Path,addons://sources/game/)</value>
    </variable>
    <variable name="Home_Custom8_Label">
        <value condition="Skin.HasSetting(Home_Custom8_Button)">$INFO[Skin.String(Home_Custom8_Custom_Label)]</value>
		<value>$LOCALIZE[636] 8</value>
    </variable>
	<!-- Custom9_ -->
    <variable name="Home_Custom9_Category">
        <value condition="Skin.HasSetting(Home_Custom9_Custom_Category_Video)">$LOCALIZE[36912]</value>
        <value condition="Skin.HasSetting(Home_Custom9_Custom_Category_Music)">$LOCALIZE[2]</value>
        <value condition="Skin.HasSetting(Home_Custom9_Custom_Category_Pictures)">$LOCALIZE[1]</value>
        <value condition="Skin.HasSetting(Home_Custom9_Custom_Category_File)">$LOCALIZE[559]</value>
        <value condition="Skin.HasSetting(Home_Custom9_Custom_Category_Games)">$LOCALIZE[10821]</value>
    </variable>
    <variable name="Home_Custom9_SubCategory">
        <value condition="[Skin.HasSetting(Home_Custom9_Custom_Category_File)+Skin.HasSetting(Home_Custom9_Custom_SubCategory_Video)]|Skin.HasSetting(Home_Custom9_Custom_Category_Video)">videos</value>
        <value condition="[Skin.HasSetting(Home_Custom9_Custom_Category_File)+Skin.HasSetting(Home_Custom9_Custom_SubCategory_Music)]|Skin.HasSetting(Home_Custom9_Custom_Category_Music)">music</value>
        <value condition="Skin.HasSetting(Home_Custom9_Custom_Category_Pictures)">pictures</value>
        <value condition="Skin.HasSetting(Home_Custom9_Custom_Category_Games)">games</value>
    </variable>
    <variable name="Home_Custom9_SubCategory_Label">
        <value condition="Skin.HasSetting(Home_Custom9_Custom_SubCategory_Video)">$LOCALIZE[36912]</value>
        <value condition="Skin.HasSetting(Home_Custom9_Custom_SubCategory_Music)">$LOCALIZE[2]</value>
        <value condition="Skin.HasSetting(Home_Custom9_Custom_SubCategory_Pictures)">$LOCALIZE[1]</value>
        <value condition="Skin.HasSetting(Home_Custom9_Custom_SubCategory_Games)">$LOCALIZE[10821]</value>
    </variable>
    <variable name="Home_Custom9_Currentpath">
        <value condition="Skin.HasSetting(Home_Custom9_Custom_Category_Video)">Skin.SetPath(Home_Custom9_Custom_Path,library://video/)</value>
        <value condition="Skin.HasSetting(Home_Custom9_Custom_Category_Music)">Skin.SetPath(Home_Custom9_Custom_Path,library://music/)</value>
        <value condition="Skin.HasSetting(Home_Custom9_Custom_Category_Pictures)">Skin.SetPath(Home_Custom9_Custom_Path,)</value>
        <value condition="Skin.HasSetting(Home_Custom9_Custom_Category_File)">Skin.SetFile(Home_Custom9_Custom_Path,,special://profile/playlists/)</value>
        <value condition="Skin.HasSetting(Home_Custom9_Custom_Category_Games)">Skin.SetPath(Home_Custom9_Custom_Path,addons://sources/game/)</value>
    </variable>
    <variable name="Home_Custom9_Label">
        <value condition="Skin.HasSetting(Home_Custom9_Button)">$INFO[Skin.String(Home_Custom9_Custom_Label)]</value>
		<value>$LOCALIZE[636] 9</value>
    </variable>
	<!-- Games -->
    <variable name="Home_Games_Category">
        <value condition="Skin.HasSetting(Home_Games_Custom_Category_Video)">$LOCALIZE[36912]</value>
        <value condition="Skin.HasSetting(Home_Games_Custom_Category_Music)">$LOCALIZE[2]</value>
        <value condition="Skin.HasSetting(Home_Games_Custom_Category_Pictures)">$LOCALIZE[1]</value>
        <value condition="Skin.HasSetting(Home_Games_Custom_Category_File)">$LOCALIZE[559]</value>
        <value condition="Skin.HasSetting(Home_Games_Custom_Category_Games)">$LOCALIZE[10821]</value>
    </variable>
    <variable name="Home_Games_SubCategory">
        <value condition="[Skin.HasSetting(Home_Games_Custom_Category_File)+Skin.HasSetting(Home_Games_Custom_SubCategory_Video)]|Skin.HasSetting(Home_Games_Custom_Category_Video)">videos</value>
        <value condition="[Skin.HasSetting(Home_Games_Custom_Category_File)+Skin.HasSetting(Home_Games_Custom_SubCategory_Music)]|Skin.HasSetting(Home_Games_Custom_Category_Music)">music</value>
        <value condition="Skin.HasSetting(Home_Games_Custom_Category_Pictures)">pictures</value>
        <value condition="Skin.HasSetting(Home_Games_Custom_Category_Games)">games</value>
    </variable>
    <variable name="Home_Games_SubCategory_Label">
        <value condition="Skin.HasSetting(Home_Games_Custom_SubCategory_Video)">$LOCALIZE[36912]</value>
        <value condition="Skin.HasSetting(Home_Games_Custom_SubCategory_Music)">$LOCALIZE[2]</value>
        <value condition="Skin.HasSetting(Home_Games_Custom_SubCategory_Pictures)">$LOCALIZE[1]</value>
        <value condition="Skin.HasSetting(Home_Games_Custom_SubCategory_Games)">$LOCALIZE[10821]</value>
    </variable>
    <variable name="Home_Games_Currentpath">
        <value condition="Skin.HasSetting(Home_Games_Custom_Category_Video)">Skin.SetPath(Home_Games_Custom_Path,library://video/)</value>
        <value condition="Skin.HasSetting(Home_Games_Custom_Category_Music)">Skin.SetPath(Home_Games_Custom_Path,library://music/)</value>
        <value condition="Skin.HasSetting(Home_Games_Custom_Category_Pictures)">Skin.SetPath(Home_Games_Custom_Path,)</value>
        <value condition="Skin.HasSetting(Home_Games_Custom_Category_File)">Skin.SetFile(Home_Games_Custom_Path,,special://profile/playlists/)</value>
        <value condition="Skin.HasSetting(Home_Games_Custom_Category_Games)">Skin.SetPath(Home_Games_Custom_Path,addons://sources/game/)</value>
    </variable>
    <variable name="Home_Games_Label">
        <value condition="Skin.HasSetting(Home_Games_Button)">$INFO[Skin.String(Home_Games_Custom_Label)]</value>
		<value>$LOCALIZE[10821]</value>
    </variable>
<!-- WidgetItems -->
	<!-- Music -->
    <variable name="HomeWidget_Music_Currentpath">
        <value condition="Skin.HasSetting(Home_Music_Custom_Category_Video)">Skin.SetPath(HomeWidget_Music_Path,library://video/)</value>
        <value condition="Skin.HasSetting(Home_Music_Custom_Category_Music)">Skin.SetPath(HomeWidget_Music_Path,library://music/)</value>
        <value condition="Skin.HasSetting(Home_Music_Custom_Category_Pictures)">Skin.SetPath(HomeWidget_Music_Path,)</value>
        <value condition="Skin.HasSetting(Home_Music_Custom_Category_File)">Skin.SetFile(HomeWidget_Music_Path,,special://profile/playlists/)</value>
        <value condition="Skin.HasSetting(Home_Music_Custom_Category_Games)">Skin.SetPath(HomeWidget_Music_Path,addons://sources/game/)</value>
    </variable>
    <variable name="HomeWidget_Music_Path">
		<value condition="Skin.HasSetting(HomeWidget_Music_Standard)">$INFO[Skin.String(Home_Music_Custom_Path)]</value>
        <value condition="Skin.HasSetting(HomeWidget_Music_User)">$INFO[Skin.String(HomeWidget_Music_Path)]</value>
    </variable>
	<!-- Video -->
    <variable name="HomeWidget_Video_Currentpath">
        <value condition="Skin.HasSetting(Home_Video_Custom_Category_Video)">Skin.SetPath(HomeWidget_Video_Path,library://video/)</value>
        <value condition="Skin.HasSetting(Home_Video_Custom_Category_Music)">Skin.SetPath(HomeWidget_Video_Path,library://music/)</value>
        <value condition="Skin.HasSetting(Home_Video_Custom_Category_Pictures)">Skin.SetPath(HomeWidget_Video_Path,)</value>
        <value condition="Skin.HasSetting(Home_Video_Custom_Category_File)">Skin.SetFile(HomeWidget_Video_Path,,special://profile/playlists/)</value>
        <value condition="Skin.HasSetting(Home_Video_Custom_Category_Games)">Skin.SetPath(HomeWidget_Video_Path,addons://sources/game/)</value>
    </variable>
    <variable name="HomeWidget_Video_Path">
		<value condition="Skin.HasSetting(HomeWidget_Video_Standard)">$INFO[Skin.String(Home_Video_Custom_Path)]</value>
        <value condition="Skin.HasSetting(HomeWidget_Video_User)">$INFO[Skin.String(HomeWidget_Video_Path)]</value>
    </variable>
	<!-- Movie -->
    <variable name="HomeWidget_Movie_Currentpath">
        <value condition="Skin.HasSetting(Home_Movie_Custom_Category_Video)">Skin.SetPath(HomeWidget_Movie_Path,library://video/)</value>
        <value condition="Skin.HasSetting(Home_Movie_Custom_Category_Music)">Skin.SetPath(HomeWidget_Movie_Path,library://music/)</value>
        <value condition="Skin.HasSetting(Home_Movie_Custom_Category_Pictures)">Skin.SetPath(HomeWidget_Movie_Path,)</value>
        <value condition="Skin.HasSetting(Home_Movie_Custom_Category_File)">Skin.SetFile(HomeWidget_Movie_Path,,special://profile/playlists/)</value>
        <value condition="Skin.HasSetting(Home_Movie_Custom_Category_Games)">Skin.SetPath(HomeWidget_Movie_Path,addons://sources/game/)</value>
    </variable>
    <variable name="HomeWidget_Movie_Path">
		<value condition="Skin.HasSetting(HomeWidget_Movie_Standard)">$INFO[Skin.String(Home_Movie_Custom_Path)]</value>
        <value condition="Skin.HasSetting(HomeWidget_Movie_User)">$INFO[Skin.String(HomeWidget_Movie_Path)]</value>
    </variable>
	<!-- TVShow -->
    <variable name="HomeWidget_TVShow_Currentpath">
        <value condition="Skin.HasSetting(Home_TVShow_Custom_Category_Video)">Skin.SetPath(HomeWidget_TVShow_Path,library://video/)</value>
        <value condition="Skin.HasSetting(Home_TVShow_Custom_Category_Music)">Skin.SetPath(HomeWidget_TVShow_Path,library://music/)</value>
        <value condition="Skin.HasSetting(Home_TVShow_Custom_Category_Pictures)">Skin.SetPath(HomeWidget_TVShow_Path,)</value>
        <value condition="Skin.HasSetting(Home_TVShow_Custom_Category_File)">Skin.SetFile(HomeWidget_TVShow_Path,,special://profile/playlists/)</value>
        <value condition="Skin.HasSetting(Home_TVShow_Custom_Category_Games)">Skin.SetPath(HomeWidget_TVShow_Path,addons://sources/game/)</value>
    </variable>
    <variable name="HomeWidget_TVShow_Path">
		<value condition="Skin.HasSetting(HomeWidget_TVShow_Standard)">$INFO[Skin.String(Home_TVShow_Custom_Path)]</value>
        <value condition="Skin.HasSetting(HomeWidget_TVShow_User)">$INFO[Skin.String(HomeWidget_TVShow_Path)]</value>
    </variable>
	<!-- Musicvideo -->
    <variable name="HomeWidget_MusicVideo_Currentpath">
        <value condition="Skin.HasSetting(Home_MusicVideo_Custom_Category_Video)">Skin.SetPath(HomeWidget_MusicVideo_Path,library://video/)</value>
        <value condition="Skin.HasSetting(Home_MusicVideo_Custom_Category_Music)">Skin.SetPath(HomeWidget_MusicVideo_Path,library://music/)</value>
        <value condition="Skin.HasSetting(Home_MusicVideo_Custom_Category_Pictures)">Skin.SetPath(HomeWidget_MusicVideo_Path,)</value>
        <value condition="Skin.HasSetting(Home_MusicVideo_Custom_Category_File)">Skin.SetFile(HomeWidget_MusicVideo_Path,,special://profile/playlists/)</value>
        <value condition="Skin.HasSetting(Home_MusicVideo_Custom_Category_Games)">Skin.SetPath(HomeWidget_MusicVideo_Path,addons://sources/game/)</value>
    </variable>
    <variable name="HomeWidget_MusicVideo_Path">
		<value condition="Skin.HasSetting(HomeWidget_MusicVideo_Standard)">$INFO[Skin.String(Home_MusicVideo_Custom_Path)]</value>
        <value condition="Skin.HasSetting(HomeWidget_MusicVideo_User)">$INFO[Skin.String(HomeWidget_MusicVideo_Path)]</value>
    </variable>
	<!-- Picture -->
    <variable name="HomeWidget_Picture_Currentpath">
        <value condition="Skin.HasSetting(Home_Picture_Custom_Category_Video)">Skin.SetPath(HomeWidget_Picture_Path,library://video/)</value>
        <value condition="Skin.HasSetting(Home_Picture_Custom_Category_Music)">Skin.SetPath(HomeWidget_Picture_Path,library://music/)</value>
        <value condition="Skin.HasSetting(Home_Picture_Custom_Category_Pictures)">Skin.SetPath(HomeWidget_Picture_Path,)</value>
        <value condition="Skin.HasSetting(Home_Picture_Custom_Category_File)">Skin.SetFile(HomeWidget_Picture_Path,,special://profile/playlists/)</value>
        <value condition="Skin.HasSetting(Home_Picture_Custom_Category_Games)">Skin.SetPath(HomeWidget_Picture_Path,addons://sources/game/)</value>
    </variable>
    <variable name="HomeWidget_Picture_Path">
		<value condition="Skin.HasSetting(HomeWidget_Picture_Standard)">$INFO[Skin.String(Home_Picture_Custom_Path)]</value>
        <value condition="Skin.HasSetting(HomeWidget_Picture_User)">$INFO[Skin.String(HomeWidget_Picture_Path)]</value>
    </variable>
	<!-- Custom1 -->
    <variable name="HomeWidget_Custom1_Currentpath">
        <value condition="Skin.HasSetting(Home_Custom1_Custom_Category_Video)">Skin.SetPath(HomeWidget_Custom1_Path,library://video/)</value>
        <value condition="Skin.HasSetting(Home_Custom1_Custom_Category_Music)">Skin.SetPath(HomeWidget_Custom1_Path,library://music/)</value>
        <value condition="Skin.HasSetting(Home_Custom1_Custom_Category_Pictures)">Skin.SetPath(HomeWidget_Custom1_Path,)</value>
        <value condition="Skin.HasSetting(Home_Custom1_Custom_Category_File)">Skin.SetFile(HomeWidget_Custom1_Path,,special://profile/playlists/)</value>
        <value condition="Skin.HasSetting(Home_Custom1_Custom_Category_Games)">Skin.SetPath(HomeWidget_Custom1_Path,addons://sources/game/)</value>
    </variable>
    <variable name="HomeWidget_Custom1_Path">
		<value condition="Skin.HasSetting(HomeWidget_Custom1_Standard)">$INFO[Skin.String(Home_Custom1_Custom_Path)]</value>
        <value condition="Skin.HasSetting(HomeWidget_Custom1_User)">$INFO[Skin.String(HomeWidget_Custom1_Path)]</value>
    </variable>
	<!-- Custom2 -->
    <variable name="HomeWidget_Custom2_Currentpath">
        <value condition="Skin.HasSetting(Home_Custom2_Custom_Category_Video)">Skin.SetPath(HomeWidget_Custom2_Path,library://video/)</value>
        <value condition="Skin.HasSetting(Home_Custom2_Custom_Category_Music)">Skin.SetPath(HomeWidget_Custom2_Path,library://music/)</value>
        <value condition="Skin.HasSetting(Home_Custom2_Custom_Category_Pictures)">Skin.SetPath(HomeWidget_Custom2_Path,)</value>
        <value condition="Skin.HasSetting(Home_Custom2_Custom_Category_File)">Skin.SetFile(HomeWidget_Custom2_Path,,special://profile/playlists/)</value>
        <value condition="Skin.HasSetting(Home_Custom2_Custom_Category_Games)">Skin.SetPath(HomeWidget_Custom2_Path,addons://sources/game/)</value>
    </variable>
    <variable name="HomeWidget_Custom2_Path">
		<value condition="Skin.HasSetting(HomeWidget_Custom2_Standard)">$INFO[Skin.String(Home_Custom2_Custom_Path)]</value>
        <value condition="Skin.HasSetting(HomeWidget_Custom2_User)">$INFO[Skin.String(HomeWidget_Custom2_Path)]</value>
    </variable>
	<!-- Custom3 -->
    <variable name="HomeWidget_Custom3_Currentpath">
        <value condition="Skin.HasSetting(Home_Custom3_Custom_Category_Video)">Skin.SetPath(HomeWidget_Custom3_Path,library://video/)</value>
        <value condition="Skin.HasSetting(Home_Custom3_Custom_Category_Music)">Skin.SetPath(HomeWidget_Custom3_Path,library://music/)</value>
        <value condition="Skin.HasSetting(Home_Custom3_Custom_Category_Pictures)">Skin.SetPath(HomeWidget_Custom3_Path,)</value>
        <value condition="Skin.HasSetting(Home_Custom3_Custom_Category_File)">Skin.SetFile(HomeWidget_Custom3_Path,,special://profile/playlists/)</value>
        <value condition="Skin.HasSetting(Home_Custom3_Custom_Category_Games)">Skin.SetPath(HomeWidget_Custom3_Path,addons://sources/game/)</value>
    </variable>
    <variable name="HomeWidget_Custom3_Path">
		<value condition="Skin.HasSetting(HomeWidget_Custom3_Standard)">$INFO[Skin.String(Home_Custom3_Custom_Path)]</value>
        <value condition="Skin.HasSetting(HomeWidget_Custom3_User)">$INFO[Skin.String(HomeWidget_Custom3_Path)]</value>
    </variable>
	<!-- Custom4 -->
    <variable name="HomeWidget_Custom4_Currentpath">
        <value condition="Skin.HasSetting(Home_Custom4_Custom_Category_Video)">Skin.SetPath(HomeWidget_Custom4_Path,library://video/)</value>
        <value condition="Skin.HasSetting(Home_Custom4_Custom_Category_Music)">Skin.SetPath(HomeWidget_Custom4_Path,library://music/)</value>
        <value condition="Skin.HasSetting(Home_Custom4_Custom_Category_Pictures)">Skin.SetPath(HomeWidget_Custom4_Path,)</value>
        <value condition="Skin.HasSetting(Home_Custom4_Custom_Category_File)">Skin.SetFile(HomeWidget_Custom4_Path,,special://profile/playlists/)</value>
        <value condition="Skin.HasSetting(Home_Custom4_Custom_Category_Games)">Skin.SetPath(HomeWidget_Custom4_Path,addons://sources/game/)</value>
    </variable>
    <variable name="HomeWidget_Custom4_Path">
		<value condition="Skin.HasSetting(HomeWidget_Custom4_Standard)">$INFO[Skin.String(Home_Custom4_Custom_Path)]</value>
        <value condition="Skin.HasSetting(HomeWidget_Custom4_User)">$INFO[Skin.String(HomeWidget_Custom4_Path)]</value>
    </variable>
	<!-- Custom5 -->
    <variable name="HomeWidget_Custom5_Currentpath">
        <value condition="Skin.HasSetting(Home_Custom5_Custom_Category_Video)">Skin.SetPath(HomeWidget_Custom5_Path,library://video/)</value>
        <value condition="Skin.HasSetting(Home_Custom5_Custom_Category_Music)">Skin.SetPath(HomeWidget_Custom5_Path,library://music/)</value>
        <value condition="Skin.HasSetting(Home_Custom5_Custom_Category_Pictures)">Skin.SetPath(HomeWidget_Custom5_Path,)</value>
        <value condition="Skin.HasSetting(Home_Custom5_Custom_Category_File)">Skin.SetFile(HomeWidget_Custom5_Path,,special://profile/playlists/)</value>
        <value condition="Skin.HasSetting(Home_Custom5_Custom_Category_Games)">Skin.SetPath(HomeWidget_Custom5_Path,addons://sources/game/)</value>
    </variable>
    <variable name="HomeWidget_Custom5_Path">
		<value condition="Skin.HasSetting(HomeWidget_Custom5_Standard)">$INFO[Skin.String(Home_Custom5_Custom_Path)]</value>
        <value condition="Skin.HasSetting(HomeWidget_Custom5_User)">$INFO[Skin.String(HomeWidget_Custom5_Path)]</value>
    </variable>
	<!-- Custom6 -->
    <variable name="HomeWidget_Custom6_Currentpath">
        <value condition="Skin.HasSetting(Home_Custom6_Custom_Category_Video)">Skin.SetPath(HomeWidget_Custom6_Path,library://video/)</value>
        <value condition="Skin.HasSetting(Home_Custom6_Custom_Category_Music)">Skin.SetPath(HomeWidget_Custom6_Path,library://music/)</value>
        <value condition="Skin.HasSetting(Home_Custom6_Custom_Category_Pictures)">Skin.SetPath(HomeWidget_Custom6_Path,)</value>
        <value condition="Skin.HasSetting(Home_Custom6_Custom_Category_File)">Skin.SetFile(HomeWidget_Custom6_Path,,special://profile/playlists/)</value>
        <value condition="Skin.HasSetting(Home_Custom6_Custom_Category_Games)">Skin.SetPath(HomeWidget_Custom6_Path,addons://sources/game/)</value>
    </variable>
    <variable name="HomeWidget_Custom6_Path">
		<value condition="Skin.HasSetting(HomeWidget_Custom6_Standard)">$INFO[Skin.String(Home_Custom6_Custom_Path)]</value>
        <value condition="Skin.HasSetting(HomeWidget_Custom6_User)">$INFO[Skin.String(HomeWidget_Custom6_Path)]</value>
    </variable>
	<!-- Custom7 -->
    <variable name="HomeWidget_Custom7_Currentpath">
        <value condition="Skin.HasSetting(Home_Custom7_Custom_Category_Video)">Skin.SetPath(HomeWidget_Custom7_Path,library://video/)</value>
        <value condition="Skin.HasSetting(Home_Custom7_Custom_Category_Music)">Skin.SetPath(HomeWidget_Custom7_Path,library://music/)</value>
        <value condition="Skin.HasSetting(Home_Custom7_Custom_Category_Pictures)">Skin.SetPath(HomeWidget_Custom7_Path,)</value>
        <value condition="Skin.HasSetting(Home_Custom7_Custom_Category_File)">Skin.SetFile(HomeWidget_Custom7_Path,,special://profile/playlists/)</value>
        <value condition="Skin.HasSetting(Home_Custom7_Custom_Category_Games)">Skin.SetPath(HomeWidget_Custom7_Path,addons://sources/game/)</value>
    </variable>
    <variable name="HomeWidget_Custom7_Path">
		<value condition="Skin.HasSetting(HomeWidget_Custom7_Standard)">$INFO[Skin.String(Home_Custom7_Custom_Path)]</value>
        <value condition="Skin.HasSetting(HomeWidget_Custom7_User)">$INFO[Skin.String(HomeWidget_Custom7_Path)]</value>
    </variable>
	<!-- Custom8 -->
    <variable name="HomeWidget_Custom8_Currentpath">
        <value condition="Skin.HasSetting(Home_Custom8_Custom_Category_Video)">Skin.SetPath(HomeWidget_Custom8_Path,library://video/)</value>
        <value condition="Skin.HasSetting(Home_Custom8_Custom_Category_Music)">Skin.SetPath(HomeWidget_Custom8_Path,library://music/)</value>
        <value condition="Skin.HasSetting(Home_Custom8_Custom_Category_Pictures)">Skin.SetPath(HomeWidget_Custom8_Path,)</value>
        <value condition="Skin.HasSetting(Home_Custom8_Custom_Category_File)">Skin.SetFile(HomeWidget_Custom8_Path,,special://profile/playlists/)</value>
        <value condition="Skin.HasSetting(Home_Custom8_Custom_Category_Games)">Skin.SetPath(HomeWidget_Custom8_Path,addons://sources/game/)</value>
    </variable>
    <variable name="HomeWidget_Custom8_Path">
		<value condition="Skin.HasSetting(HomeWidget_Custom8_Standard)">$INFO[Skin.String(Home_Custom8_Custom_Path)]</value>
        <value condition="Skin.HasSetting(HomeWidget_Custom8_User)">$INFO[Skin.String(HomeWidget_Custom8_Path)]</value>
    </variable>
	<!-- Custom9 -->
    <variable name="HomeWidget_Custom9_Currentpath">
        <value condition="Skin.HasSetting(Home_Custom9_Custom_Category_Video)">Skin.SetPath(HomeWidget_Custom9_Path,library://video/)</value>
        <value condition="Skin.HasSetting(Home_Custom9_Custom_Category_Music)">Skin.SetPath(HomeWidget_Custom9_Path,library://music/)</value>
        <value condition="Skin.HasSetting(Home_Custom9_Custom_Category_Pictures)">Skin.SetPath(HomeWidget_Custom9_Path,)</value>
        <value condition="Skin.HasSetting(Home_Custom9_Custom_Category_File)">Skin.SetFile(HomeWidget_Custom9_Path,,special://profile/playlists/)</value>
        <value condition="Skin.HasSetting(Home_Custom9_Custom_Category_Games)">Skin.SetPath(HomeWidget_Custom9_Path,addons://sources/game/)</value>
    </variable>
    <variable name="HomeWidget_Custom9_Path">
		<value condition="Skin.HasSetting(HomeWidget_Custom9_Standard)">$INFO[Skin.String(Home_Custom9_Custom_Path)]</value>
        <value condition="Skin.HasSetting(HomeWidget_Custom9_User)">$INFO[Skin.String(HomeWidget_Custom9_Path)]</value>
    </variable>
	<!-- Games -->
    <variable name="HomeWidget_Games_Currentpath">
        <value condition="Skin.HasSetting(Home_Games_Custom_Category_Video)">Skin.SetPath(HomeWidget_Games_Path,library://video/)</value>
        <value condition="Skin.HasSetting(Home_Games_Custom_Category_Music)">Skin.SetPath(HomeWidget_Games_Path,library://music/)</value>
        <value condition="Skin.HasSetting(Home_Games_Custom_Category_Pictures)">Skin.SetPath(HomeWidget_Games_Path,)</value>
        <value condition="Skin.HasSetting(Home_Games_Custom_Category_File)">Skin.SetFile(HomeWidget_Games_Path,,special://profile/playlists/)</value>
        <value condition="Skin.HasSetting(Home_Games_Custom_Category_Games)">Skin.SetPath(HomeWidget_Games_Path,addons://sources/game/)</value>
    </variable>
    <variable name="HomeWidget_Games_Path">
		<value condition="Skin.HasSetting(HomeWidget_Games_Standard)">$INFO[Skin.String(Home_Games_Custom_Path)]</value>
        <value condition="Skin.HasSetting(HomeWidget_Games_User)">$INFO[Skin.String(HomeWidget_Games_Path)]</value>
    </variable>
</includes>
