<?xml version="1.0" encoding="UTF-8"?>
<includes>
    <include name="MediaListView3">
        <include>openclose</include>
        <control type="group">
            <include>openclosevisible</include>
            <control type="button" id="444">
                <enable>false</enable>
                <include>HiddenButton</include>
                <visible>Control.IsVisible(503)+!Control.HasFocus(666)</visible>
            </control>
            <visible>Control.IsVisible(503)+!Control.HasFocus(666)</visible>
            <include>BlackGrunge</include>
            <control type="group">
                <!-- Design -->
                <control type="image">
                    <description>background</description>
                    <include>openclosevisible</include>
                    <left>-15</left>
                    <top>-15</top>
                    <width>1950</width>
                    <height>338</height>
                    <colordiffuse>menudiffuse</colordiffuse>
                    <texture background="true">BlackBack.png</texture>
                </control>
                <control type="image">
                    <description>background</description>
                    <include>openclosevisible</include>
                    <left>-15</left>
                    <top>322</top>
                    <width>1950</width>
                    <height>674</height>
                    <colordiffuse>fanartdiffuse</colordiffuse>
                    <texture background="true">White.png</texture>
                </control>
                <control type="image">
                    <description>background</description>
                    <include>openclosevisible</include>
                    <left>-15</left>
                    <top>996</top>
                    <width>1950</width>
                    <height>338</height>
                    <texture background="true">BlackBack.png</texture>
                </control>
				<control type="group">
					<left>1680</left>
					<top>712</top>
					<include>openclosevisible</include>
					<visible>Container.Content(Movies)|Container.Content(Sets)|Container.Content(musicvideos)
					|Container.Content(Seasons)|Container.Content(Episodes)|Container.Content(TVShows)</visible>
					<visible>!ListItem.IsParentFolder+!Container.Content(Seasons)</visible>
					<control type="label">
						<left>405r</left>
						<top>315</top>
						<width>150</width>
						<height>30</height>
						<font>impacted18</font>
						<align>right</align>
						<textcolor>grey</textcolor>
						<label>$LOCALIZE[563]:</label>
					</control>
					<control type="image">
						<description>Rated</description>
						<left>0</left>
						<top>315</top>
						<width>180</width>
						<height>30</height>
						<texture background="true" fallback="leftratingvideo/0.0.png">$INFO[ListItem.Rating,leftratingvideo/,.png]</texture>
					</control>
				</control>
            </control>
            <control type="group">
                <!-- Set Information -->
                <control type="grouplist">
                    <left>30</left>
                    <top>188</top>
                    <width>1860</width>
                    <height>135</height>
                    <itemgap>8</itemgap>
                    <visible>ListItem.IsCollection</visible>
                    <include>openclosevisible</include>
                    <control type="group">
                        <left>30</left>
                        <top>90</top>
                        <include>MovieSetInformationCover</include>
                        <visible>ListItem.IsCollection</visible>
                        <include>openclosevisible</include>
                    </control>
                </control>
                <control type="label">
                    <left>1440</left>
                    <top>255</top>
                    <width>450</width>
                    <height>75</height>
                    <align>right</align>
                    <textcolor>grey1</textcolor>
                    <font>impacted21</font>
                    <label>$LOCALIZE[20161]$INFO[Container(2000).NumItems,: [COLOR=white],[/COLOR]]</label>
                    <visible>ListItem.IsCollection</visible>
                    <include>openclosevisible</include>
                </control>
            </control>
            <control type="list" id="503">
                <left>45</left>
                <top>345</top>
                <width>945</width>
                <height>602</height>
                <onleft>9000</onleft>
                <onright condition="Control.IsVisible(60)">60</onright>
                <onright condition="!Skin.HasSetting(HideJumpSMSBar)+!Control.IsVisible(60)">15000</onright>
                <onup>503</onup>
                <ondown>503</ondown>
                <viewtype label="$LOCALIZE[544]">list</viewtype>
                <pagecontrol>60</pagecontrol>
                <scrolltime>200</scrolltime>
                <visible>Window.IsVisible(videos)</visible>
                <visible>!String.StartsWith(Container.FolderPath,plugin://)+!Container.Content(Addons)</visible>
                <itemlayout height="60" width="930">
                    <control type="label">
                        <left>15</left>
                        <top>0</top>
                        <width>780</width>
                        <height>60</height>
                        <textcolor>black</textcolor>
						<shadowcolor>grey2</shadowcolor>
                        <align>left</align>
                        <aligny>center</aligny>
                        <label>$VAR[OriginalTitle]</label>
                    </control>
                    <control type="label">
                        <left>75</left>
                        <top>0</top>
                        <width>750</width>
                        <height>60</height>
                        <textcolor>black</textcolor>
                        <align>right</align>
                        <aligny>center</aligny>
                        <font>font16</font>
                        <label>$INFO[ListItem.Label2]</label>
                        <visible>Window.IsVisible(Videos)</visible>
                        <animation effect="slide" start="0,0" end="60,0" delay="0" time="0" condition="![Container.Content(Movies)|Container.Content(Episodes)|Container.Content(MusicVideos)]">conditional</animation>
                    </control>
                    <control type="image">
                        <left>837</left>
                        <top>12</top>
                        <width>60</width>
                        <height>39</height>
                        <aspectratio>keep</aspectratio>
                        <texture background="true">$VAR[ListFlag]</texture>
                        <visible>Container.Content(Movies)|Container.Content(Episodes)|Container.Content(MusicVideos)</visible>
                    </control>
                    <control type="group">
                        <left>15</left>
                        <control type="image">
                            <left>892</left>
                            <top>21</top>
                            <width>30</width>
                            <height>24</height>
                            <colordiffuse>grey3</colordiffuse>
                            <texture background="true">$INFO[ListItem.Overlay]</texture>
                            <visible>!ListItem.IsResumable</visible>
                        </control>
                        <control type="image">
                            <left>892</left>
                            <top>21</top>
                            <width>24</width>
                            <height>24</height>
                            <colordiffuse>grey3</colordiffuse>
                            <texture background="true">OverlayWatching.png</texture>
                            <visible>ListItem.IsResumable</visible>
                        </control>
                    </control>
                </itemlayout>
                <focusedlayout height="60" width="930">
                    <control type="group">
                        <include>focuseffect</include>
                        <control type="image">
                            <left>0</left>
                            <top>1</top>
                            <width>990</width>
                            <height>58</height>
                            <colordiffuse>grey2</colordiffuse>
                            <texture background="true" border="4">buttons/ButtonFOlightGlow.png</texture>
                            <visible>!Control.HasFocus(503)</visible>
                        </control>
                        <control type="image">
                            <left>0</left>
                            <top>1</top>
                            <width>990</width>
                            <height>58</height>
                            <colordiffuse>black</colordiffuse>
                            <texture background="true" border="4">buttons/ButtonFOlightGlow.png</texture>
                            <visible>Control.HasFocus(503)</visible>
                        </control>
                        <control type="label">
                            <left>15</left>
                            <top>0</top>
                            <width>780</width>
                            <height>60</height>
                            <textcolor>white</textcolor>
							<shadowcolor>black</shadowcolor>
                            <align>left</align>
                            <aligny>center</aligny>
                            <label>$VAR[OriginalTitle]</label>
                        </control>
                        <control type="label">
                            <left>75</left>
                            <top>0</top>
                            <width>750</width>
                            <height>60</height>
                            <textcolor>white</textcolor>
							<shadowcolor>black</shadowcolor>
                            <align>right</align>
                            <aligny>center</aligny>
                            <font>font16</font>
                            <label>$INFO[ListItem.Label2]</label>
                            <visible>Window.IsVisible(Videos)</visible>
                            <animation effect="slide" start="0,0" end="60,0" delay="0" time="0" condition="![Container.Content(Movies)|Container.Content(Episodes)|Container.Content(MusicVideos)]">conditional</animation>
                        </control>
                        <control type="image">
                            <left>837</left>
                            <top>12</top>
                            <width>60</width>
                            <height>39</height>
                            <aspectratio>keep</aspectratio>
                            <texture background="true">$VAR[ListFlag]</texture>
							<visible>Container.Content(Movies)|Container.Content(Episodes)|Container.Content(MusicVideos)</visible>
                        </control>
                        <control type="group">
                            <left>15</left>
                            <control type="image">
                                <left>892</left>
                                <top>21</top>
                                <width>30</width>
                                <height>24</height>
                                <colordiffuse>grey3</colordiffuse>
                                <texture background="true">$INFO[ListItem.Overlay]</texture>
                                <visible>!ListItem.IsResumable</visible>
                            </control>
                            <control type="image">
                                <left>892</left>
                                <top>21</top>
                                <width>24</width>
                                <height>24</height>
                                <colordiffuse>grey3</colordiffuse>
                                <texture background="true">OverlayWatching.png</texture>
                                <visible>ListItem.IsResumable</visible>
                            </control>
                        </control>
                    </control>
                </focusedlayout>
            </control>
            <control type="scrollbar" id="60">
                <left>990</left>
                <top>345</top>
                <height>608</height>
                <onleft>503</onleft>
                <onright condition="Control.IsVisible(15000)">15000</onright>
                <onright condition="!Control.IsVisible(17000)">732</onright>
                <showonepage>false</showonepage>
                <orientation>vertical</orientation>
            </control>
            <control type="label">
                <description>Page Count Label</description>
                <left>188</left>
                <top>960</top>
                <width>750</width>
                <height>30</height>
                <font>ubuntu-r13</font>
                <textcolor>grey3</textcolor>
                <shadowcolor>grey1</shadowcolor>
                <scroll>false</scroll>
                <align>right</align>
                <aligny>center</aligny>
                <label>$INFO[Container.NumItems,([COLOR=black],[/COLOR]) $LOCALIZE[31025]]$INFO[Container.CurrentPage, - $LOCALIZE[31024] ([COLOR=black]]$INFO[Container.NumPages,/,[/COLOR])] $INFO[Container.TotalTime,$LOCALIZE[31009] ([COLOR=black],[/COLOR])]</label>
                <visible>Skin.HasSetting(CommonPageCount)</visible>
            </control>
            <control type="image" id="50301">
                <include>openclosevisible</include>
                <left>1110</left>
                <top>150</top>
                <width>750</width>
                <height>120</height>
                <aspectratio align="right">keep</aspectratio>
                <texture background="true">$VAR[ClearlogoVAR]</texture>
                <visible>Skin.HasSetting(EnableExtendedArt)</visible>
            </control>
            <control type="image">
                <left>1011</left>
                <top>338</top>
                <width>3</width>
                <height>645</height>
                <colordiffuse>fanartdiffuse</colordiffuse>
                <texture background="true" border="1">Separator4.png</texture>
            </control>
            <control type="group">
                <left>-15</left>
                <top>90</top>
                <control type="image">
                    <left>0</left>
                    <top>906</top>
                    <width>1950</width>
                    <height>15</height>
                    <colordiffuse>menudiffuse</colordiffuse>
                    <texture background="true" border="2" flipy="true">Shadow.png</texture>
                </control>
                <control type="image">
                    <left>0</left>
                    <top>906</top>
                    <width>1950</width>
                    <height>1</height>
                    <texture background="true">Separator2.png</texture>
                </control>
            </control>
            <control type="group">
                <left>-15</left>
                <top>308</top>
                <control type="image">
                    <left>0</left>
                    <top>0</top>
                    <width>1950</width>
                    <height>15</height>
                    <colordiffuse>menudiffuse</colordiffuse>
                    <texture background="true" border="2">Shadow.png</texture>
                </control>
                <control type="image">
                    <left>0</left>
                    <top>15</top>
                    <width>1950</width>
                    <height>1</height>
                    <texture background="true">Separator2.png</texture>
                </control>
            </control>
            <control type="group"> <!-- TVShows -->
                <visible>Container.Content(TVShows)</visible>
                <control type="image">
                    <include>openclosevisible</include>
                    <left>38</left>
                    <top>112</top>
                    <width>930</width>
                    <height>165</height>
                    <aspectratio>keep</aspectratio>
                    <texture background="true">$VAR[BannerVAR]</texture>
                    <bordertexture border="10">ThumbShadowWhite.png</bordertexture>
                    <bordersize>7</bordersize>
                </control>
                <control type="group">
                    <left>915</left>
                    <top>188</top>
                    <visible>!ListItem.IsParentFolder</visible>
                    <include>openclosevisible</include>
                    <control type="group">
                        <left>60</left>
                        <control type="label">
                            <description>Episodes txt</description>
                            <left>60</left>
                            <top>180</top>
                            <width>210</width>
                            <height>38</height>
                            <label>$LOCALIZE[20360]:</label>
                            <align>right</align>
                            <aligny>center</aligny>
                            <textcolor>grey3</textcolor>
                        </control>
                        <control type="label">
                            <description>Episodes Value</description>
                            <left>285</left>
                            <top>180</top>
                            <width>540</width>
                            <height>38</height>
                            <label fallback="416">$INFO[ListItem.Property(WatchedEpisodes),,]$INFO[listitem.Episode, / ,]</label>
                            <align>left</align>
                            <aligny>center</aligny>
                            <textcolor>black</textcolor>
                            <scroll>true</scroll>
                        </control>
                        <control type="label">
                            <description>Aired txt</description>
                            <left>60</left>
                            <top>218</top>
                            <width>210</width>
                            <height>38</height>
                            <label>$LOCALIZE[31322]:</label>
                            <align>right</align>
                            <aligny>center</aligny>
                            <textcolor>grey3</textcolor>
                        </control>
                        <control type="label">
                            <description>Aired Value</description>
                            <left>285</left>
                            <top>218</top>
                            <width>540</width>
                            <height>38</height>
                            <label fallback="416">$INFO[listitem.premiered]</label>
                            <align>left</align>
                            <aligny>center</aligny>
                            <textcolor>black</textcolor>
                            <scroll>true</scroll>
                        </control>
                        <control type="label">
                            <description>Genre txt</description>
                            <left>60</left>
                            <top>255</top>
                            <width>210</width>
                            <height>38</height>
                            <label>$LOCALIZE[515]:</label>
                            <align>right</align>
                            <aligny>center</aligny>
                            <textcolor>grey3</textcolor>
                        </control>
                        <control type="fadelabel">
                            <description>Genre Value</description>
                            <left>285</left>
                            <top>255</top>
                            <width>540</width>
                            <height>38</height>
                            <label fallback="416">$INFO[listitem.Genre]</label>
                            <align>left</align>
                            <aligny>center</aligny>
                            <textcolor>black</textcolor>
                            <scrollout>false</scrollout>
                            <pauseatend>1000</pauseatend>
                        </control>
                    </control>
                    <control type="image">
                        <left>150</left>
                        <top>298</top>
                        <width>795</width>
                        <height>3</height>
                        <colordiffuse>fanartdiffuse</colordiffuse>
                        <texture background="true" border="1">Separator1.png</texture>
                    </control>
                    <control type="textbox">
                        <description>Description Value for TVShows</description>
                        <left>165</left>
                        <top>315</top>
                        <width>765</width>
                        <height>324</height>
                        <include condition="!Skin.HasSetting(BigPlotText)">PlotText16Var</include>
                        <include condition="Skin.HasSetting(BigPlotText)">PlotTextBigVar</include>
                        <textcolor>black</textcolor>
                        <shadowcolor>grey1</shadowcolor>
                        <label>$INFO[ListItem.Plot]</label>
                    </control>
                    <control type="image">
                        <left>150</left>
                        <top>652</top>
                        <width>795</width>
                        <height>3</height>
                        <colordiffuse>fanartdiffuse</colordiffuse>
                        <texture background="true" border="1">Separator1.png</texture>
                    </control>
                    <control type="image">
                        <!-- <visible>Skin.HasSetting(fsk_original)|Skin.HasSetting(fsk_dual)</visible> -->
                        <include>openclosevisible</include>
                        <left>150</left>
                        <top>682</top>
                        <width>450</width>
                        <height>90</height>
                        <colordiffuse>grey3</colordiffuse>
                        <aspectratio align="left">keep</aspectratio>
                        <texture background="true">$VAR[Furniture_VideoRating]</texture>
                    </control>
                    <control type="image">
                        <left>645</left>
                        <top>668</top>
                        <width>300</width>
                        <height>120</height>
                        <colordiffuse>grey3</colordiffuse>
                        <aspectratio align="right">keep</aspectratio>
                        <texture background="true" fallback="Horizonzv.png">$VAR[MovieStudioLogoVar]$INFO[ListItem.Studio,,.png]</texture>
                    </control>
                </control>
            </control>
            <control type="group"> <!-- Episodes -->
                <visible>Container.Content(Episodes)</visible>
                <control type="image">
                    <include>openclosevisible</include>
                    <left>38</left>
                    <top>112</top>
                    <width>930</width>
                    <height>165</height>
                    <aspectratio>keep</aspectratio>
                    <texture background="true">$VAR[BannerVAR]</texture>
                    <bordertexture border="10">ThumbShadowWhite.png</bordertexture>
                    <bordersize>7</bordersize>
					<visible>Skin.HasSetting(EnableExtendedArt)</visible>
                </control>
                <control type="group">
                    <left>1065</left>
                    <top>345</top>
                    <control type="image">
                        <left>0</left>
                        <top>0</top>
                        <width>795</width>
                        <height>315</height>
                        <aspectratio>keep</aspectratio>
                        <texture>$VAR[PosterThumb]</texture>
                        <bordertexture border="8">ThumbShadow.png</bordertexture>
                        <bordersize>8</bordersize>
                    </control>
                    <control type="label">
                        <description>INFO txt</description>
                        <left>15</left>
                        <top>322</top>
                        <width>765</width>
                        <height>45</height>
                        <label>$INFO[ListItem.Season,[COLOR=grey3] $LOCALIZE[20373] :[/COLOR] ] $INFO[ListItem.episode,[COLOR=grey3] $LOCALIZE[20359] :[/COLOR] ] $INFO[ListItem.premiered,[COLOR=grey3] $LOCALIZE[31322] :[/COLOR] ]</label>
                        <align>center</align>
                        <aligny>center</aligny>
                        <textcolor>black</textcolor>
                        <shadowcolor>grey1</shadowcolor>
                        <wrapmultiline>true</wrapmultiline>
                    </control>
                    <control type="image">
                        <left>0</left>
                        <top>376</top>
                        <width>795</width>
                        <height>3</height>
                        <colordiffuse>fanartdiffuse</colordiffuse>
                        <texture background="true" border="1">Separator1.png</texture>
                    </control>
                    <control type="textbox">
                        <description>Description Value for TVShows</description>
                        <left>0</left>
                        <top>390</top>
                        <width>795</width>
                        <height>240</height>
                        <include condition="!Skin.HasSetting(BigPlotText)">PlotText16Var</include>
                        <include condition="Skin.HasSetting(BigPlotText)">PlotTextBigVar</include>
                        <textcolor>black</textcolor>
                        <shadowcolor>grey1</shadowcolor>
                        <label>$INFO[ListItem.Plot]</label>
                    </control>
                </control>
            </control>
            <control type="group"> <!-- Seasons -->
                <visible>Container.Content(Seasons)</visible>
                <control type="image">
                    <include>openclosevisible</include>
                    <left>38</left>
                    <top>112</top>
                    <width>930</width>
                    <height>165</height>
                    <aspectratio>keep</aspectratio>
                    <texture background="true">$VAR[BannerVAR]</texture>
                    <bordertexture border="10">ThumbShadowWhite.png</bordertexture>
                    <bordersize>7</bordersize>
                </control>
                <control type="group">
                    <left>660</left>
                    <top>360</top>
                    <control type="textbox">
                        <description>Description Value for Seasons</description>
                        <left>405</left>
                        <top>0</top>
                        <width>795</width>
                        <height>532</height>
						<include condition="!Skin.HasSetting(BigPlotText)">PlotText16Var</include>
						<include condition="Skin.HasSetting(BigPlotText)">PlotTextBigVar</include>
                        <textcolor>black</textcolor>
                        <shadowcolor>grey1</shadowcolor>
                        <label>$INFO[Container.ShowPlot]</label>
                    </control>
                    <control type="image">
                        <left>405</left>
                        <top>555</top>
                        <width>795</width>
                        <height>3</height>
                        <colordiffuse>fanartdiffuse</colordiffuse>
                        <texture background="true" border="1">Separator1.png</texture>
                    </control>
                    <control type="label">
                        <description>Watched Count</description>
                        <left>405</left>
                        <top>576</top>
                        <width>615</width>
                        <height>38</height>
                        <label>$LOCALIZE[20360]: [COLOR=black]$INFO[ListItem.Property(WatchedEpisodes)]$INFO[ListItem.Property(TotalEpisodes), / ,][/COLOR]</label>
                        <align>left</align>
                        <aligny>center</aligny>
                        <textcolor>grey3</textcolor>
                        <shadowcolor>grey1</shadowcolor>
                    </control>
                </control>
            </control>
            <control type="group"> <!-- Movies -->
                <visible>Container.Content(Movies)|Container.Content(Sets)|Container.Content(musicvideos)</visible>
                <visible>!ListItem.IsParentFolder</visible>
                <control type="group">
                    <control type="image">
                        <include>openclosevisible</include>
                        <left>38</left>
                        <top>112</top>
                        <width>930</width>
                        <height>165</height>
                        <aspectratio>keep</aspectratio>
                        <texture background="true">$VAR[BannerVAR]</texture>
                        <bordertexture border="10">ThumbShadowWhite.png</bordertexture>
                        <bordersize>7</bordersize>
                        <visible>!ListItem.IsCollection</visible>
                    </control>
                    <control type="group">
                        <left>1050</left>
                        <top>638</top>
                        <visible>![Container.Content(Sets)|ListItem.IsCollection]|!String.IsEmpty(ListItem.Plot)</visible>
                        <control type="image">
                            <!-- <visible>Skin.HasSetting(fsk_original)|Skin.HasSetting(fsk_dual)</visible> -->
                            <include>openclosevisible</include>
                            <left>0</left>
                            <top>278</top>
                            <width>225</width>
                            <height>60</height>
                            <aspectratio align="left" aligny="bottom">keep</aspectratio>
                            <texture background="true">$VAR[Furniture_VideoRating]</texture>
                        </control>
                        <control type="image">
                            <left>240</left>
                            <top>270</top>
                            <width>105</width>
                            <height>82</height>
                            <colordiffuse>black</colordiffuse>
                            <aspectratio align="right" aligny="center">keep</aspectratio>
                            <texture background="true" fallback="Horizonzv.png">$VAR[MovieStudioLogoVar]$INFO[ListItem.Studio,,.png]</texture>
                        </control>
                    </control>
                    <control type="label">
                        <include>openclosevisible</include>
                        <left>90</left>
                        <top>188</top>
                        <width>1800</width>
                        <height>75</height>
                        <align>right</align>
                        <font>impacted54</font>
                        <textcolor>grey1</textcolor>
                        <label>$LOCALIZE[20457]</label>
                        <visible>Container.Content(Sets)|ListItem.IsCollection</visible>
                        <visible>!Integer.IsGreater(Container(2000).NumItems,8)+String.IsEmpty(Control.GetLabel(50301))</visible>
                    </control>
                </control>
                <control type="group">
                    <visible>!ListItem.IsParentFolder</visible>
                    <animation effect="slide" start="0" end="240,30" time="200" condition="String.IsEmpty(ListItem.Plot)+[Container.Content(Sets)|ListItem.IsCollection]">Conditional</animation>
                    <left>1020</left>
                    <top>338</top>
                    <control type="group">
                        <left>18</left>
                        <top>38</top>
                        <visible>!Skin.HasSetting(hideMovieCases)</visible>
                        <control type="image">
                            <description>case by resolution</description>
                            <left>38</left>
                            <top>4</top>
                            <width>321</width>
                            <height>494</height>
                            <texture background="true" diffuse="clear-cases/clearcase_inlay.png" fallback="FallbackCover.png">$VAR[PosterThumb]</texture>
                            <aspectratio>stretch</aspectratio>
                        </control>
                        <control type="image">
                            <description>case by resolution</description>
                            <left>0</left>
                            <top>0</top>
                            <width>360</width>
                            <height>502</height>
                            <texture background="true" fallback="clear-cases/fallback.png">$VAR[clearcase]</texture>
                        </control>
                    </control>
                    <control type="image">
                        <include>openclosevisible</include>
                        <visible>Skin.HasSetting(hideMovieCases)</visible>
                        <left>0</left>
                        <top>22</top>
                        <width>390</width>
                        <height>532</height>
                        <aspectratio>keep</aspectratio>
                        <texture background="true">$VAR[PosterThumb]</texture>
                        <bordertexture border="10">ThumbShadow.png</bordertexture>
                        <bordersize>7</bordersize>
                    </control>
                    <control type="textbox">
                        <description>Description Value for Movie</description>
                        <include>openclosevisible</include>
                        <left>405</left>
                        <top>22</top>
                        <width>450</width>
                        <height>600</height>
                        <include condition="!Skin.HasSetting(BigPlotText)">PlotText16Var</include>
                        <include condition="Skin.HasSetting(BigPlotText)">PlotTextBigVar</include>
                        <textcolor>black</textcolor>
                        <shadowcolor>grey1</shadowcolor>
                        <label>$INFO[ListItem.Plot]</label>
                    </control>
                </control>
            </control>
            <control type="group">
                <!-- other -->
                <visible>![Container.Content(Movies)|Container.Content(Sets)|Container.Content(musicvideos)
				|Container.Content(Seasons)|Container.Content(Episodes)|Container.Content(TVShows)]</visible>
                <visible>!ListItem.IsParentFolder</visible>
                <control type="image">
                    <left>1305</left>
                    <top>525</top>
                    <width>300</width>
                    <height>300</height>
                    <texture>$INFO[ListItem.Icon]</texture>
                </control>
            </control>
            <control type="group">
                <!-- Flagging -->
                <visible>Container.Content(Movies)|Container.Content(Sets)|Container.Content(Episodes)|Container.Content(musicvideos)</visible>
                <left>10</left>
                <top>990</top>
                <control type="grouplist">
                    <left>0</left>
                    <top>30</top>
                    <width>1400</width>
                    <height>45</height>
                    <itemgap>12</itemgap>
                    <align>left</align>
                    <orientation>horizontal</orientation>
                    <include>FlagVideo</include>
                    <include>FlagVideoAudioStream1</include>
                    <include>FlagVideoAudioStream2</include>
                    <include>FlagVideoSubtitles</include>
                </control>
            </control>
            <include condition="!Skin.HasSetting(HideJumpSMSBar)">AlphaBarV</include>
        </control>
    </include>
</includes>
