<?xml version="1.0" encoding="UTF-8"?>
<includes>
    <include name="RightList">
        <include>openclose</include>
        <control type="group">
            <control type="button" id="444">
                <enable>false</enable>
                <include>HiddenButton</include>
                <visible>Control.IsVisible(721)+!Control.HasFocus(666)</visible>
            </control>
            <include>openclosevisible</include>
            <visible>Control.IsVisible(721)+!Control.HasFocus(666)</visible>
            <include>BlackGrunge</include>
        </control>
        <control type="group">
            <left>1065</left>
            <top>0</top>
            <include>opencloseslideleft</include>
            <visible>Control.IsVisible(721)+!Control.HasFocus(666)</visible>
            <animation effect="slide" end="-15,0" time="300" condition="Control.HasFocus(60)">Conditional</animation>
            <control type="image">
                <left>0</left>
                <top>-8</top>
                <width>840</width>
                <height>1095</height>
                <colordiffuse>grey2</colordiffuse>
                <texture background="true">Underlay2.png</texture>
            </control>
            <control type="image">
                <left>22</left>
                <top>982</top>
                <width>795</width>
                <height>3</height>
                <colordiffuse>fanartdiffuse</colordiffuse>
                <texture background="true" border="1">Separator1.png</texture>
            </control>
            <control type="list" id="721">
                <left>0</left>
                <top>105</top>
                <width>840</width>
                <height>861</height>
                <onleft condition="!Control.IsVisible(2000)">9000</onleft>
                <onleft condition="Control.IsVisible(2000)">2000</onleft>
                <onright condition="Control.IsVisible(60)">60</onright>
                <onright condition="Control.IsVisible(15000)">15000</onright>
                <onright condition="!Control.IsVisible(15000)">732</onright>
                <onup>721</onup>
                <ondown>721</ondown>
                <viewtype label="RightList">list</viewtype>
                <pagecontrol>60</pagecontrol>
                <scrolltime>200</scrolltime>
                <visible>Container.Content(Sets)|Container.Content(Musicvideos)|Container.Content(Movies)|Container.Content(TVShows)|Container.Content(Episodes)|Container.Content(Seasons)</visible>
                <itemlayout width="840" height="52">
                    <control type="label">
                        <left>30</left>
                        <width>750</width>
                        <height>66</height>
                        <align>left</align>
                        <textcolor>white</textcolor>
                        <shadowcolor/>
                        <label>$VAR[OriginalTitle]</label>
                    </control>
                    <control type="label">
                        <left>15</left>
                        <top>12</top>
                        <width>750</width>
                        <align>right</align>
                        <font>font16</font>
                        <textcolor>grey</textcolor>
                        <shadowcolor/>
                        <label>$INFO[ListItem.Label2,- ]</label>
                        <visible>!String.StartsWith(ListItem.FolderPath,videodb://movies/sets)</visible>
                    </control>
                    <control type="label">
                        <left>15</left>
                        <top>12</top>
                        <width>750</width>
                        <align>right</align>
                        <font>font16</font>
                        <textcolor>grey</textcolor>
                        <shadowcolor/>
                        <label>$INFO[ListItem.Year]</label>
                        <visible>String.StartsWith(ListItem.FolderPath,videodb://movies/sets)|Container.Content(Sets)</visible>
                    </control>
                    <control type="image">
                        <left>780</left>
                        <top>18</top>
                        <width>38</width>
                        <height>30</height>
                        <texture background="true">$INFO[ListItem.Overlay]</texture>
                        <visible>!ListItem.IsResumable</visible>
                    </control>
                    <control type="image">
                        <left>780</left>
                        <top>18</top>
                        <width>30</width>
                        <height>30</height>
                        <texture background="true">OverlayWatching.png</texture>
                        <visible>ListItem.IsResumable</visible>
                    </control>
                </itemlayout>
                <focusedlayout width="840" height="75">
                    <control type="group">
                        <include>focuseffect</include>
                        <control type="image">
                            <left>0</left>
                            <top>10</top>
                            <width>840</width>
                            <height>75</height>
                            <texture border="5">buttons/ButtonFO.png</texture>
                            <visible>Control.HasFocus(721)</visible>
                        </control>
                        <control type="image">
                            <left>0</left>
                            <top>10</top>
                            <width>840</width>
                            <height>75</height>
                            <colordiffuse>fanartdiffuse</colordiffuse>
                            <texture border="5">buttons/ButtonFO.png</texture>
                            <visible>!Control.HasFocus(721)</visible>
                        </control>
                        <control type="label">
                            <left>30</left>
                            <width>750</width>
                            <height>66</height>
                            <align>left</align>
                            <textcolor>black</textcolor>
                            <selectedcolor>$VAR[SelectedColor]</selectedcolor>
                            <label>$VAR[OriginalTitle]</label>
                        </control>
                        <control type="label">
                            <left>15</left>
                            <top>12</top>
                            <width>750</width>
                            <align>right</align>
                            <font>font16</font>
                            <textcolor>black</textcolor>
                            <selectedcolor>$VAR[SelectedColor]</selectedcolor>
                            <label>$INFO[ListItem.Label2,- ]</label>
                            <visible>!ListItem.IsCollection</visible>
                        </control>
                        <control type="label">
                            <left>15</left>
                            <top>12</top>
                            <width>750</width>
                            <align>right</align>
                            <font>font16</font>
                            <textcolor>black</textcolor>
                            <selectedcolor>$VAR[SelectedColor]</selectedcolor>
                            <shadowcolor/>
                            <label>$INFO[ListItem.Year]</label>
                            <visible>ListItem.IsCollection|Container.Content(Sets)</visible>
                        </control>
                        <control type="label">
                            <left>30</left>
                            <top>50</top>
                            <width>780</width>
                            <height>33</height>
                            <align>left</align>
                            <font>font16</font>
                            <textcolor>grey3</textcolor>
                            <selectedcolor>grey3</selectedcolor>
                            <shadowcolor/>
                            <label>$INFO[ListItem.Duration,, $LOCALIZE[12391]|]$INFO[ListItem.Genre,,]</label>
                        </control>
                        <control type="image">
                            <left>780</left>
                            <top>18</top>
                            <width>38</width>
                            <height>30</height>
                            <texture background="true">$INFO[ListItem.Overlay]</texture>
                            <visible>!ListItem.IsResumable</visible>
                        </control>
                        <control type="image">
                            <left>780</left>
                            <top>18</top>
                            <width>30</width>
                            <height>30</height>
                            <texture background="true">OverlayWatching.png</texture>
                            <visible>ListItem.IsResumable</visible>
                        </control>
                    </control>
                </focusedlayout>
            </control>
        </control>
        <control type="scrollbar" id="60">
            <animation effect="slide" end="-30,0" time="300">Focus</animation>
            <left>1926</left>
            <top>105</top>
            <height>870</height>
            <onleft>721</onleft>
            <onright condition="Control.IsVisible(15000)">15000</onright>
            <onright condition="!Control.IsVisible(15000)">732</onright>
            <showonepage>false</showonepage>
            <orientation>vertical</orientation>
            <visible>Control.IsVisible(721)+!Control.HasFocus(666)</visible>
        </control>
        <control type="group">
            <!-- Set Information -->
            <visible>Control.IsVisible(721)+!Control.HasFocus(666)</visible>
			<visible>ListItem.IsCollection</visible>
			<include>openclosevisible</include>
            <control type="grouplist">
                <left>30</left>
                <top>435</top>
                <width>1140</width>
                <height>135</height>
                <itemgap>8</itemgap>
                <include>openclosevisible</include>
                <control type="group">
                    <animation effect="zoom" end="88" condition="true">Conditional</animation>
                    <left>30</left>
                    <top>90</top>
                    <include>MovieSetInformationCover</include>
                </control>
            </control>
            <control type="label">
                <left>0</left>
                <top>990</top>
                <width>1920</width>
                <height>75</height>
                <align>center</align>
                <textcolor>grey1</textcolor>
                <font>impacted21</font>
                <label>$LOCALIZE[20161]$INFO[Container(2000).NumItems,: [COLOR=white],[/COLOR]]</label>
            </control>
        </control>
        <control type="group">
			<visible>!ListItem.IsParentFolder</visible>
			<include>openclosevisible</include>
            <include>opencloseslideright</include>
            <visible>Control.IsVisible(721)+!Control.HasFocus(666)</visible>
            <control type="group">
                <left>0</left>
                <top>0</top>
                <control type="image">
                    <left>352</left>
                    <top>578</top>
                    <width>3</width>
                    <height>390</height>
                    <colordiffuse>fanartdiffuse</colordiffuse>
                    <texture background="true" border="1">Separator4.png</texture>
                </control>
                <control type="image">
                    <left>22</left>
                    <top>562</top>
                    <width>1020</width>
                    <height>3</height>
                    <colordiffuse>fanartdiffuse</colordiffuse>
                    <texture background="true" border="1">Separator1.png</texture>
                </control>
                <control type="image">
                    <left>22</left>
                    <top>982</top>
                    <width>1020</width>
                    <height>3</height>
                    <colordiffuse>fanartdiffuse</colordiffuse>
                    <texture background="true" border="1">Separator1.png</texture>
                </control>
                <control type="label">
                    <left>30</left>
                    <top>530</top>
                    <width>525</width>
                    <height>30</height>
                    <textcolor>grey</textcolor>
                    <label>$LOCALIZE[572]: $INFO[ListItem.Studio]</label>
                    <visible>!String.IsEmpty(ListItem.Studio)</visible>
                </control>
                <control type="label">
                    <left>555</left>
                    <top>530</top>
                    <width>300</width>
                    <height>30</height>
                    <align>right</align>
                    <textcolor>grey</textcolor>
                    <label>$INFO[ListItem.Votes ,, $LOCALIZE[205] ]</label>
					<visible>!ListItem.IsCollection</visible>
                </control>
                <control type="group">
                    <include>openclosevisible</include>
                    <visible>Skin.HasSetting(RightListPlot)+!String.IsEmpty(ListItem.Plot)</visible>
                    <control type="image">
                        <left>22</left>
                        <top>520</top>
                        <width>1020</width>
                        <height>3</height>
                        <colordiffuse>fanartdiffuse</colordiffuse>
                        <texture background="true" border="1">Separator1.png</texture>
						<animation effect="slide" end="0,-95" time="0" condition="ListItem.IsCollection">Conditional</animation>
                    </control>
                    <control type="textbox">
                        <left>30</left>
                        <top>105</top>
                        <width>1005</width>
                        <height>390</height>
                        <shadowcolor>black</shadowcolor>
                        <include condition="!Skin.HasSetting(BigPlotText)">PlotText16Var</include>
                        <include condition="Skin.HasSetting(BigPlotText)">PlotTextBigVar</include>
                        <label fallback="195">$INFO[ListItem.Plot]</label>
						<visible>!ListItem.IsCollection</visible>
                    </control>
                    <control type="textbox">
                        <left>30</left>
                        <top>105</top>
                        <width>1005</width>
                        <height>310</height>
                        <shadowcolor>black</shadowcolor>
                        <include condition="!Skin.HasSetting(BigPlotText)">PlotText16Var</include>
                        <include condition="Skin.HasSetting(BigPlotText)">PlotTextBigVar</include>
                        <label fallback="195">$INFO[ListItem.Plot]</label>
						<visible>ListItem.IsCollection</visible>
                    </control>
                </control>
            </control>
			<control type="group">
				<left>0</left>
				<top>580</top>
				<control type="group">
					<left>30</left>
					<top>-3</top>
					<visible>!Skin.HasSetting(hideMovieCases)</visible>
					<control type="image">
						<description>case by resolution</description>
						<left>33</left>
						<top>4</top>
						<width>267</width>
						<height>381</height>
						<texture background="true" diffuse="clear-cases/clearcase_inlay.png" fallback="FallbackCover.png">$VAR[PosterThumb]</texture>
						<aspectratio>stretch</aspectratio>
						<visible>!Container.Content(Episodes)</visible>
					</control>
					<control type="image">
						<description>case by resolution</description>
						<left>33</left>
						<top>4</top>
						<width>267</width>
						<height>381</height>
						<texture background="true" diffuse="clear-cases/clearcase_inlay.png" fallback="FallbackCover.png">$INFO[ListItem.Art(tvshow.poster)]</texture>
						<aspectratio>stretch</aspectratio>
						<visible>Container.Content(Episodes)</visible>
					</control>
					<control type="image">
						<description>case by resolution</description>
						<left>0</left>
						<top>0</top>
						<width>303</width>
						<height>390</height>
						<texture background="true" fallback="clear-cases/fallback.png">$VAR[clearcase]</texture>
					</control>
				</control>
				<control type="group">
					<visible>Skin.HasSetting(hideMovieCases)</visible>
					<control type="image">
						<description>Movie cover image</description>
						<left>48</left>
						<top>0</top>
						<width>285</width>
						<height>390</height>
						<texture background="true" fallback="FallbackCover.png">$VAR[PosterThumb]</texture>
						<aspectratio>stretch</aspectratio>
						<bordertexture border="5">buttons/ButtonNF.png</bordertexture>
						<bordersize>4</bordersize>
						<visible>!Container.Content(Episodes)|String.IsEmpty(ListItem.Art(tvshow.poster))</visible>
					</control>
					<control type="image">
						<description>Movie cover image</description>
						<left>48</left>
						<top>0</top>
						<width>285</width>
						<height>390</height>
						<texture background="true" diffuse="clear-cases/clearcase_inlay.png" fallback="FallbackCover.png">$INFO[ListItem.Art(tvshow.poster)]</texture>
						<aspectratio>stretch</aspectratio>
						<visible>Container.Content(Episodes)+!String.IsEmpty(ListItem.FileExtension)</visible>
					</control>
				</control>
			</control>
            <control type="group">
                <left>338</left>
                <top>548</top>
				<visible>!ListItem.IsParentFolder</visible>
                <control type="group">
                    <control type="group">
                        <visible>!Container.Content(episodes)</visible>
                        <control type="group">
                            <control type="image" id="700">
                                <!-- <visible>[Container.Content(movies)+Skin.HasSetting(EnableExtendedArt)]|[!Container.Content(movies)+Skin.HasSetting(EnableExtendedArt)]</visible> -->
                                <visible>Skin.HasSetting(EnableExtendedArt)</visible>
                                <left>38</left>
                                <top>34</top>
                                <width>645</width>
                                <height>387</height>
                                <aspectratio align="center" aligny="center">keep</aspectratio>
                                <texture background="true">$VAR[extraart_listitem_rule]</texture>
                                <bordertexture border="5">buttons/ButtonNF.png</bordertexture>
                                <bordersize>4</bordersize>
                            </control>
                            <control type="image" id="703">
                                <visible>String.IsEmpty(Control.GetLabel(700))+!Container.Content(musicvideos)</visible>
                                <left>38</left>
                                <top>34</top>
                                <width>645</width>
                                <height>387</height>
                                <aspectratio align="center" aligny="center">scale</aspectratio>
                                <texture background="true">special://skin/backgrounds/mediaoverlaywhite.jpg</texture>
                                <bordertexture border="5">buttons/ButtonNF.png</bordertexture>
                                <bordersize>4</bordersize>
                            </control>
                        </control>
                    </control>
                    <control type="image" id="704">
                        <visible>Container.Content(episodes)</visible>
                        <left>38</left>
                        <top>34</top>
                        <width>645</width>
                        <height>387</height>
                        <aspectratio align="center" aligny="center">scale</aspectratio>
                        <texture background="true" fallback="FallbackCover.png">$INFO[ListItem.Icon]</texture>
                        <bordertexture border="5">buttons/ButtonNF.png</bordertexture>
                        <bordersize>4</bordersize>
                    </control>
                    <control type="image">
                        <description>Rated</description>
                        <left>525</left>
                        <top>-18</top>
                        <width>180</width>
                        <height>30</height>
                        <texture background="true">$INFO[ListItem.Rating,leftratingvideo/,.png]</texture>
                        <visible>!ListItem.IsCollection</visible>
                    </control>
                    <control type="image">
                        <!-- <visible>Skin.HasSetting(fsk_original)|Skin.HasSetting(fsk_dual)</visible> -->
                        <left>750</left>
                        <top>453</top>
                        <width>225</width>
                        <height>60</height>
                        <aspectratio align="left" aligny="bottom">keep</aspectratio>
                        <texture background="true">$VAR[Furniture_VideoRating]</texture>
                    </control>
                </control>
            </control>
        </control>
        <control type="group">
            <include>opencloseslideup</include>
            <visible>Control.IsVisible(721)+!Control.HasFocus(666)</visible>
            <include>CommonPageCount</include>
            <control type="group">
                <left>22</left>
                <top>982</top>
                <control type="grouplist">
                    <left>8</left>
                    <top>30</top>
                    <width>975</width>
                    <height>45</height>
                    <itemgap>12</itemgap>
                    <align>left</align>
                    <scrolltime tween="sine" easing="out">200</scrolltime>
                    <orientation>horizontal</orientation>
                    <include>FlagVideo</include>
                    <include>FlagVideoAudioStream1</include>
                </control>
            </control>
        </control>
        <control type="group">
            <visible>Control.IsVisible(721)+!Control.HasFocus(666)</visible>
            <include condition="!Skin.HasSetting(HideJumpSMSBar)">AlphaBarV</include>
        </control>
    </include>
</includes>
