<?xml version="1.0" encoding="UTF-8"?>
<includes>
    <variable name="Panel3Content">
        <value condition="[String.StartsWith(ListItem.FolderPath,videodb://movies/genres)|String.StartsWith(ListItem.FolderPath,library://video/movies/genres)]+[String.IsEqual(Container.FolderPath,videodb://movies/)|String.IsEqual(Container.FolderPath,videodb://movies/genres/)]">videodb://movies/genres/$INFO[Container(303).ListItem.DBID]</value>
        <value condition="String.StartsWith(ListItem.FolderPath,videodb://movies/years)|String.StartsWith(ListItem.FolderPath,library://video/movies/years)">videodb://movies/years/$INFO[Container(303).ListItem.Label]</value>
        <value condition="String.StartsWith(ListItem.FolderPath,videodb://movies/actors)|String.StartsWith(ListItem.FolderPath,library://video/movies/actors)">videodb://movies/actors/$INFO[Container(303).ListItem.DBID]</value>
        <value condition="String.StartsWith(ListItem.FolderPath,videodb://movies/directors)|String.StartsWith(ListItem.FolderPath,library://video/movies/directors)">videodb://movies/directors/$INFO[Container(303).ListItem.DBID]</value>
        <value condition="String.StartsWith(ListItem.FolderPath,videodb://movies/studios)">$INFO[ListItem.FolderPath]$INFO[Container(303).ListItem.DBID]</value>
        <value condition="String.StartsWith(ListItem.FolderPath,library://video/movies/studios)">videodb://movies/studios/$INFO[Container(303).ListItem.DBID]</value>
        <value condition="[String.StartsWith(ListItem.FolderPath,videodb://movies/sets)|String.StartsWith(ListItem.FolderPath,library://video/movies/sets)]+[String.IsEqual(Container.FolderPath,videodb://movies/)|String.IsEqual(Container.FolderPath,videodb://movies/sets/)]">$INFO[ListItem.FolderPath]$INFO[Container(303).ListItem.DBID]</value>
        <value condition="[String.StartsWith(ListItem.FolderPath,videodb://movies/countries)|String.StartsWith(ListItem.FolderPath,library://video/movies/country)]+!String.StartsWith(Container.FolderPath,videodb://movies/countries)">videodb://movies/countries/$INFO[Container(303).ListItem.DBID]</value>
        <value condition="String.StartsWith(ListItem.FolderPath,videodb://movies/tags)|String.StartsWith(ListItem.FolderPath,library://video/movies/tags)">videodb://movies/tags/$INFO[Container(303).ListItem.DBID]</value>
        <value condition="String.StartsWith(ListItem.FolderPath,library://video/movies/)+String.Contains(Container(303).ListItem.Label,$LOCALIZE[515])">videodb://movies/genres</value>
        <value condition="String.StartsWith(ListItem.FolderPath,library://video/movies/)+String.Contains(Container(303).ListItem.Label,$LOCALIZE[556])">videodb://movies/titles</value>
        <value condition="String.StartsWith(ListItem.FolderPath,library://video/movies/)+String.Contains(Container(303).ListItem.Label,$LOCALIZE[562])">videodb://movies/years</value>
        <value condition="String.StartsWith(ListItem.FolderPath,library://video/movies/)+String.Contains(Container(303).ListItem.Label,$LOCALIZE[20337])">videodb://movies/actors</value>
        <value condition="String.StartsWith(ListItem.FolderPath,library://video/movies/)+String.Contains(Container(303).ListItem.Label,$LOCALIZE[20348])">videodb://movies/directors</value>
        <value condition="String.StartsWith(ListItem.FolderPath,library://video/movies/)+String.Contains(Container(303).ListItem.Label,$LOCALIZE[20388])">videodb://movies/studios</value>
        <value condition="String.StartsWith(ListItem.FolderPath,library://video/movies/)+String.Contains(Container(303).ListItem.Label,$LOCALIZE[20434])">videodb://movies/sets</value>
        <value condition="String.StartsWith(ListItem.FolderPath,library://video/movies/)+String.Contains(Container(303).ListItem.Label,$LOCALIZE[20451])">videodb://movies/countries</value>
        <value condition="String.StartsWith(ListItem.FolderPath,library://video/movies/)+String.Contains(Container(303).ListItem.Label,$LOCALIZE[20459])">videodb://movies/tags</value>
        <value condition="String.StartsWith(ListItem.FolderPath,library://video/files)">sources://video/$INFO[Container(303).ListItem.FolderPath]</value>
        <value condition="String.StartsWith(ListItem.FolderPath,library://video/playlists)">special://profile/playlists/video/$INFO[Container(303).ListItem.FileName]</value>
        <!-- Musicvideos -->
        <value condition="String.StartsWith(ListItem.FolderPath,videodb://musicvideos/genres)|String.StartsWith(ListItem.FolderPath,library://video/musicvideos/genres)">videodb://musicvideos/genres/$INFO[Container(303).ListItem.DBID]</value>
        <value condition="String.StartsWith(ListItem.FolderPath,videodb://musicvideos/years)|String.StartsWith(ListItem.FolderPath,library://video/musicvideos/years)">videodb://musicvideos/years/$INFO[Container(303).ListItem.Label]</value>
        <value condition="String.StartsWith(ListItem.FolderPath,videodb://musicvideos/artists)|String.StartsWith(ListItem.FolderPath,library://video/musicvideos/artists)">videodb://musicvideos/artists/$INFO[Container(303).ListItem.DBID]</value>
        <value condition="String.StartsWith(ListItem.FolderPath,videodb://musicvideos/directors)|String.StartsWith(ListItem.FolderPath,library://video/musicvideos/directors)">videodb://musicvideos/directors/$INFO[Container(303).ListItem.DBID]</value>
        <value condition="String.StartsWith(ListItem.FolderPath,videodb://musicvideos/studios)|String.StartsWith(ListItem.FolderPath,library://video/musicvideos/studios)">videodb://musicvideos/studios/$INFO[Container(303).ListItem.DBID]</value>
        <value condition="[String.StartsWith(ListItem.FolderPath,videodb://musicvideos/sets)|String.StartsWith(ListItem.FolderPath,library://video/musicvideos/sets)]+!String.Contains(Container.FolderPath,videodb://musicvideos/countries)">videodb://musicvideos/sets/$INFO[Container(303).ListItem.DBID]</value>
        <value condition="[String.StartsWith(ListItem.FolderPath,videodb://musicvideos/countries)|String.StartsWith(ListItem.FolderPath,library://video/musicvideos/country)]+!String.Contains(Container.FolderPath,videodb://musicvideos/countries)">videodb://musicvideos/countries/$INFO[Container(303).ListItem.DBID]</value>
        <value condition="String.StartsWith(ListItem.FolderPath,videodb://musicvideos/tags)|String.StartsWith(ListItem.FolderPath,library://video/musicvideos/tags)">videodb://musicvideos/tags/$INFO[Container(303).ListItem.DBID]</value>
        <value condition="String.StartsWith(ListItem.FolderPath,library://video/musicvideos/)+String.Contains(Container(303).ListItem.Label,$LOCALIZE[515])">videodb://musicvideos/genres</value>
        <value condition="String.StartsWith(ListItem.FolderPath,library://video/musicvideos/)+String.Contains(Container(303).ListItem.Label,$LOCALIZE[556])">videodb://musicvideos/titles</value>
        <value condition="String.StartsWith(ListItem.FolderPath,library://video/musicvideos/)+String.Contains(Container(303).ListItem.Label,$LOCALIZE[562])">videodb://musicvideos/years</value>
        <value condition="String.StartsWith(ListItem.FolderPath,library://video/musicvideos/)+String.Contains(Container(303).ListItem.Label,$LOCALIZE[133])">videodb://musicvideos/artists</value>
        <value condition="String.StartsWith(ListItem.FolderPath,library://video/musicvideos/)+String.Contains(Container(303).ListItem.Label,$LOCALIZE[132])">videodb://musicvideos/albums</value>
        <value condition="String.StartsWith(ListItem.FolderPath,library://video/musicvideos/)+String.Contains(Container(303).ListItem.Label,$LOCALIZE[20348])">videodb://musicvideos/directors</value>
        <value condition="String.StartsWith(ListItem.FolderPath,library://video/musicvideos/)+String.Contains(Container(303).ListItem.Label,$LOCALIZE[20388])">videodb://musicvideos/studios</value>
        <value condition="String.StartsWith(ListItem.FolderPath,library://video/musicvideos/)+String.Contains(Container(303).ListItem.Label,$LOCALIZE[20451])">videodb://musicvideos/countries</value>
        <value condition="String.StartsWith(ListItem.FolderPath,library://video/musicvideos/)+String.Contains(Container(303).ListItem.Label,$LOCALIZE[20459])">videodb://musicvideos/tags</value>
        <!-- TVShows -->
        <value condition="[String.StartsWith(ListItem.FolderPath,videodb://tvshows/genres)|String.StartsWith(ListItem.FolderPath,library://video/tvshows/genres)]">videodb://tvshows/genres/$INFO[Container(303).ListItem.DBID]</value>
        <value condition="[String.StartsWith(ListItem.FolderPath,videodb://tvshows/title)|String.StartsWith(ListItem.FolderPath,library://video/tvshows/title)]+!Container.Content(tvshows)">videodb://tvshows/titles/$INFO[Container(303).ListItem.DBID]</value>
        <value condition="[String.IsEqual(ListItem.FolderPath,videodb://tvshows/years/)|String.StartsWith(ListItem.FolderPath,library://video/tvshows/years)]">videodb://tvshows/years/$INFO[Container(303).ListItem.Label]/</value>
        <value condition="[String.StartsWith(ListItem.FolderPath,videodb://tvshows/actors)|String.StartsWith(ListItem.FolderPath,library://video/tvshows/actors)]">videodb://tvshows/actors/$INFO[Container(303).ListItem.DBID]</value>
        <value condition="[String.StartsWith(ListItem.FolderPath,videodb://tvshows/studios)|String.StartsWith(ListItem.FolderPath,library://video/tvshows/studios)]">videodb://tvshows/studios/$INFO[Container(303).ListItem.DBID]</value>
        <value condition="[String.StartsWith(ListItem.FolderPath,videodb://tvshows/tags)|String.StartsWith(ListItem.FolderPath,library://video/tvshows/tags)]">videodb://tvshows/tags/$INFO[Container(303).ListItem.DBID]</value>
        <value condition="String.StartsWith(ListItem.FolderPath,library://video/tvshows/)+String.Contains(Container(303).ListItem.Label,$LOCALIZE[515])">videodb://tvshows/genres</value>
        <value condition="String.StartsWith(ListItem.FolderPath,library://video/tvshows/)+String.Contains(Container(303).ListItem.Label,$LOCALIZE[556])">videodb://tvshows/titles</value>
        <value condition="String.StartsWith(ListItem.FolderPath,library://video/tvshows/)+String.Contains(Container(303).ListItem.Label,$LOCALIZE[562])">videodb://tvshows/years</value>
        <value condition="String.StartsWith(ListItem.FolderPath,library://video/tvshows/)+String.Contains(Container(303).ListItem.Label,$LOCALIZE[20337])">videodb://tvshows/actors</value>
        <value condition="String.StartsWith(ListItem.FolderPath,library://video/tvshows/)+String.Contains(Container(303).ListItem.Label,$LOCALIZE[20388])">videodb://tvshows/studios</value>
        <value condition="String.StartsWith(ListItem.FolderPath,library://video/tvshows/)+String.Contains(Container(303).ListItem.Label,$LOCALIZE[20459])">videodb://tvshows/tags</value>
    </variable>
    <variable name="Panel3Fanart">
        <value condition="!String.IsEmpty(Container(303).ListItem.Art(fanart))+![Control.HasFocus(600)|Control.HasFocus(80)]">$INFO[Container(303).ListItem.Art(fanart)]</value>
        <value condition="[!String.IsEmpty(Container(600).ListItem.Art(fanart))+[Control.HasFocus(600)|Control.HasFocus(80)]]|[String.IsEmpty(Container(303).ListItem.Art(fanart))+String.IsEmpty(Container(302).ListItem.Art(fanart))]">$INFO[Container(600).ListItem.Art(fanart)]</value>
        <value>$INFO[ListItem.Art(fanart)]</value>
    </variable>
    <variable name="Panel3Cover">
        <value condition="Control.HasFocus(302)+!String.IsEmpty(ListItem.Art(season.poster))">$INFO[ListItem.Art(season.poster)]</value>
        <value condition="Control.HasFocus(302)+String.IsEmpty(ListItem.Art(season.poster))">$INFO[ListItem.Art(poster)]</value>
        <value condition="Control.HasFocus(303)">$INFO[Container(303).ListItem.Art(poster)]</value>
        <value>$INFO[ListItem.Art(poster)]</value>
    </variable>
    <variable name="Panel1Color">
        <value condition="Control.HasFocus(302)|Control.HasFocus(60)">FFFFFFFF</value>
        <value>grey1</value>
    </variable>
    <variable name="Panel2Color">
        <value condition="Control.HasFocus(303)|Control.HasFocus(70)">FFFFFFFF</value>
        <value>grey1</value>
    </variable>
    <variable name="Panel3Color">
        <value condition="Control.HasFocus(600)|Control.HasFocus(80)">FFFFFFFF</value>
        <value>grey1</value>
    </variable>
    <include name="View_302_3Panel">
        <include>openclose</include>
        <control type="image">
            <include>Dimensions_Fullscreen</include>
            <colordiffuse>fanartdiffuse</colordiffuse>
            <texture>WhiteBack.png</texture>
			<visible>Control.IsVisible(302)+!Control.HasFocus(666)</visible>
        </control>
        <control type="group">
            <control type="button" id="444">
                <enable>false</enable>
                <include>HiddenButton</include>
                <visible>Control.IsVisible(302)+!Control.HasFocus(666)</visible>
            </control>
            <visible>Control.IsVisible(302)+!Control.HasFocus(666)</visible>
            <include>opencloseslideup</include>
            <include>MirrorPanel</include>
        </control>
        <control type="group">
            <visible>Control.IsVisible(302)+!Control.HasFocus(666)</visible>
            <include>opencloseslideright</include>
            <control type="group"> <!-- Panel 3 -->
                <left>1170</left>
                <top>75</top>
                <animation type="WindowOpen">
                    <effect type="fade" start="0" end="100" time="300" delay="1500" />
                    <effect type="slide" start="-600" end="0,0" time="500" delay="1500" />
                </animation>
                <animation type="Visible">
                    <effect type="fade" start="0" end="100" time="300" delay="1000" />
                    <effect type="slide" start="-600" end="0,0" time="500" delay="1000" />
                </animation>
                <animation type="Hidden">
                    <effect type="fade" start="100" end="0" time="300" delay="100" />
                    <effect type="slide" start="0" end="-600" time="300" delay="100" />
                </animation>
                <visible>!ListItem.IsParentFolder+!String.EndsWith(ListItem.Label,$LOCALIZE[20462])</visible>
                <visible>Control.IsVisible(302)</visible>
                <control type="image">
                    <left>87</left>
                    <top>879</top>
                    <width>639</width>
                    <height>75</height>
                    <texture border="16">ContentPanelMirror.png</texture>
                </control>
                <control type="image">
                    <left>81</left>
                    <top>20</top>
                    <width>650</width>
                    <height>878</height>
                    <colordiffuse>grey1</colordiffuse>
                    <texture>InlayDark.png</texture>
                </control>
                <control type="image">
                    <left>135</left>
                    <top>48</top>
                    <width>576</width>
                    <height>824</height>
                    <aspectratio align="right">stretch</aspectratio>
                    <colordiffuse>menudiffuse</colordiffuse>
                    <texture background="true" border="8">$VAR[Panel3Cover]</texture>
                    <include>openclosevisible</include>
                    <visible>Skin.HasSetting(ShowCover)</visible>
                </control>
                <control type="image">
                    <left>60</left>
                    <top>50</top>
                    <width>648</width>
                    <height>648</height>
                    <aspectratio>scale</aspectratio>
                    <colordiffuse>menudiffuse</colordiffuse>
                    <texture background="true" border="5" diffuse="ShadowWhiteFlipy.png">$VAR[Panel3Fanart]</texture>
                    <include>openclosevisible</include>
                    <visible>!Skin.HasSetting(ShowCover)</visible>
                </control>
                <control type="image">
                    <left>270</left>
                    <top>240</top>
                    <width>300</width>
                    <height>600</height>
                    <aspectratio aligny="bottom">keep</aspectratio>
                    <texture background="true" diffuse="Shine.png">$INFO[Container(303).ListItem.Icon]</texture>
                    <visible>[Control.HasFocus(303)|Control.HasFocus(70)]+!String.IsEmpty(Container(303).ListItem.Icon)+!Control.IsVisible(600)</visible>
                    <include>openclosevisible</include>
                </control>
                <control type="image">
                    <left>270</left>
                    <top>240</top>
                    <width>300</width>
                    <height>600</height>
                    <aspectratio aligny="bottom">keep</aspectratio>
                    <texture background="true" diffuse="Shine.png">$INFO[Container(302).ListItem.Icon]</texture>
                    <visible>[[Control.HasFocus(302)|Control.HasFocus(60)]+String.IsEmpty(ListItem.Art(poster))+!Control.IsVisible(600)]|String.IsEqual(Container.FolderPath,videodb://tvshows/actors/)|String.IsEqual(Container.FolderPath,videodb://movies/actors/)</visible>
                    <include>openclosevisible</include>
                </control>
				<control type="image">
					<left>162</left>
					<top>532</top>
					<width>525</width>
					<height>330</height>
					<colordiffuse>menudiffuse</colordiffuse>
					<aspectratio aligny="bottom">keep</aspectratio>
					<texture background="true" border="5">$VAR[ClearlogoVAR]</texture>
					<!-- <visible>String.IsEmpty(ListItem.Plot)+[Control.HasFocus(302)|Control.HasFocus(303)|Control.HasFocus(600)]</visible> -->
					<visible>Control.HasFocus(302)|Control.HasFocus(303)|Control.HasFocus(600)</visible>
					<visible>Skin.HasSetting(EnableExtendedArt)</visible>
					<visible>!Skin.HasSetting(ShowCover)</visible>
					<visible>![String.IsEqual(Container.FolderPath,videodb://tvshows/actors/)|String.IsEqual(Container.FolderPath,videodb://movies/actors/)]</visible>
					<include>openclosevisible</include>
				</control>
                <control type="textbox">
                    <left>158</left>
                    <top>68</top>
                    <width>525</width>
                    <height>780</height>
                    <include condition="!Skin.HasSetting(BigPlotText)">PlotText16Var</include>
                    <include condition="Skin.HasSetting(BigPlotText)">PlotTextBigVar</include>
                    <shadowcolor>black</shadowcolor>
                    <label>$VAR[InfoWallTextboxVar]</label>
                    <visible>Container.Content(tvshows)|Container.Content(seasons)|Container.Content(episodes)|Container.Content(sets)|ListItem.IsCollection</visible>
                </control>
                <control type="textbox">
                    <left>158</left>
                    <top>68</top>
                    <width>525</width>
                    <height>780</height>
                    <font>ubuntu-r16b</font>
                    <shadowcolor>black</shadowcolor>
                    <label>$INFO[Container(303).ListItem.AddonDescription]</label>
                    <visible>String.StartsWith(ListItem.FolderPath,library://video/addons)</visible>
                </control>
                <control type="textbox">
                    <left>158</left>
                    <top>68</top>
                    <width>525</width>
                    <height>780</height>
                    <font>ubuntu-r16b</font>
                    <shadowcolor>black</shadowcolor>
                    <label>$INFO[ListItem.AddonDescription]</label>
                    <visible>Container.Content(addons)</visible>
                </control>
            </control>
            <control type="group"> <!-- Panel 2 -->
                <left>585</left>
                <top>60</top>
                <animation type="WindowOpen">
                    <effect type="fade" start="0" end="100" time="300" delay="1000" />
                    <effect type="slide" start="-600" end="0,0" time="500" delay="1000" />
                </animation>
                <animation type="Visible">
                    <effect type="fade" start="0" end="100" time="300" delay="500" />
                    <effect type="slide" start="-600" end="0,0" time="500" delay="500" />
                </animation>
                <animation type="Hidden">
                    <effect type="fade" start="100" end="0" time="300" delay="400" />
                    <effect type="slide" start="0" end="-600" time="300" delay="400" />
                </animation>
                <visible>!ListItem.IsParentFolder+!String.EndsWith(ListItem.Label,$LOCALIZE[20462])</visible>
                <visible>Control.IsVisible(302)</visible>
                <control type="image">
                    <left>72</left>
                    <top>909</top>
                    <width>654</width>
                    <height>75</height>
                    <texture border="16">ContentPanelMirror.png</texture>
                </control>
                <control type="image">
                    <left>66</left>
                    <top>20</top>
                    <width>664</width>
                    <height>908</height>
                    <colordiffuse>$VAR[Panel2Color]</colordiffuse>
                    <texture>InlayDark.png</texture>
                </control>
                <control type="label">
                    <left>150</left>
                    <top>60</top>
                    <width>540</width>
                    <height>45</height>
                    <font>impacted21</font>
                    <align>center</align>
                    <label>$INFO[ListItem.Label]</label>
                    <visible>!Container.Content(episodes)</visible>
                    <include>openclosevisible</include>
                </control>
                <control type="image">
                    <left>138</left>
                    <top>112</top>
                    <width>555</width>
                    <height>3</height>
                    <colordiffuse>fanartdiffuse</colordiffuse>
                    <texture background="true" border="1">Separator1.png</texture>
                    <include>openclosevisible</include>
                </control>
                <control type="grouplist">
                    <left>150</left>
                    <top>135</top>
                    <width>540</width>
                    <height>300</height>
                    <align>left</align>
                    <include>openclosevisible</include>
                    <!-- <visible>!Control.IsVisible(303)</visible> -->
                    <visible>Container.Content(Movies)</visible>
                    <visible>!ListItem.IsParentFolder</visible>
                    <visible>!System.HasAddon(script.skin.info.service)+![ListItem.IsCollection|Container.Content(Sets)|ListItem.IsFolder]</visible>
                    <include>MovieDataList_Content</include>
                </control>
                <control type="image">
                    <left>138</left>
                    <top>450</top>
                    <width>555</width>
                    <height>3</height>
                    <colordiffuse>fanartdiffuse</colordiffuse>
                    <!-- <visible>!Control.IsVisible(303)</visible> -->
                    <texture background="true" border="1">Separator1.png</texture>
                    <include>openclosevisible</include>
                    <visible>!String.IsEmpty(Control.GetLabel(90))</visible>
                    <visible>![Container.Content(TVShows)|Container.Content(seasons)|Container.Content(episodes)|Container.Content(addons)|ListItem.IsFolder]</visible>
                    <visible>!ListItem.IsCollection</visible>
                </control>
                <control type="label">
                    <left>150</left>
                    <top>60</top>
                    <width>540</width>
                    <height>45</height>
                    <font>impacted21</font>
                    <align>center</align>
                    <label>$INFO[ListItem.TVShowTitle]$INFO[ListItem.Season, ($LOCALIZE[20373] ,)]</label>
                    <visible>!String.IsEmpty(ListItem.Label)+!ListItem.IsParentFolder</visible>
                    <visible>Container.Content(episodes)</visible>
                    <include>openclosevisible</include>
                </control>
                <control type="image">
                    <left>160</left>
                    <top>128</top>
                    <width>510</width>
                    <height>315</height>
                    <aspectratio>keep</aspectratio>
                    <texture background="true" border="5">$INFO[ListItem.Icon]</texture>
                    <visible>Container.Content(episodes)</visible>
                    <visible>!ListItem.IsParentFolder+!ListItem.IsFolder</visible>
                    <visible>!String.IsEmpty(ListItem.Icon)</visible>
                    <include>openclosevisible</include>
                </control>
                <control type="group">
                    <left>150</left>
                    <top>480</top>
                    <visible>Container.Content(episodes)</visible>
                    <visible>!ListItem.IsParentFolder</visible>
                    <control type="grouplist">
                        <width>555</width>
                        <height>450</height>
                        <aligny>top</aligny>
                        <control type="label">
                            <width>555</width>
                            <height>30</height>
                            <font>font16</font>
                            <label>[COLOR=grey]$LOCALIZE[2050]: [/COLOR]$INFO[ListItem.Duration] $LOCALIZE[12391] $INFO[ListItem.PercentPlayed,/ , % $LOCALIZE[576]]</label>
                        </control>
                        <control type="label">
                            <width>555</width>
                            <height>30</height>
                            <font>font16</font>
                            <label>[COLOR=grey]$LOCALIZE[515]: [/COLOR]$INFO[ListItem.Genre]</label>
                            <visible>!String.IsEmpty(ListItem.Genre)</visible>
                        </control>
                        <control type="label">
                            <width>555</width>
                            <height>30</height>
                            <font>font16</font>
                            <label>[COLOR=grey]$LOCALIZE[572]: [/COLOR]$INFO[ListItem.Studio]</label>
                        </control>
                        <control type="label">
                            <width>555</width>
                            <height>30</height>
                            <font>font16</font>
                            <label>[COLOR=grey]$LOCALIZE[563]: [/COLOR]$INFO[ListItem.RatingAndVotes]</label>
                        </control>
                        <control type="label">
                            <width>555</width>
                            <height>30</height>
                            <font>font16</font>
                            <label>[COLOR=grey]$LOCALIZE[20074]: [/COLOR]$INFO[ListItem.mpaa]</label>
                        </control>
                        <control type="label">
                            <width>555</width>
                            <height>30</height>
                            <font>font16</font>
                            <label>[COLOR=grey]$LOCALIZE[568]: [/COLOR]$INFO[ListItem.LastPlayed]</label>
                            <visible>!String.IsEmpty(ListItem.LastPlayed)</visible>
                        </control>
                    </control>
                    <control type="group">
                        <left>30</left>
                        <top>240</top>
                        <control type="label">
                            <left>0</left>
                            <top>0</top>
                            <width>555</width>
                            <height>60</height>
                            <align>left</align>
                            <textcolor>grey1</textcolor>
                            <font>menufontimpacted</font>
                            <label>$INFO[ListItem.Season,$LOCALIZE[20373] ,]</label>
                        </control>
                        <control type="label">
                            <left>15</left>
                            <top>60</top>
                            <width>555</width>
                            <height>60</height>
                            <align>left</align>
                            <font>menufontimpacted</font>
                            <shadowcolor>grey3</shadowcolor>
                            <label>$INFO[ListItem.Episode,$LOCALIZE[20452] ,]</label>
                        </control>
                    </control>
                </control>
                <control type="textbox" id="90">
                    <left>154</left>
                    <top>480</top>
                    <width>525</width>
                    <height>375</height>
					<include condition="!Skin.HasSetting(BigPlotText)">PlotText16Var</include>
					<include condition="Skin.HasSetting(BigPlotText)">PlotTextBigVar</include>
                    <shadowcolor>black</shadowcolor>
                    <label>$VAR[InfoWallTextboxVar]</label>
                    <include>openclosevisible</include>
                    <!-- <visible>!Control.IsVisible(303)</visible> -->
                    <visible>![Container.Content(TVShows)|Container.Content(seasons)|Container.Content(episodes)|Container.Content(addons)|ListItem.IsFolder]</visible>
                    <visible>!ListItem.IsCollection</visible>
                </control>
                <control type="group">
                    <left>0</left>
                    <top>30</top>
                    <include>openclosevisible</include>
					<!-- <visible>!String.IsEmpty(ListItem.Label)+!ListItem.IsParentFolder</visible>
                    <visible>!Container.Content(episodes)+Window.IsVisible(videos)</visible> -->
					<visible>!ListItem.IsParentFolder+ListItem.IsFolder</visible>
                    <control type="list" id="303">
                        <left>142</left>
                        <top>90</top>
                        <width>540</width>
                        <height>750</height>
                        <onleft>302</onleft>
                        <onright condition="Control.IsVisible(70)">70</onright>
                        <onright condition="!Control.IsVisible(70)+!String.IsEmpty(Container(600).ListItem.Label)">600</onright>
                        <onright condition="!Control.IsVisible(70)+String.IsEmpty(Container(600).ListItem.Label)">732</onright>
                        <onup>303</onup>
                        <ondown>303</ondown>
                        <viewtype label="3 Panel">panel</viewtype>
                        <pagecontrol>70</pagecontrol>
                        <scrolltime>200</scrolltime>
                        <visible>!String.IsEmpty(ListItem.Label)+!ListItem.IsParentFolder</visible>
                        <itemlayout width="540" height="52">
                            <control type="label">
                                <left>15</left>
                                <width>480</width>
                                <height>66</height>
                                <align>left</align>
                                <textcolor>grey</textcolor>
                                <label>$VAR[OriginalTitle]</label>
                            </control>
                            <control type="image">
                                <left>502</left>
                                <top>18</top>
                                <width>38</width>
                                <height>30</height>
                                <texture background="true">$INFO[ListItem.Overlay]</texture>
                                <visible>!Container(302).ListItem.IsResumable</visible>
                            </control>
                            <control type="image">
                                <left>502</left>
                                <top>18</top>
                                <width>30</width>
                                <height>30</height>
                                <texture background="true">OverlayWatching.png</texture>
                                <visible>Container(302).ListItem.IsResumable</visible>
                            </control>
                        </itemlayout>
                        <focusedlayout width="540" height="52">
                            <control type="image">
                                <left>0</left>
                                <top>6</top>
                                <width>540</width>
                                <height>52</height>
                                <colordiffuse>grey1</colordiffuse>
                                <texture border="5">buttons/ButtonFOlightGlow.png</texture>
                                <visible>Control.HasFocus(303)</visible>
                            </control>
                            <control type="image">
                                <left>0</left>
                                <top>6</top>
                                <width>540</width>
                                <height>52</height>
                                <colordiffuse>grey2</colordiffuse>
                                <texture border="5">buttons/ButtonFOlightGlow.png</texture>
                                <visible>!Control.HasFocus(303)</visible>
                            </control>
                            <control type="label">
                                <left>15</left>
                                <width>480</width>
                                <height>66</height>
                                <align>left</align>
                                <label>$VAR[OriginalTitle]</label>
                            </control>
                            <control type="image">
                                <left>502</left>
                                <top>18</top>
                                <width>38</width>
                                <height>30</height>
                                <texture background="true">$INFO[ListItem.Overlay]</texture>
                                <visible>!Container(302).ListItem.IsResumable</visible>
                            </control>
                            <control type="image">
                                <left>502</left>
                                <top>18</top>
                                <width>30</width>
                                <height>30</height>
                                <texture background="true">OverlayWatching.png</texture>
                                <visible>Container(302).ListItem.IsResumable</visible>
                            </control>
                        </focusedlayout>
                        <content target="videos">$INFO[ListItem.FolderPath]</content>
                    </control>
                    <control type="scrollbar" id="70">
                        <left>687</left>
                        <top>105</top>
                        <height>720</height>
                        <onleft>302</onleft>
                        <onright condition="!String.IsEmpty(Container(600).ListItem.Label)">600</onright>
                        <onright condition="String.IsEmpty(Container(600).ListItem.Label)">732</onright>
                        <showonepage>false</showonepage>
                        <orientation>vertical</orientation>
                    </control>
                </control>
            </control>
            <control type="group">
                <left>-420</left>
                <animation effect="slide" end="30" time="200" condition="Control.HasFocus(60)">Conditional</animation>
                <include>ScrollOffsetLabel</include>
            </control>
            <control type="group"> <!-- Panel 1 -->
                <animation effect="slide" end="30" time="200" condition="Control.HasFocus(60)">Conditional</animation>
                <animation type="WindowOpen">
                    <effect type="fade" start="0" end="100" time="300" />
                    <effect type="slide" start="-600" end="0,0" time="500" />
                </animation>
                <animation type="Visible">
                    <effect type="fade" start="0" end="100" time="300" />
                    <effect type="slide" start="-600" end="0,0" time="500" />
                </animation>
                <visible>Control.IsVisible(302)</visible>
                <control type="group">
                    <left>-15</left>
                    <top>45</top>
                    <control type="image">
                        <left>42</left>
                        <top>939</top>
                        <width>684</width>
                        <height>75</height>
                        <texture border="16">ContentPanelMirror.png</texture>
                    </control>
                    <control type="image">
                        <left>36</left>
                        <top>20</top>
                        <width>694</width>
                        <height>938</height>
                        <colordiffuse>$VAR[Panel1Color]</colordiffuse>
                        <texture>InlayDark.png</texture>
                    </control>
                    <control type="image">
                        <left>36</left>
                        <top>20</top>
                        <width>694</width>
                        <height>938</height>
                        <colordiffuse>$VAR[Panel1Color]</colordiffuse>
                        <texture>InlayDark.png</texture>
                    </control>
                </control>
                <control type="list" id="302">
                    <left>76</left>
                    <top>112</top>
                    <width>585</width>
                    <height>840</height>
                    <onleft condition="Control.IsVisible(60)">60</onleft>
                    <onleft condition="!Control.IsVisible(60)">9000</onleft>
                    <onright condition="!String.IsEmpty(Container(303).ListItem.Label)">303</onright>
                    <onright condition="String.IsEmpty(Container(303).ListItem.Label)">732</onright>
                    <onup>302</onup>
                    <ondown>302</ondown>
                    <viewtype label="3 Panel">panel</viewtype>
                    <pagecontrol>60</pagecontrol>
                    <preloaditems>20</preloaditems>
                    <scrolltime>200</scrolltime>
                    <visible>Container.Content(Sets)|Container.Content(Musicvideos)|Container.Content(Movies)|Container.Content(TVShows)|Container.Content(Episodes)|Container.Content(Seasons)</visible>
                    <itemlayout width="585" height="105">
                        <control type="image">
                            <left>0</left>
                            <top>6</top>
                            <width>585</width>
                            <height>98</height>
                            <aspectratio>keep</aspectratio>
                            <colordiffuse>$VAR[CoverDim]</colordiffuse>
							<texture diffuse="masks/banner_mask.png">$VAR[PosterThumb]</texture>
							<visible>ListItem.IsParentFolder</visible>
                        </control>
                        <control type="image">
                            <left>0</left>
                            <top>6</top>
                            <width>585</width>
                            <height>98</height>
                            <aspectratio>stretch</aspectratio>
                            <colordiffuse>$VAR[CoverDim]</colordiffuse>
                            <texture diffuse="masks/banner_mask.png" fallback="FallbackBanner2.png">$VAR[BannerVAR]</texture>
							<visible>!ListItem.IsParentFolder</visible>
                        </control>
                        <control type="group">
                            <left>0</left>
                            <top>8</top>
                            <include>Amazon_Flagg_Small</include>
                        </control>
                        <control type="group">
                            <left>0</left>
                            <top>8</top>
                            <include>WatchedIcon_Small</include>
                        </control>
                        <control type="group">
                            <left>510</left>
                            <top>27</top>
                            <include>Set_Flagg_Small</include>
                        </control>
                        <control type="image">
                            <left>0</left>
                            <top>6</top>
                            <width>585</width>
                            <height>98</height>
                            <aspectratio>stretch</aspectratio>
                            <colordiffuse>grey3</colordiffuse>
                            <texture border="5">masks/Default.png</texture>
							<!-- <visible>String.IsEmpty(ListItem.Art(banner))|!Skin.HasSetting(EnableExtendedArt)</visible> -->
                        </control>
                        <control type="label">
                            <left>8</left>
                            <top>9</top>
                            <width>570</width>
                            <height>98</height>
                            <align>center</align>
                            <aligny>center</aligny>
                            <textcolor>grey</textcolor>
                            <font>impacted21</font>
                            <shadowcolor>black</shadowcolor>
                            <label>$VAR[OriginalTitle]</label>
							<visible>!ListItem.IsParentFolder</visible>
							<visible>[String.IsEmpty(ListItem.Art(banner))+String.IsEmpty(ListItem.Art(set.banner))+String.IsEmpty(ListItem.Art(tvshow.banner))]|Container.Content(episodes)</visible>
                        </control>
                    </itemlayout>
                    <focusedlayout width="585" height="120">
                        <control type="group">
                            <top>9</top>
                            <animation effect="zoom" start="100" end="105" center="auto" time="150">Focus</animation>
                            <control type="image">
                                <left>0</left>
                                <top>6</top>
                                <width>585</width>
                                <height>98</height>
                                <aspectratio>keep</aspectratio>
								<texture diffuse="masks/banner_mask.png">$VAR[PosterThumb]</texture>
								<visible>ListItem.IsParentFolder</visible>
                            </control>
                            <control type="image">
                                <left>0</left>
                                <top>6</top>
                                <width>585</width>
                                <height>98</height>
                                <aspectratio>stretch</aspectratio>
								<texture diffuse="masks/banner_mask.png" fallback="FallbackBanner2.png">$VAR[BannerVAR]</texture>
								<visible>!ListItem.IsParentFolder</visible>
                            </control>
                            <control type="group">
                                <left>0</left>
                                <top>8</top>
                                <include>Amazon_Flagg_Small_Focus</include>
                            </control>
                            <control type="group">
                                <left>0</left>
                                <top>8</top>
                                <include>WatchedIcon_Focus_Small</include>
                            </control>
                            <control type="group">
                                <left>510</left>
                                <top>27</top>
                                <include>Set_Flagg_Small_Focus</include>
                            </control>
                            <control type="image">
                                <left>0</left>
                                <top>6</top>
                                <width>585</width>
                                <height>98</height>
                                <colordiffuse>fanartdiffuse</colordiffuse>
                                <texture border="5">masks/Default.png</texture>
                                <visible>!Control.HasFocus(302)</visible>
                            </control>
                            <control type="image">
                                <left>0</left>
                                <top>6</top>
                                <width>585</width>
                                <height>98</height>
                                <texture border="5">masks/Default.png</texture>
                                <visible>Control.HasFocus(302)</visible>
                            </control>
                            <control type="label">
                                <left>8</left>
                                <top>9</top>
                                <width>570</width>
                                <height>98</height>
                                <align>center</align>
                                <aligny>center</aligny>
                                <font>impacted21</font>
                                <textcolor>white</textcolor>
                                <shadowcolor>black</shadowcolor>
                                <label>$VAR[OriginalTitle]</label>
								<visible>!ListItem.IsParentFolder</visible>
								<visible>[String.IsEmpty(ListItem.Art(banner))+String.IsEmpty(ListItem.Art(set.banner))+String.IsEmpty(ListItem.Art(tvshow.banner))]|Container.Content(episodes)</visible>
								<!-- <visible>[[String.IsEmpty(ListItem.Art(banner))+String.IsEmpty(ListItem.Art(tvshow.banner))]|Container.Content(episodes)]|[!Skin.HasSetting(EnableExtendedArt)|ListItem.IsParentFolder]</visible> -->
                            </control>
                        </control>
                    </focusedlayout>
                </control>
                <control type="image">
                    <animation effect="slide" end="52" time="200" condition="Control.HasFocus(60)">Conditional</animation>
                    <left>-82</left>
                    <top>-8</top>
                    <height>1095</height>
                    <width>75</width>
                    <colordiffuse>grey1</colordiffuse>
                    <animation effect="fade" end="70" time="0" condition="true">Conditional</animation>
                    <texture>SideFadeWhite.png</texture>
                </control>
                <control type="scrollbar" id="60">
                    <left>-15</left>
                    <top>120</top>
                    <height>832</height>
                    <onleft>9000</onleft>
                    <onright>302</onright>
                    <showonepage>false</showonepage>
                    <orientation>vertical</orientation>
                </control>
            </control>
        </control>
        <control type="group"> <!-- Movie Flagging -->
            <left>30</left>
            <top>1015</top>
            <include>opencloseslideup</include>
            <visible>Control.IsVisible(302)+!Control.HasFocus(666)</visible>
            <visible>!Container.Content(songs)</visible>
            <animation type="Conditional" condition="ControlGroup(9000).HasFocus()|ControlGroup(90000).HasFocus()|ControlGroup(9001).HasFocus()| ControlGroup(9002).HasFocus()">
                <effect type="slide" start="0" end="0,150" time="250" />
            </animation>
            <control type="grouplist">
                <left>0</left>
                <top>0</top>
                <width>1400</width>
                <height>45</height>
                <itemgap>12</itemgap>
                <align>left</align>
                <orientation>horizontal</orientation>
                <include>FlagVideo</include>
                <include>FlagVideoAudioStream1</include>
                <include>FlagVideoAudioStream2</include>
                <include>FlagVideoSubtitles</include>
            </control>
        </control>
        <control type="group">
            <include>opencloseslideup</include>
            <visible>Control.IsVisible(302)+!Control.HasFocus(666)</visible>
            <include>CommonPageCount</include>
            <animation type="Conditional" condition="ControlGroup(9000).HasFocus()|ControlGroup(90000).HasFocus()|ControlGroup(9001).HasFocus()| ControlGroup(9002).HasFocus()">
                <effect type="slide" start="0" end="0,150" time="250" />
            </animation>
        </control>
    </include>
</includes>
