<?xml version="1.0" encoding="UTF-8"?>
<includes>
    <include name="DiscFlow_Music">
        <control type="group">
            <include>openclose</include>
            <include>openclosevisible</include>
            <visible>Control.IsVisible(570)+!Control.HasFocus(666)</visible>
            <include>WhiteGrunge</include>
            <include>VideoGrid</include>
        </control>
        <control type="group">
            <include>openclose</include>
            <include>opencloseslideleft</include>
            <visible>Control.IsVisible(570)+!Control.HasFocus(666)</visible>
            <control type="group">
                <control type="group">
                    <animation effect="rotate" center="auto" start="0" end="7" time="0" condition="true">Conditional</animation>
                    <left>-345</left>
                    <top>165</top>
                    <include>ScrollOffsetLabel</include>
                </control>
                <control type="image">
                    <include>opencloseslideleft</include>
                    <animation effect="rotate" center="auto" start="0" end="360" time="22000" loop="true" condition="true">Conditional</animation>
                    <left>615r</left>
                    <top>465</top>
                    <width>1200</width>
                    <height>1200</height>
                    <texture background="true" fallback="cdart/default_glass.png" diffuse="masks/cdart_mask.png">$INFO[ListItem.Art(discart)]</texture>
                    <visible>Skin.HasSetting(EnableExtendedArt)</visible>
                    <!-- <visible>Container.Content(songs)</visible> -->
                </control>
                <control type="image">
                    <include>opencloseslideleft</include>
                    <animation effect="rotate" center="auto" start="0" end="360" time="22000" loop="true" condition="true">Conditional</animation>
                    <left>615r</left>
                    <top>465</top>
                    <width>1200</width>
                    <height>1200</height>
                    <aspectratio>keep</aspectratio>
                    <texture background="true">cdart/default_glass.png</texture>
                    <visible>!Skin.HasSetting(EnableExtendedArt)</visible>
                </control>
            </control>
        </control>
        <control type="group">
            <include>openclosevisible</include>
            <visible>Control.IsVisible(570)+!Control.HasFocus(666)</visible>
            <control type="image">
                <visible>Skin.HasSetting(EnableExtendedArt)+!String.IsEmpty(Control.GetLabel(5700))</visible>
                <include>openclosevisible</include>
                <left>962</left>
                <top>184</top>
                <width>315</width>
                <height>176</height>
                <texture background="true">Black.png</texture>
            </control>
            <control type="image" id="5700">
                <visible>Skin.HasSetting(EnableExtendedArt)</visible>
                <include>openclosevisible</include>
                <left>969</left>
                <top>192</top>
                <width>300</width>
                <height>160</height>
                <aspectratio>keep</aspectratio>
                <texture background="true" diffuse="masks/flagging_mask.png">$INFO[ListItem.Art(clearlogo)]</texture>
            </control>
        </control>
        <control type="group">
            <visible>Control.IsVisible(570)+!Control.HasFocus(666)</visible>
            <include>opencloseslideright</include>
            <control type="image">
                <left>-8</left>
                <top>-8</top>
                <width>795</width>
                <height>1095</height>
                <texture background="true">DiscFlowPanel.png</texture>
            </control>
            <control type="fixedlist" id="570">
                <left>15</left>
                <top>52</top>
                <width>660</width>
                <height>954</height>
                <onleft>9000</onleft>
                <onright condition="Skin.HasSetting(HideJumpSMSBar)">732</onright>
                <onright condition="!Skin.HasSetting(HideJumpSMSBar)">15000</onright>
                <onup>570</onup>
                <ondown>570</ondown>
                <viewtype label="DiscFlow">fixed</viewtype>
                <focusposition>10</focusposition>
                <preloaditems>2</preloaditems>
                <movement>4</movement>
                <wraparound>true</wraparound>
                <scrolltime tween="Quadratic" easing="out">300</scrolltime>
                <visible>Container.Content(songs)|Container.Content(artists)|Container.Content(Albums)</visible>
                <itemlayout height="45" width="450">
                    <control type="label">
                        <left>0</left>
                        <top>15</top>
                        <width>645</width>
                        <height>45</height>
                        <textoffsetx>9</textoffsetx>
                        <label>$INFO[ListItem.Label]</label>
                    </control>
                </itemlayout>
                <focusedlayout height="75" width="645">
                    <control type="group">
                        <include>focuseffect</include>
                        <control type="image">
                            <left>0</left>
                            <top>15</top>
                            <width>675</width>
                            <height>75</height>
                            <colordiffuse>grey1</colordiffuse>
                            <texture border="5" background="true">buttons/ButtonFOlightGlow.png</texture>
                        </control>
                        <control type="label">
                            <left>0</left>
                            <top>0</top>
                            <width>660</width>
                            <height>75</height>
                            <textoffsetx>9</textoffsetx>
                            <textcolor>white</textcolor>
                            <label>$INFO[ListItem.Label]</label>
                            <scroll>true</scroll>
                        </control>
                        <control type="label">
                            <left>0</left>
                            <top>33</top>
                            <width>660</width>
                            <height>75</height>
                            <font>font12</font>
                            <textoffsetx>9</textoffsetx>
                            <textcolor>focused</textcolor>
                            <label>$VAR[InfoWallBottomLabel1Var]</label>
                            <scroll>true</scroll>
                        </control>
                    </control>
                </focusedlayout>
            </control>
        </control>
        <control type="group">
            <include>openclose</include>
            <include>openclosevisible</include>
            <visible>Control.IsVisible(570)+!Control.HasFocus(666)</visible>
            <control type="group">
                <!-- OnNextFlow -->
                <animation effect="fade" start="100" end="0" time="250" delay="0" reversible="false">Hidden</animation>
                <left>915</left>
                <top>60</top>
                <width>900</width>
                <height>900</height>
                <control type="image">
                    <visible>Container.OnNext</visible>
                    <animation type="Hidden">
                        <effect type="slide" start="0" end="-188,30" time="250" />
                        <effect type="rotate" center="auto" start="0" end="5" time="250" />
                    </animation>
                    <animation effect="rotate" center="auto" start="0" end="5" time="0" condition="true">Conditional</animation>
                    <left>1050</left>
                    <top>105</top>
                    <width>270</width>
                    <height>270</height>
                    <texture background="true" diffuse="masks/mask.png">$INFO[Container(570).ListItem(4).Icon]</texture>
                    <bordertexture border="1">ThumbShadow.png</bordertexture>
                    <bordersize>12</bordersize>
                    <aspectratio>stretch</aspectratio>
                </control>
                <control type="image">
                    <visible>Container.OnNext</visible>
                    <animation type="Hidden">
                        <effect type="slide" start="0" end="-188,30" time="250" />
                        <effect type="rotate" center="auto" start="0" end="10" time="250" />
                    </animation>
                    <animation effect="rotate" center="auto" start="0" end="5" time="0" condition="true">Conditional</animation>
                    <left>862</left>
                    <top>135</top>
                    <width>270</width>
                    <height>270</height>
                    <texture background="true" diffuse="masks/mask.png">$INFO[Container(570).ListItem(3).Icon]</texture>
                    <bordertexture border="1">ThumbShadow.png</bordertexture>
                    <bordersize>12</bordersize>
                    <aspectratio>stretch</aspectratio>
                </control>
                <control type="image">
                    <visible>Container.OnNext</visible>
                    <animation type="Hidden">
                        <effect type="slide" start="0" end="-188,75" time="250" />
                        <effect type="rotate" center="auto" start="0" end="16" time="250" />
                    </animation>
                    <animation effect="rotate" center="auto" start="0" end="15" time="0" condition="true">Conditional</animation>
                    <left>675</left>
                    <top>165</top>
                    <width>270</width>
                    <height>270</height>
                    <texture background="true" diffuse="masks/mask.png">$INFO[Container(570).ListItem(2).Icon]</texture>
                    <bordertexture border="1">ThumbShadow.png</bordertexture>
                    <bordersize>12</bordersize>
                    <aspectratio>stretch</aspectratio>
                </control>
                <control type="image">
                    <visible>Container.OnNext</visible>
                    <animation type="Hidden">
                        <effect type="slide" start="0" end="-150,120" time="250" />
                        <effect type="rotate" center="auto" start="0" end="15" time="250" />
                    </animation>
                    <animation effect="rotate" center="auto" start="0" end="31" time="0" condition="true">Conditional</animation>
                    <left>488</left>
                    <top>240</top>
                    <width>270</width>
                    <height>270</height>
                    <texture background="true" diffuse="masks/mask.png">$INFO[Container(570).ListItem(1).Icon]</texture>
                    <bordertexture border="1">ThumbShadow.png</bordertexture>
                    <bordersize>12</bordersize>
                    <aspectratio>stretch</aspectratio>
                </control>
                <control type="image">
                    <visible>Container.OnNext</visible>
                    <animation effect="slide" start="0" end="-390,375" time="250">Hidden</animation>
                    <animation effect="rotate" center="auto" start="0" end="46" time="0" condition="true">Conditional</animation>
                    <left>338</left>
                    <top>360</top>
                    <width>270</width>
                    <height>270</height>
                    <texture background="true" diffuse="masks/mask.png">$INFO[Container(570).ListItem(0).Icon]</texture>
                    <bordertexture border="1">ThumbShadow.png</bordertexture>
                    <bordersize>12</bordersize>
                    <aspectratio>stretch</aspectratio>
                </control>
            </control>
            <control type="group">
                <animation effect="slide" start="0" end="0,1200" time="500">Hidden</animation>
                <visible>Container.OnNext</visible>
                <left>908</left>
                <top>68</top>
                <control type="image">
                    <left>-112</left>
                    <top>525</top>
                    <width>480</width>
                    <height>480</height>
                    <texture background="true">masks/mask_frame.png</texture>
                </control>
                <control type="image">
                    <left>-90</left>
                    <top>548</top>
                    <width>435</width>
                    <height>435</height>
                    <texture background="true" diffuse="masks/mask.png">$INFO[ListItem(0).Icon]</texture>
                    <aspectratio>stretch</aspectratio>
                </control>
            </control>
            <control type="group">
                <animation effect="slide" start="0,600" end="0,0" time="300">Hidden</animation>
                <visible>Container.OnPrevious</visible>
                <left>908</left>
                <top>68</top>
                <control type="image">
                    <left>-112</left>
                    <top>525</top>
                    <width>480</width>
                    <height>480</height>
                    <texture background="true">masks/mask_frame.png</texture>
                </control>
                <control type="image">
                    <left>-90</left>
                    <top>548</top>
                    <width>435</width>
                    <height>435</height>
                    <texture background="true" diffuse="masks/mask.png">$INFO[ListItem(0).Icon]</texture>
                    <aspectratio>stretch</aspectratio>
                </control>
            </control>
            <control type="group">
                <!-- OnPreviousFlow -->
                <animation effect="fade" start="100" end="0" time="250" delay="0" reversible="false">Hidden</animation>
                <left>915</left>
                <top>60</top>
                <width>900</width>
                <height>900</height>
                <control type="image">
                    <visible>Container.OnPrevious</visible>
                    <animation type="Hidden">
                        <effect type="slide" start="0" end="188,-8" time="250" />
                        <effect type="rotate" center="auto" start="0" end="-10" time="250" />
                    </animation>
                    <animation effect="rotate" center="auto" start="0" end="5" time="0" condition="true">Conditional</animation>
                    <left>862</left>
                    <top>135</top>
                    <width>270</width>
                    <height>270</height>
                    <texture background="true" diffuse="masks/mask.png">$INFO[Container(570).ListItem(5).Icon]</texture>
                    <bordertexture border="1">ThumbShadow.png</bordertexture>
                    <bordersize>12</bordersize>
                    <aspectratio>stretch</aspectratio>
                </control>
                <control type="image">
                    <visible>Container.OnPrevious</visible>
                    <animation type="Hidden">
                        <effect type="slide" start="0" end="188,-30" time="250" />
                        <effect type="rotate" center="auto" start="0" end="-10" time="250" />
                    </animation>
                    <animation effect="rotate" center="auto" start="0" end="15" time="0" condition="true">Conditional</animation>
                    <left>675</left>
                    <top>165</top>
                    <width>270</width>
                    <height>270</height>
                    <texture background="true" diffuse="masks/mask.png">$INFO[Container(570).ListItem(4).Icon]</texture>
                    <bordertexture border="1">ThumbShadow.png</bordertexture>
                    <bordersize>12</bordersize>
                    <aspectratio>stretch</aspectratio>
                </control>
                <control type="image">
                    <visible>Container.OnPrevious</visible>
                    <animation type="Hidden">
                        <effect type="slide" start="0" end="188,-82" time="250" />
                        <effect type="rotate" center="auto" start="0" end="-16" time="250" />
                    </animation>
                    <animation effect="rotate" center="auto" start="0" end="31" time="0" condition="true">Conditional</animation>
                    <left>488</left>
                    <top>240</top>
                    <width>270</width>
                    <height>270</height>
                    <texture background="true" diffuse="masks/mask.png">$INFO[Container(570).ListItem(3).Icon]</texture>
                    <bordertexture border="1">ThumbShadow.png</bordertexture>
                    <bordersize>12</bordersize>
                    <aspectratio>stretch</aspectratio>
                </control>
                <control type="image">
                    <visible>Container.OnPrevious</visible>
                    <animation type="Hidden">
                        <effect type="slide" start="0" end="150,-128" time="250" />
                        <effect type="rotate" center="auto" start="0" end="-15" time="250" />
                    </animation>
                    <animation effect="rotate" center="auto" start="0" end="46" time="0" condition="true">Conditional</animation>
                    <left>338</left>
                    <top>360</top>
                    <width>270</width>
                    <height>270</height>
                    <texture background="true" diffuse="masks/mask.png">$INFO[Container(570).ListItem(2).Icon]</texture>
                    <bordertexture border="1">ThumbShadow.png</bordertexture>
                    <bordersize>12</bordersize>
                    <aspectratio>stretch</aspectratio>
                </control>
                <control type="image">
                    <visible>Container.OnPrevious</visible>
                    <animation effect="slide" start="0" end="338,-225" time="250">Hidden</animation>
                    <animation effect="rotate" center="auto" start="0" end="46" time="0" condition="true">Conditional</animation>
                    <left>0</left>
                    <top>585</top>
                    <width>270</width>
                    <height>270</height>
                    <texture background="true" diffuse="masks/mask.png">$INFO[Container(570).ListItem(1).Icon]</texture>
                    <bordertexture border="1">ThumbShadow.png</bordertexture>
                    <bordersize>12</bordersize>
                    <aspectratio>stretch</aspectratio>
                </control>
            </control>
            <control type="group">
                <!-- OnNextVisible -->
                <animation effect="slide" start="1500" end="0,0" time="500" delay="400" tween="cubic" easing="out" condition="Skin.HasSetting(animation)">WindowOpen</animation>
                <animation effect="slide" start="0,0" end="1500" time="500" tween="cubic" easing="out" condition="Skin.HasSetting(animation)">WindowClose</animation>
                <visible>!Container.OnNext</visible>
                <visible>!Container.OnPrevious</visible>
                <animation effect="fade" start="0" end="100" delay="200" time="20" reversible="false" condition="!Container.OnNext|!Container.OnNext">Visible</animation>
                <left>915</left>
                <top>60</top>
                <control type="image">
                    <animation effect="rotate" center="auto" start="0" end="5" time="0" condition="true">Conditional</animation>
                    <left>862</left>
                    <top>135</top>
                    <width>270</width>
                    <height>270</height>
                    <texture background="true" diffuse="masks/mask.png">$INFO[ListItem(4).Icon]</texture>
                    <bordertexture border="1">ThumbShadow.png</bordertexture>
                    <bordersize>12</bordersize>
                    <aspectratio>stretch</aspectratio>
                </control>
                <control type="image">
                    <animation effect="rotate" center="auto" start="0" end="15" time="0" condition="true">Conditional</animation>
                    <left>675</left>
                    <top>165</top>
                    <width>270</width>
                    <height>270</height>
                    <texture background="true" diffuse="masks/mask.png">$INFO[ListItem(3).Icon]</texture>
                    <bordertexture border="1">ThumbShadow.png</bordertexture>
                    <bordersize>12</bordersize>
                    <aspectratio>stretch</aspectratio>
                </control>
                <control type="image">
                    <animation effect="rotate" center="auto" start="0" end="31" time="0" condition="true">Conditional</animation>
                    <left>488</left>
                    <top>240</top>
                    <width>270</width>
                    <height>270</height>
                    <texture background="true" diffuse="masks/mask.png">$INFO[ListItem(2).Icon]</texture>
                    <bordertexture border="1">ThumbShadow.png</bordertexture>
                    <bordersize>12</bordersize>
                    <aspectratio>stretch</aspectratio>
                </control>
                <control type="image">
                    <animation effect="rotate" center="auto" start="0" end="46" time="0" easing="out" condition="true">Conditional</animation>
                    <left>338</left>
                    <top>360</top>
                    <width>270</width>
                    <height>270</height>
                    <texture background="true" diffuse="masks/mask.png">$INFO[Container(570).ListItem(1).Icon]</texture>
                    <bordertexture border="1">ThumbShadow.png</bordertexture>
                    <bordersize>12</bordersize>
                    <aspectratio>scale</aspectratio>
                </control>
            </control>
            <control type="group">
                <animation effect="slide" start="0,600" end="0,0" time="500" delay="400" tween="cubic" easing="out" condition="Skin.HasSetting(animation)">WindowOpen</animation>
                <animation effect="slide" start="0,0" end="0,600" time="500" tween="cubic" easing="out" condition="Skin.HasSetting(animation)">WindowClose</animation>
                <animation effect="fade" start="0" end="100" delay="210" time="100">Visible</animation>
                <visible>!Container.OnNext+!Container.OnPrevious</visible>
                <left>908</left>
                <top>68</top>
                <control type="image">
                    <left>-112</left>
                    <top>525</top>
                    <width>480</width>
                    <height>480</height>
                    <texture background="true">masks/mask_frame.png</texture>
                </control>
                <control type="image">
                    <left>-90</left>
                    <top>548</top>
                    <width>435</width>
                    <height>435</height>
                    <texture background="true" diffuse="masks/mask.png">$INFO[ListItem(0).Icon]</texture>
                    <aspectratio>stretch</aspectratio>
                </control>
            </control>
            <control type="group">
                <animation effect="zoom" center="1050,750" start="100" end="50" delay="0" time="200" reversible="true" condition="true">Conditions</animation>
                <visible>Container.OnPrevious</visible>
                <left>915</left>
                <top>60</top>
                <control type="image">
                    <left>-112</left>
                    <top>525</top>
                    <width>480</width>
                    <height>480</height>
                    <texture background="true">masks/mask_frame.png</texture>
                </control>
                <control type="image">
                    <left>-90</left>
                    <top>548</top>
                    <width>435</width>
                    <height>435</height>
                    <texture background="true" diffuse="masks/mask.png">$INFO[ListItem(0).Icon]</texture>
                    <aspectratio>stretch</aspectratio>
                </control>
            </control>
        </control>
        <control type="group">
            <include>opencloseslideup</include>
            <visible>!ListItem.IsParentFolder</visible>
            <visible>Control.IsVisible(570)+!Control.HasFocus(666)</visible>
            <control type="group">
                <!-- Flagging -->
                <left>30</left>
                <top>15</top>
                <control type="image">
                    <left>-120</left>
                    <top>990</top>
                    <width>735</width>
                    <height>1</height>
                    <texture background="true">Separator2.png</texture>
                </control>
                <control type="group">
                    <left>0</left>
                    <top>998</top>
                    <control type="grouplist">
                        <left>0</left>
                        <top>6</top>
                        <width>1860</width>
                        <height>120</height>
                        <itemgap>15</itemgap>
                        <align>left</align>
                        <orientation>horizontal</orientation>
                        <include>FlagMusic</include>
                    </control>
                </control>
            </control>
        </control>
        <control type="group">
            <visible>Control.IsVisible(570)+!Control.HasFocus(666)</visible>
            <include condition="!Skin.HasSetting(HideJumpSMSBar)">AlphaBarV</include>
        </control>
    </include>
</includes>
