<?xml version="1.0" encoding="UTF-8" standalone="yes"?>
<addon id="repository.norre" name="Sammlung von Add-ons" version="1.0.2" provider-name="norre">
	<extension point="xbmc.addon.repository" name="NORRE">
		<info compressed="false">https://raw.githubusercontent.com/Arkangel74/norre_kodi/master/addons.xml</info>
		<checksum>https://raw.githubusercontent.com/Arkangel74/norre_kodi/master/addons.xml.md5</checksum>
		<datadir zip="true">https://raw.githubusercontent.com/Arkangel74/norre_kodi/master/</datadir>
	</extension>
	<extension point="xbmc.addon.metadata">
		<summary lang="en">norre Testrepo</summary>
		<summary lang="de">norre Testrepo</summary>
		<description lang="en">erstes Testrepo zum testen von addons</description>
		<description lang="de">erstes Testrepo zum testen von addons</description>
		<disclaimer></disclaimer>
		<platform>all</platform>
	</extension>
</addon>
