<?xml version="1.0" encoding="UTF-8"?>
<addon id="skin.horizonzv" name="Horizonz V (Kodi 18)" version="1.18.1.0" provider-name="blauesgruen">
	<requires>
		<import addon="xbmc.gui" version="5.14.0"/>
		<import addon="script.image.resource.select" version="2.0.1"/>
		<import addon="resource.images.languageflags.colour" version="0.0.4"/>
		<import addon="resource.images.weathericons.outline-hd" version="0.0.3"/>
		<import addon="service.library.data.provider" version="0.3.0"/>
		<import addon="xbmc.python" version="2.26.0"/> <!-- wichtig für kodinerdsrepo -->
	</requires>
	<extension point="xbmc.gui.skin" debugging="false" effectslowdown="0.55">
		<res width="1920" height="1080" aspect="16:9" default="true" folder="1080p" />
	</extension>
	<extension point="xbmc.addon.metadata">
		<platform>all</platform>
		<summary>Skin von blauesgruen</summary>
		<description>Unterstütze Addons:[CR]Auto Completition[CR]Artist Slide Show[CR]Artwork Downloader[CR]CDArt Manager[CR]Extended Info Script[CR]Global Search[CR]Fritz Smart Home (by Birger Jesch)[CR]German Telecast Offers (by Birger Jesch)[CR]KN Switchtimer Service (by Birger Jesch)[CR]Library Node Editor[CR]NewsCenter[CR]Serienplaner[CR]Skinhelper Ping (by _Andy_)[CR].[CR].[CR].</description>
		<disclaimer>ACHTUNG !![CR]Dieser Skin wird ab Kodi 18 Final eine neue ID (Ordner) bekommen.[CR]Somit sind eure Einstellungen wieder auf "default".[CR]Im /userdata/addon_data/ liegt aber ein Ordner mit dem Namen "skin.horizonzv.test".[CR]Entfernt einfach das ".test" und es sollten wieder eure Einstellungen zu sehen sein.[CR][CR]Ursprünglich basierte der Skin auf den Mockups von xb2iris Skin "Horizonz".</disclaimer>
		<platform>all</platform>
		<license>CC BY-SA 4.0, GNU GENERAL PUBLIC LICENSE Version 2.0</license>
        <email></email>
		<forum>http://kodinerds.net/</forum>
		<source>https://github.com/kodinerds/repo/tree/master/skin.horizonz</source>
			<assets>
			   <icon>resources/icon.png</icon>
			   <fanart>resources/fanart.jpg</fanart>
			   <screenshot>resources/screenshot-01.jpg</screenshot>
			   <screenshot>resources/screenshot-02.jpg</screenshot>
			   <screenshot>resources/screenshot-03.jpg</screenshot>
			   <screenshot>resources/screenshot-04.jpg</screenshot>
			   <screenshot>resources/screenshot-05.jpg</screenshot>
			   <screenshot>resources/screenshot-06.jpg</screenshot>
			   <screenshot>resources/screenshot-07.jpg</screenshot>
			   <screenshot>resources/screenshot-08.jpg</screenshot>
		   </assets>
	</extension>
</addon>